{
    "0": {
        "content": "Source document: ../data/platform-docs-versions/TikTok_Research-API/Research API Documentation.md\nParagraph location: \n\tResource URL: https://developers.tiktok.com/doc/about-research-api/\n\nContent: \n# Resource URL: https://developers.tiktok.com/doc/about-research-api/\n",
        "line_start": 0,
        "line_end": 1
    },
    "1": {
        "content": "Source document: ../data/platform-docs-versions/TikTok_Research-API/Research API Documentation.md\nParagraph location: \n\tAbout Research API\n\nContent: \n# About Research API  \nTikTok's Research API allows independent and academic researchers who work for a non-profit institution to access certain data, including the following information about public account owners who are aged 18 and over.  \n* **Videos** - Videos configured to \"Everyone\" for who can watch, and for such videos, the total number of likes, total number of comments, voice-to-text, subtitles, the time of creation and video length.\n* **Comments -** comment text, and total number of likes, replies, and the time the comment was posted.\n* **Accounts -** bios, profile pictures, the total number of followers and the number of people who are followed by the account.  \nThis Research API supports research in areas such as misinformation, disinformation, violent extremism, social trends, and community building. In order to obtain access to TikTok's Research API, researchers must submit an application, be approved, and adhere to our [Community Guidelines](https://www.tiktok.com/community-guidelines), [TikTok Research API Services Terms of Service](https://www.tiktok.com/legal/page/global/terms-of-service-research-api/en), as well as be approved by their research institution's ethics committee.  \nAdditional information about TikTok's Research API can be found on [TikTok for Developers](https://developers.tiktok.com/products/research-api/).\n",
        "line_start": 1,
        "line_end": 8
    },
    "2": {
        "content": "Source document: ../data/platform-docs-versions/TikTok_Research-API/Research API Documentation.md\nParagraph location: \n\tResource URL: https://developers.tiktok.com/doc/research-api-get-started/\n\nContent: \n# Resource URL: https://developers.tiktok.com/doc/research-api-get-started/\n",
        "line_start": 13,
        "line_end": 14
    },
    "3": {
        "content": "Source document: ../data/platform-docs-versions/TikTok_Research-API/Research API Documentation.md\nParagraph location: \n\tGetting Started\n\nContent: \n# Getting Started  \nThis guide will show you how to use the Research API. Learn how to use the Research API to query video data and fetch public TikTok account data in the following use case example.\n",
        "line_start": 14,
        "line_end": 16
    },
    "4": {
        "content": "Source document: ../data/platform-docs-versions/TikTok_Research-API/Research API Documentation.md\nParagraph location: \n\tView your client registration\n\nContent: \n# View your client registration  \nOnce your application is approved, a research client will be generated for your project. You can view your approved research projects [here](https://developers.tiktok.com/research/). Select a project from the list to see the research client details.  \nThe provided **Client key** and **Client secret** are required to connect to the Research API endpoints. The client key and secret are hidden by default but can be displayed by clicking the **Display** button (eye icon).  \nThe client secret is a credential used to authenticate your connection to TikTok's APIs. Do not share this with anyone!\n",
        "line_start": 18,
        "line_end": 22
    },
    "5": {
        "content": "Source document: ../data/platform-docs-versions/TikTok_Research-API/Research API Documentation.md\nParagraph location: \n\tObtain a client access token\n\nContent: \n# Obtain a client access token  \nOnce you have obtained the client key and secret for your project, [generate a client access token](https://developers.tiktok.com/doc/client-access-token-management). Add this access token in the authorization header of the http requests to connect to the Research API endpoints.\n",
        "line_start": 26,
        "line_end": 28
    },
    "6": {
        "content": "Source document: ../data/platform-docs-versions/TikTok_Research-API/Research API Documentation.md\nParagraph location: \n\tQuery TikTok public content data\n\nContent: \n# Query TikTok public content data  \nThe cURL command below shows an example of how you can query the TikTok ID and like count of videos created in the US or Canada with the keyword `hello world` in the video description.  \ncurl -X POST \\\n'https://open.tiktokapis.com/v2/research/video/query/?fields=id,like_count' \\\n-H 'authorization: bearer clt.example12345Example12345Example' \\\n-d '{\n\"query\": {\n\"and\": [\n{ \"operation\": \"IN\", \"field_name\": \"region_code\", \"field_values\": [\"US\", \"CA\"] },\n{ \"operation\": \"EQ\", \"field_name\": \"keyword\", \"field_values\": [\"hello world\"] }\n]\n},\n\"start_date\": \"20220615\",\n\"end_date\": \"20220628\",\n\"max_count\": 10\n}'\n",
        "line_start": 30,
        "line_end": 46
    },
    "7": {
        "content": "Source document: ../data/platform-docs-versions/TikTok_Research-API/Research API Documentation.md\nParagraph location: \n\tQuery TikTok public content data\n\tQuery condition\n\nContent: \n## Query condition  \nSimilar to the WHERE clause in SQL, a condition can be used to filter data returned in a query operation. The above request is equivalent to the following SQL query:  \nSELECT id,like_count FROM video_table WHERE region_code IN [\"US\", \"CA\"] AND create_date > 20220615  \n|     |     |     |     |     |\n| --- | --- | --- | --- | --- |\n| **Key** | **Type** | **Description** | **Example** | **Required?** |\n| field\\_name | string | The field name this condition is restricting | \"region\\_code\" | TRUE |\n| operation | string | The comparison logic of this condition. One of: \"EQ\", \"IN\", \"GT\", \"GTE\", \"LT\", \"LTE\" | \"GT\" | TRUE |\n| field\\_values | list\\[string\\] | A list of values to be compared with | \\[\"US\", \"IN\"\\] | TRUE |  \nNote: approximate string matching (or fuzzy string searching) is used to match conditions.\n",
        "line_start": 51,
        "line_end": 61
    },
    "8": {
        "content": "Source document: ../data/platform-docs-versions/TikTok_Research-API/Research API Documentation.md\nParagraph location: \n\tQuery TikTok public content data\n\tQuery condition\n\tfield\\_name\n\nContent: \n### field\\_name  \nThe following are the `field_name` values:  \n* `keyword`\n* `create_date`\n* `username`\n* `region_code`\n* `video_id`\n* `hashtag_name`\n* `music_id`\n* `effect_id`\n* `video_length`\n",
        "line_start": 66,
        "line_end": 77
    },
    "9": {
        "content": "Source document: ../data/platform-docs-versions/TikTok_Research-API/Research API Documentation.md\nParagraph location: \n\tQuery TikTok public content data\n\tQuery condition\n\toperation\n\nContent: \n### operation  \nThe following are the `operation` values:  \n`IN`: Tests if an expression matches any value in a list of values.`EQ`: Tests if an expression matches the specified value.`GT`: Tests if an expression is strictly greater than the specified value.`GTE`: Tests if an expression is greater than or equal to the specified value.`LT`: Tests if an expression is strictly less than the specified value.`LTE`: Tests if an expression is less than or equal to the specified value.\n",
        "line_start": 80,
        "line_end": 83
    },
    "10": {
        "content": "Source document: ../data/platform-docs-versions/TikTok_Research-API/Research API Documentation.md\nParagraph location: \n\tQuery TikTok public content data\n\tQuery condition\n\tAND, OR or NOT\n\nContent: \n### AND, OR or NOT  \nConditions are grouped by the following boolean operators:  \n`AND`: Displays a record if all the conditions separated by `AND` are `TRUE`.`OR`: Displays a record if any of the conditions separated by `OR` is `TRUE`.`NOT`: Displays a record if all the conditions separated by `NOT` are `FALSE`.\n",
        "line_start": 86,
        "line_end": 89
    },
    "11": {
        "content": "Source document: ../data/platform-docs-versions/TikTok_Research-API/Research API Documentation.md\nParagraph location: \n\tQuery TikTok public content data\n\tPagination\n\nContent: \n## Pagination  \nIf the total number of videos that match the query criteria is larger than the max number of videos that can be returned in a single request, the response data will be returned with different requests.  \n|     |     |     |     |     |\n| --- | --- | --- | --- | --- |\n| **Field** | **Type** | **Description** | **Example** | **Required?** |\n| max\\_count | number | The max count of TikTok videos in response. default: 10, max: 100 | 12  | FALSE |\n| cursor | number | The starting index of TikTok videos in response. default: 0 | 100 | FALSE |\n| search\\_id | string | The ID of a previous search to provide sequential calls for paging | \"7167072234702738478\" | FALSE |\n",
        "line_start": 92,
        "line_end": 100
    },
    "12": {
        "content": "Source document: ../data/platform-docs-versions/TikTok_Research-API/Research API Documentation.md\nParagraph location: \n\tQuery TikTok public content data\n\tPagination\n\tFirst page\n\nContent: \n### First page  \nWhen you send the first request, you do not need to set the `search_id` or `cursor` in the request body. In the http response, `cursor` and `search_id` are returned, which are used in the subsequent requests.  \nTry out this request:  \ncurl -X POST \\\n'https://open.tiktokapis.com/v2/research/video/query/?fields=id,like_count' \\\n-H 'authorization: bearer clt.example12345Example12345Example' \\\n-d '{\n\"query\": {\n\"and\": [\n{ \"operation\": \"IN\", \"field_name\": \"region_code\", \"field_values\": [\"US\", \"IN\"] },\n{ \"operation\": \"GT\", \"field_name\": \"hashtag_name\", \"field_values\": [\"hello\"] }\n]\n},\n\"start_date\": \"20220615\",\n\"end_date\": \"20220628\",\n\"max_count\": 10\n}'  \nThe following example data is returned from the response.  \n{\n\"data\": {\n\"cursor\": 10,\n\"has_more\": true,\n\"search_id\": \"7160776277492814854\",\n\"videos\": [\n...\n]\n},\n\"error\": {\n...\n}\n}\n",
        "line_start": 103,
        "line_end": 134
    },
    "13": {
        "content": "Source document: ../data/platform-docs-versions/TikTok_Research-API/Research API Documentation.md\nParagraph location: \n\tQuery TikTok public content data\n\tPagination\n\tNext page\n\nContent: \n### Next page  \nWith the cURL command below, you can get the next page of query results.  \ncurl -X POST \\\n'https://open.tiktokapis.com/v2/research/video/query/?fields=id,like_count' \\\n-H 'authorization: bearer clt.example12345Example12345Example' \\\n-d '{\n\"query\": {\n\"and\": [\n{ \"operation\": \"IN\", \"field_name\": \"region_code\", \"field_values\": [\"US\", \"IN\"] },\n{ \"operation\": \"GT\", \"field_name\": \"hashtag_name\", \"field_values\": [\"hello\"] }\n]\n},\n\"max_count\": 10,\n\"cursor\": 10,\n\"start_date\": \"20220615\",\n\"end_date\": \"20220628\",\n\"search_id\": \"7160776277492814854\",\n}'  \nThe following example data is returned from the response.  \n{\n\"data\": {\n\"cursor\": 20,\n\"has_more\": true,\n\"search_id\": \"7160776277492814854\",\n\"videos\": [\n...\n]\n},\n\"error\": {\n...\n}\n}\n",
        "line_start": 142,
        "line_end": 174
    },
    "14": {
        "content": "Source document: ../data/platform-docs-versions/TikTok_Research-API/Research API Documentation.md\nParagraph location: \n\tQuery TikTok public account information\n\nContent: \n# Query TikTok public account information  \nWith the cURL command below, you can query public TikTok account information by a TikTok handle.  \ncurl --location --request POST 'https://open.tiktokapis.com/v2/research/user/info/?fields=display_name,bio_description,avatar_url,is_verified,follower_count,following_count,likes_count,video_count' \\\n--header 'Authorization: bearer {{access_token}}' \\\n--header 'Content-Type: text/plain' \\\n--data-raw '{\n\"username\": \"joe1234567\"\n}'  \n|     |     |     |     |     |\n| --- | --- | --- | --- | --- |\n| **Key** | **Type** | **Description** | **Example** | **Required?** |\n| username | string | TikTok user's username | \"Joe123\" | FALSE |  \nThe following example data is returned from the response.  \n{\n\"data\": {\n\"username\": \"joe1234567\",\n\"video_count\": 64,\n\"avatar_url\": \"https://my-awesome-avatar\",\n\"display_name\": \"joe 1234567\",\n\"follower_count\": 111,\n\"likes_count\": 4146,\n\"bio_description\": \"joe joe\",\n\"following_count\": 103,\n\"is_verified\": false\n},\n\"error\": {\n...\n}\n}\n",
        "line_start": 181,
        "line_end": 210
    },
    "15": {
        "content": "Source document: ../data/platform-docs-versions/TikTok_Research-API/Research API Documentation.md\nParagraph location: \n\tResource URL: https://developers.tiktok.com/doc/research-api-faq/\n\nContent: \n# Resource URL: https://developers.tiktok.com/doc/research-api-faq/\n",
        "line_start": 220,
        "line_end": 221
    },
    "16": {
        "content": "Source document: ../data/platform-docs-versions/TikTok_Research-API/Research API Documentation.md\nParagraph location: \n\tFrequently Asked Questions\n\nContent: \n# Frequently Asked Questions  \n1. **What data is available as part of the Research** **API****?**  \n1. More information on the Research API can be found [here](https://developers.tiktok.com/products/research-api/). Once approved for access to the Research API, researchers can access public data on:  \n1. **Accounts**: This includes user profiles, and other data such as the number of likes of creator's content, followers and following count.\n2. **Content**: This includes comments, captions, subtitles, and number of comments, shares, likes, and favorites that a video receives.  \n3. For more info on the data returned via our APIs, check out the [Research API codebook](https://developers.tiktok.com/doc/research-api-codebook/)  \n3. **How do I know if I qualify for Research** **API** **access?**  \n1. Applicants must fulfill the following criteria to qualify for access:  \n1. Have demonstrable academic experience and expertise in the research area specified in the application\n2. Have no conflicts of interest with respect to using the services\n3. Be employed by a non-profit academic institution in the U.S. or Europe\n4. Be able to provide a clearly defined research proposal\n5. Be committed to only using data for non-commercial purposes, as set out in our [Research API Terms of Service](https://www.tiktok.com/legal/page/global/terms-of-service-research-api/en)  \n5. **How do I apply for Research** **API** **access?**  \n1. If you meet the eligibility criteria outlined above and have prepared a research proposal, click [here](https://developers.tiktok.com/application/research-api) to apply.  \n7. **Can I work with a group of researchers to collaborate on a research topic? How do I ensure we all get access to the Research** **API** **in order to collaborate on our approved project?**  \n1. We now support lab-level access to the Research API. The application form should be submitted by the project's principal researcher. Once the application is approved, the principal researcher can log in and view the approved \"Organization\" on the TikTok for Developers (TT4D) home page. Here, the principal researcher will have the ability to manage access, including adding and removing collaborators.\n2. The principal researcher can add up to 9 collaborators to work together on a research topic. It is preferable that the principal researchers submit the details of all anticipated collaborators during the application process. TikTok will review any collaborators that are invited to join an approved research project prior to granting them access. Further, it is the responsibility of the principal researcher to remove and revoke access to collaborators who are no longer working on the approved research project.\n3. If the collaborators are from a different university, an application should be submitted with a list of collaborators for each university.\n4. The collaborators need to ensure that they have setup their TT4D account in advance prior to getting an invite.  \n9. **Where is the Research** **API** **available?**  \n1. The Research API is currently available to qualifying researchers located in the United States and Europe.  \n11. **When will the Research** **API** **be available in my country?**  \n1. TikTok is actively working to expand eligibility to additional regions. Please check [this page](https://developers.tiktok.com/products/research-api/) for updates.  \n13. **I am a researcher working for a non-profit organization, in civil society, or at an** **NGO****. Can I apply for access?**  \n1. At present, eligibility is restricted to those employed by not-for-profit academic institutions in the United States, and Europe. We are actively working to expand eligibility globally as well as for the civil society sector. Please check [this page](https://developers.tiktok.com/products/research-api/) for updates.  \n15. **I am a creator, advertiser, or commercial user. Am I eligible for access to the Research** **API****?**  \n1. At present, eligibility is restricted to those employed by not-for-profit academic institutions in the United States, and Europe who meet our eligibility criteria. [Click here](https://developers.tiktok.com/) to learn more about API access for non-academic purposes.  \n17. **What are the daily quota limits? Can I request an increase in the quota limit?**  \n1. Currently, the daily limit is set at 1000 requests per day, allowing you to obtain up to 100,000 records per day across our APIs. (Video and Comments API can return 100 records per request). The daily quota gets reset at 12 AM UTC.\n2. If you believe a quota limit increase is necessary for your research, please email us at Research-API@tiktok.com. We can't grant exceptions, but we're eager to better understand use cases from the research community to evaluate and take your requests into account for the future.  \n19. **I have a developer account with** **TikTok****. Can I start using the Research** **API****?**  \n1. Your developer account alone is not sufficient to grant you access to the Research API. In order to access the Research API, you will need to meet our eligibility requirements, submit an application, and be approved for a specific research project.\n",
        "line_start": 221,
        "line_end": 254
    },
    "17": {
        "content": "Source document: ../data/platform-docs-versions/TikTok_Research-API/Research API Documentation.md\nParagraph location: \n\tFrequently Asked Questions\n\tResearch API Usage FAQs\n\nContent: \n## Research API Usage FAQs  \n1. **Why does User** **API** **not return responses sometimes even though the user name is accurate?**  \n1. TikTok's Research API does have some filters. To cite some examples, public data of users under the age of 18 and data from Canada is not returned in the responses  \n3. **Why is my access token invalid?**  \n1. Access tokens are set to expire every two hours. If you experience an invalid token error within two hours of generating it, please submit a support ticket to us with your token and client key, and we will investigate the issue.  \n5. **Why did I receive a response back with code: \"scope\\_not\\_authorized\" and message: \"The user did not authorize the scope required for completing this request?\"**  \n1. This indicates that you have not yet submitted your Research API application for our review and have not passed the necessary approval evaluations. If you are interested in accessing the Research API, visit our [Research API](https://developers.tiktok.com/products/research-api/) page to learn more, check eligibility requirements and apply for access.  \n7. **Why is the query video data (view\\_count, comment\\_count, like\\_count, share\\_count) significantly inaccurate, often showing lower numbers than what is live at the moment?**  \n1. The User info API only retrieves data for an individual user, so we use online data. However, the video query API searches for the full dataset, so we use archived data instead of the current online data. New videos take up to 48 hours to be added to the search engine, and statistics such as view count and follower count can take up to 10 days to update.\n",
        "line_start": 278,
        "line_end": 287
    },
    "18": {
        "content": "Source document: ../data/platform-docs-versions/TikTok_Research-API/Research API Documentation.md\nParagraph location: \n\tResource URL: https://developers.tiktok.com/doc/research-api-codebook/\n\nContent: \n# Resource URL: https://developers.tiktok.com/doc/research-api-codebook/\n",
        "line_start": 296,
        "line_end": 297
    },
    "19": {
        "content": "Source document: ../data/platform-docs-versions/TikTok_Research-API/Research API Documentation.md\nParagraph location: \n\t**Codebook**\n\t**Introduction**\n\nContent: \n# **Codebook**  \n## **Introduction**  \nTikTok supports independent research about our platform. Through our Research API, academic researchers from non-profit universities in the U.S. And Europe can apply to study public data about TikTok content and accounts. This document describes the Research API functionality provided to researchers by TikTok.\n",
        "line_start": 297,
        "line_end": 300
    },
    "20": {
        "content": "Source document: ../data/platform-docs-versions/TikTok_Research-API/Research API Documentation.md\nParagraph location: \n\t**Codebook**\n\t**Eligibility and Data Access**\n\nContent: \n## **Eligibility and Data Access**  \nTo check your eligibility and determine the process to get access to this data, check [our product page](https://developers.tiktok.com/products/research-api/).\n",
        "line_start": 303,
        "line_end": 305
    },
    "21": {
        "content": "Source document: ../data/platform-docs-versions/TikTok_Research-API/Research API Documentation.md\nParagraph location: \n\t**Codebook**\n\t**Content Made Available for Research**\n\t**Videos**\n\nContent: \n## **Content Made Available for Research**  \n### **Videos**  \n#### **Unit of Analysis**  \nA public TikTok video posted by a public creator (who is aged 18 and over), who wants to expose his/her videos to all users of TikTok  \n#### **Scope**  \nAll the videos from TikTok that are:  \n1. made public by a creator who is aged 18 and over;\n2. AND, are posted in the regions of US, Europe and Rest of the World;\n3. AND do not belong to Canada.  \n#### **Details**  \n1. **Region Code** : This describes the code of the country where the video was created. [Click here](https://developers.tiktok.com/doc/research-api-specs-query-videos/) to learn more about the region codes returned.\n2. **User Name** : This is the user name of the creator.\n3. **Video Description** : This is the description of the video.\n4. **View Count** : This is the total number of views for a video on TikTok.\n5. **Comment Count** : This is the total number of comments posted on a video.\n6. **Create Time** : This is the time when the video was created.\n7. **Video ID** : This is a unique video ID for each video posted on TikTok. This is a number that can be used to reconstruct the URL link to access the video.\n8. **Like Count** : The total number of likes on a TikTok video, created by users by clicking the \u201cHeart\u201d icon.\n9. **Share Count** : The total number of times a TikTok video has been shared by clicking the \"Share\" button with the video.\n",
        "line_start": 307,
        "line_end": 326
    },
    "22": {
        "content": "Source document: ../data/platform-docs-versions/TikTok_Research-API/Research API Documentation.md\nParagraph location: \n\t**Codebook**\n\t**Content Made Available for Research**\n\t**Comments**\n\nContent: \n### **Comments**  \n#### **Unit of Analysis**  \nA comment OR a reply to a comment posted for a public video on TikTok.  \n#### **Scope**  \nThe information provided here includes text extracted from comments and a serial number (i.e. comment IDs) that help identify original comments posted on a video and any replies to comments. To protect the privacy of our users, other information is removed.  \n#### **Details**  \n1. **Create Time** : This is the time when the comment was posted on a video.\n2. **ID** : This is the unique comment ID for a comment posted on a video.\n3. **Like Count** : The total number of likes for a comment under a video, created by users by clicking the \u201cHeart\u201d icon.\n4. **Parent Comment ID** : This is the unique ID of the parent comment when the user responds to another user's comment. If the comment was directly entered for a video, this ID is the same as the Video ID.\n5. **Text** : This is the actual text of the comment entered on a video. To protect the privacy of our users, other information is removed.\n6. **Video\\_ID** : This is the video ID for which the comment was entered.\n",
        "line_start": 335,
        "line_end": 347
    },
    "23": {
        "content": "Source document: ../data/platform-docs-versions/TikTok_Research-API/Research API Documentation.md\nParagraph location: \n\t**Codebook**\n\t**Content Made Available for Research**\n\t**Users**\n\nContent: \n### **Users**  \n#### **Unit of Analysis**  \nUser information of all TikTok users that have set their account to public and are aged 18 and over.  \n#### **Scope**  \nThe public details of a public user who is aged 18 and over can be accessed via this particular API.  \n#### **Details**  \n1. **Following Count** : This is the number of people that a public user follows.\n2. **Likes Count** : This is the total number of likes accumulated by the user.\n3. **Video Count** : This is the total number of videos that the user has posted on his/her TikTok account.\n4. **Bio Description** : This is the description in the bio of the user. If the user does not have a description, this will be returned blank.\n5. **Display Name** : This is the user's display name that is found under the user name.\n6. **Follower Count** : This is the total number of followers that follow the user.\n7. **Avatar****URL** : This is the URL of the user's profile picture.\n8. **Is Verified** : This returns the information on whether the user has been verified. All verified users will have \"blue tick\" next to their user name. If the user has a blue tick, this variable will return a \"true\" in the response.\n",
        "line_start": 354,
        "line_end": 368
    }
}