{
    "0": {
        "content": "Source document: ../data/platform-docs-versions/X_Twitter-API-V2/Trends.md\nParagraph location: \n\tResource URL: https://developer.twitter.com/en/docs/twitter-api/trends/introduction\n\nContent: \n# Resource URL: https://developer.twitter.com/en/docs/twitter-api/trends/introduction\nIntroduction\n",
        "line_start": 0,
        "line_end": 2
    },
    "1": {
        "content": "Source document: ../data/platform-docs-versions/X_Twitter-API-V2/Trends.md\nParagraph location: \n\tResource URL: https://developer.twitter.com/en/docs/twitter-api/trends/introduction\n\tIntroduction\n\nContent: \n## Introduction  \nThe Trends lookup endpoint allow developers to get the Trends for a location, specified using the where-on-earth id (WOEID).  \n**Note**: WOEID is a legacy identifier created by Yahoo and has been deprecated. X API uses the numeric value to identify town and country trend locations. Reference our legacy\u00a0[blog post](https://blog.twitter.com/engineering/en_us/a/2010/woeids-in-twitters-trends.html), or\u00a0[archived data](https://archive.org/details/geoplanet_data_7.10.0.zip0.)  \nThe `tweet_count` for the last 24 hours is also returned for many trends if this is available.  \nThis endpoint supports app-auth authentication and has a rate limit of 75 requests per 15-minute window.\n",
        "line_start": 3,
        "line_end": 8
    },
    "2": {
        "content": "Source document: ../data/platform-docs-versions/X_Twitter-API-V2/Trends.md\nParagraph location: \n\tResource URL: https://developer.twitter.com/en/docs/twitter-api/trends/introduction\n\tIntroduction\n\tGetting started\n\nContent: \n### Getting started  \nTo use this endpoint, you need a\u00a0[bearer token](https://developer.twitter.com/en/docs/authentication/oauth-2-0/application-only)\u00a0from the\u00a0[developer portal](https://developer.twitter.com/en/portal/dashboard). Once you have the bearer token,\u00a0 you can call the usage API as shown below:  \n`curl 'https://api.twitter.com/2/trends/by/woeid/26062' --header 'Authorization: Bearer XXXXX'`  \nIf the request is successful, you should see the JSON response as shown below:  \n`{     \"data\": [         {             \"trend_name\": \"Europe\",             \"tweet_count\": 232408         },         {             \"trend_name\": \"Isak\",             \"tweet_count\": 2956         },         {             \"trend_name\": \"RNLI\",             \"tweet_count\": 2484         },         {             \"trend_name\": \"Toon\",             \"tweet_count\": 11447         },         {             \"trend_name\": \"St James\",             \"tweet_count\": 5565         },         {             \"trend_name\": \"Manning\",             \"tweet_count\": 10077         },         {             \"trend_name\": \"Copenhagen\",             \"tweet_count\": 35272         },         {             \"trend_name\": \"Coventry\",             \"tweet_count\": 3662     ] }`  \n**Account setup**  \nTo access these endpoints, you will need:  \n* An approved\u00a0[developer account](https://developer.twitter.com/en/portal/petition/essential/basic-info).\n* To authenticate using the keys and tokens from a\u00a0[developer App](https://developer.twitter.com/en/docs/apps)\u00a0that is located within a\u00a0[Project](https://developer.twitter.com/en/docs/projects).  \nLearn more about getting access to the Twitter API v2 endpoints in our\u00a0[getting started guide](https://developer.twitter.com/en/docs/twitter-api/getting-started/getting-access-to-the-twitter-api).  \n[Sample code](https://github.com/twitterdev/Twitter-API-v2-sample-code)  \n[Run in Postman](https://t.co/twitter-api-postman)\n",
        "line_start": 13,
        "line_end": 25
    },
    "3": {
        "content": "Source document: ../data/platform-docs-versions/X_Twitter-API-V2/Trends.md\nParagraph location: \n\tResource URL: https://developer.twitter.com/en/docs/twitter-api/trends/introduction\n\tSupporting resources\n\nContent: \n## Supporting resources  \n[Learn how to use Postman](https://developer.twitter.com/en/docs/tutorials/postman-getting-started \"Learn how to use Postman\")  \n[Troubleshoot an error](https://developer.twitter.com/en/support/twitter-api \"Troubleshoot an error\")  \n[API Reference](https://developer.twitter.com/en/docs/twitter-api/tweets/manage-tweets/api-reference \"API Reference\")\n",
        "line_start": 38,
        "line_end": 42
    },
    "4": {
        "content": "Source document: ../data/platform-docs-versions/X_Twitter-API-V2/Trends.md\nParagraph location: \n\tResource URL: https://developer.twitter.com/en/docs/twitter-api/trends/api-reference\n\nContent: \n# Resource URL: https://developer.twitter.com/en/docs/twitter-api/trends/api-reference\nAPI reference\n",
        "line_start": 46,
        "line_end": 48
    },
    "5": {
        "content": "Source document: ../data/platform-docs-versions/X_Twitter-API-V2/Trends.md\nParagraph location: \n\tResource URL: https://developer.twitter.com/en/docs/twitter-api/trends/api-reference\n\tAPI reference index\n\tTrends\n\nContent: \n## API reference index  \n### Trends  \n|     |     |\n| --- | --- |\n| Trends lookup | [GET /2/trends/by/woeid](https://developer.twitter.com/en/docs/twitter-api/trends/api-reference/get-trends-by-woeid) |\n",
        "line_start": 49,
        "line_end": 54
    },
    "6": {
        "content": "Source document: ../data/platform-docs-versions/X_Twitter-API-V2/Trends.md\nParagraph location: \n\tResource URL: https://developer.twitter.com/en/docs/twitter-api/trends/api-reference/get-trends-by-woeid\n\nContent: \n# Resource URL: https://developer.twitter.com/en/docs/twitter-api/trends/api-reference/get-trends-by-woeid\nGET /2/trends/by/woeid/:woeid\n",
        "line_start": 57,
        "line_end": 59
    },
    "7": {
        "content": "Source document: ../data/platform-docs-versions/X_Twitter-API-V2/Trends.md\nParagraph location: \n\tGET /2/trends/by/woeid/:woeid\n\nContent: \n# GET /2/trends/by/woeid/:woeid  \nGet the trends for a location\n",
        "line_start": 60,
        "line_end": 62
    },
    "8": {
        "content": "Source document: ../data/platform-docs-versions/X_Twitter-API-V2/Trends.md\nParagraph location: \n\tGET /2/trends/by/woeid/:woeid\n\tEndpoint URL\n\nContent: \n### Endpoint URL  \n`https://api.twitter.com/2/trends/by/woeid/:woeid`\n",
        "line_start": 64,
        "line_end": 66
    },
    "9": {
        "content": "Source document: ../data/platform-docs-versions/X_Twitter-API-V2/Trends.md\nParagraph location: \n\tGET /2/trends/by/woeid/:woeid\n\tAuthentication and rate limits\n\nContent: \n### Authentication and rate limits  \n|     |     |\n| --- | --- |\n| Authentication methods  <br>supported by this endpoint | [OAuth 2.0 App-only](https://developer.twitter.com/en/docs/authentication/oauth-2-0/application-only \"Use this method to obtain information in the context of an unauthenticated public user. This method is for developers that just need read-only access to public information. Click to learn how to obtain an OAuth 2.0 App Access Token.\") |\n| [Rate limit](https://developer.twitter.com/en/docs/rate-limits) | App rate limit (Application-only): 75 requests per 15-minute window shared among all users of your app |\n",
        "line_start": 69,
        "line_end": 74
    },
    "10": {
        "content": "Source document: ../data/platform-docs-versions/X_Twitter-API-V2/Trends.md\nParagraph location: \n\tGET /2/trends/by/woeid/:woeid\n\tPath parameters\n\nContent: \n### Path parameters  \n| Name | Type | Description |\n| --- | --- | --- |\n| `woeid`  <br>\u00a0Required | number | The where-on-earth ID (woeid) for a location |\n",
        "line_start": 76,
        "line_end": 80
    },
    "11": {
        "content": "Source document: ../data/platform-docs-versions/X_Twitter-API-V2/Trends.md\nParagraph location: \n\tGET /2/trends/by/woeid/:woeid\n\tExample responses\n\nContent: \n### Example responses  \n* [Default Fields](#tab0)  \nDefault Fields  \n`{   \"data\": [     {       \"trend_name\": \"#TEZOSTUESDAY\",       \"tweet_count\": 14869     },     {       \"trend_name\": \"Copenhagen\",       \"tweet_count\": 13005     },     {       \"trend_name\": \"Roses\",       \"tweet_count\": 32193     },     {       \"trend_name\": \"Heroes\",       \"tweet_count\": 69798     },     {       \"trend_name\": \"Cedric\",       \"tweet_count\": 14259     },     {       \"trend_name\": \"#AskSonic\",       \"tweet_count\": 8908     },     {       \"trend_name\": \"Nelson\",       \"tweet_count\": 29841     },     {       \"trend_name\": \"#PSVARS\",       \"tweet_count\": 4915     },     {       \"trend_name\": \"Eddie\",       \"tweet_count\": 34139     },     {       \"trend_name\": \"Saliba\",       \"tweet_count\": 7191     },     {       \"trend_name\": \"Walters\",       \"tweet_count\": 8095     },     {       \"trend_name\": \"Bakayoko\",       \"tweet_count\": 1809     },     {       \"trend_name\": \"Bibby Stockholm\",       \"tweet_count\": 21021     },     {       \"trend_name\": \"Nwaneri\",       \"tweet_count\": 5783     },     {       \"trend_name\": \"Doncaster\",       \"tweet_count\": 3551     },     {       \"trend_name\": \"Kiwior\",       \"tweet_count\": 1535     }   ] }`\n",
        "line_start": 82,
        "line_end": 86
    },
    "12": {
        "content": "Source document: ../data/platform-docs-versions/X_Twitter-API-V2/Trends.md\nParagraph location: \n\tGET /2/trends/by/woeid/:woeid\n\tResponse fields\n\nContent: \n### Response fields  \n| Name | Type | Description |\n| --- | --- | --- |\n| `trend_name` | string | The name of the Trend. |\n| `tweet_count` | integer | The total number of Tweets that are part of this Trend. |\n",
        "line_start": 91,
        "line_end": 96
    }
}