{
    "0": {
        "content": "Source document: ../data/platform-docs-versions/Bing_Ad-Library-API/Ad Library API.md\nParagraph location: \n\tResource URL: https://learn.microsoft.com/en-us/advertising/guides/ad-library-api?view=bingads-13\n\nContent: \n# Resource URL: https://learn.microsoft.com/en-us/advertising/guides/ad-library-api?view=bingads-13\n",
        "line_start": 0,
        "line_end": 1
    },
    "1": {
        "content": "Source document: ../data/platform-docs-versions/Bing_Ad-Library-API/Ad Library API.md\nParagraph location: \n\tAd Library API Overview\n\nContent: \n# Ad Library API Overview  \n* Article\n* 09/27/2023\n* 2 contributors  \nFeedback\n",
        "line_start": 1,
        "line_end": 6
    },
    "2": {
        "content": "Source document: ../data/platform-docs-versions/Bing_Ad-Library-API/Ad Library API.md\nParagraph location: \n\tAd Library API Overview\n\tIn this article\n\nContent: \n## In this article  \nThe Ad Library is a public transparency tool that allows you to view all ads shown on Bing.com. You can search for ads by advertiser name and keywords present in the ad copy, and you will see both the ad content and additional ad details. The ad library is part of a compliance effort to ensure we are creating a safe and open internet for our users.\n",
        "line_start": 9,
        "line_end": 11
    },
    "3": {
        "content": "Source document: ../data/platform-docs-versions/Bing_Ad-Library-API/Ad Library API.md\nParagraph location: \n\tAd Library API Overview\n\tAd Library API Resource\n\tBase URI\n\nContent: \n## Ad Library API Resource  \n### Base URI  \nThe following is the base URI that you append the templates to:  \n[https://adlibrary.api.bingads.microsoft.com/api/v1/](https://adlibrary.api.bingads.microsoft.com/api/v1/)\n",
        "line_start": 13,
        "line_end": 17
    },
    "4": {
        "content": "Source document: ../data/platform-docs-versions/Bing_Ad-Library-API/Ad Library API.md\nParagraph location: \n\tAd Library API Overview\n\tAd Library API Resource\n\tTemplates\n\nContent: \n### Templates  \nTo create the endpoints used to query the Ad Library, append the appropriate template to the base URL:  \n| Template | HTTP Verb | Description | Resource |\n| --- | --- | --- | --- |\n| Advertisers | Get | Get Advertisers by Name  <br>  <br>Parameters:  <br>\\- top (int32, default 3)  <br>\\- skip (int32, default 0)  <br>\\- searchText (string, default \u201c\u201d) | Array<Advertiser> |\n| Advertisers({AdvertiserId})  <br>or  <br>Advertisers/{AdvertiserId} | Get | Get Advertiser by Id  <br>  <br>Parameters: none  <br>  <br>_Note_: AdvertiserId may be an AccountId or VerifiedAdvertiserId. Multiple accounts may be verified under the same identity. If a verified AccountId is requested the parent VerifiedAdvertiserId will be returned instead. | Advertiser |\n| Ads | Get | Get Ads by Advertiser/Content  <br>  <br>Parameters:  <br>\u2022 top (int32, default 12)  <br>\u2022 skip (int64, default 0)  <br>\u2022 startDate (string)  <br>\u2022 endDate (string)  <br>\u2022 Dates in format \u2018yyyy-MM-dd\u2019  <br>\u2022 countryCodes (string)  <br>  <br>Comma separated values, i.e. \u201910,26,53\u2019  <br>\u2022 advertiserId (int64)  <br>\u2022 searchText (string) | Array<Ad> |\n| Ads({AdId})  <br>or  <br>Ads/{AdId} | Get | Get Ad by Id  <br>  <br>Parameters: none | Ad  |\n",
        "line_start": 21,
        "line_end": 29
    },
    "5": {
        "content": "Source document: ../data/platform-docs-versions/Bing_Ad-Library-API/Ad Library API.md\nParagraph location: \n\tAd Library API Overview\n\tAd Library API Resource\n\tData Objects\n\nContent: \n### Data Objects  \nThe following are the request and response objects used by the API:  \n| Object | Description |\n| --- | --- |\n| Advertiser | Defines an advertiser. |\n| Ad  | Defines an ad. |\n| AdDetails | Defines additional details about an ad. |\n| CountryImpressionShare | Defines ad impression share for a country. |\n| TargetTypeDetails | Defines details about target types used by an ad. |  \n#### Advertiser  \nDefines an advertiser.  \n| Name | Value | Type |\n| --- | --- | --- |\n| AdvertiserId | The ID identifying the advertiser.  <br>  <br>_Note_: This may be an AccountId or a VerifiedAdvertiserId if the advertiser is verified. VerifiedAdvertiserIds may cover multiple accounts if the are verified under the same advertiser, and a request for an AccountId which has been verified will instead return the parent VerifiedAdvertiserId. | Long |\n| AdvertiserName | The name of the account or legal name of a verified advertiser. | String |\n| AdvertiserCountry | The country where the advertiser is registered. | String |\n| IsVerified | A Boolean value representing whether the advertiser is verified. | Boolean |  \n#### Ad  \nDefines an ad.  \n| Name | Value | Type |\n| --- | --- | --- |\n| AdId | The ID identifying the ad. | Long |\n| AdvertiserName | The name of the account or legal name of a verified advertiser. | String |\n| AdvertiserId | The ID identifying the advertiser. | Long |\n| Title | The title portion of the ad copy.  <br>  <br>_Note_: For dynamic ad types, there may be multiple variations and the title, description, URLs, and assets may just be a recent, representative version from when the ad last served. | String |\n| Description | The description portion of the ad copy. | String |\n| DisplayUrl | The URL displayed by the ad, or the merchant name for certain ad types. | String |\n| DestinationUrl | The actual URL linked to by the ad. | String |\n| AssetJson | A JSON URL of the asset resource | String |\n| AdDetails | An object containing additional details about an ad. | AdDetails |  \n#### AdDetails  \nDefines additional details for an ad.  \n| Name | Value | Type |\n| --- | --- | --- |\n| PaidForByName | The name of the customer who paid for the ad if different than the account owner. | String |\n| StartDate | The UTC date when the ad first ran, or when the first eligible impression was recorded by the Ad Library.  <br>  <br>Note: The Ad Library only records ads impressions in the European Union (EU) or European Economic Area (EEA) since June 2023. The actual start date of an ad may predate the launch of our Ad Library or the date when the ad received its first eligible impression. | String |\n| EndDate | The UTC date when the ad last ran, or when the last eligible impression was recorded by the Ad Library.  <br>  <br>_Note_: In addition to the above note, there may be a 1-3 day delay in information appearing in the Ad Library, so the EndDate may not reflect newer impressions shown in the last few days if an ad is still active. | String |\n| TotalImpressionsRange | A range representing the total number of impressions the ad has received in the EU and EEA. | String |\n| ImpressionsByCountry | A list of key-value pairs representing the percentage share of impressions for each EU or EEA member country. | array<CountryImpressionShareObject> |\n| TargetTypes | A list of target types used for ad targeting, and whether they were also used for exclusion.  <br>  <br>_Note_: This is an aggregate list of all target types used at any point during the ad run for all eligible impressions and may not necessarily indicate which factors were used for a specific impression. | array<TargetTypeDetails> |\n| RestrictionReason | If present, the reason an ad has been restricted from serving further or displaying in the Ad Library. | RestrictionReason |  \n#### CountryImpressionShare  \nDefines an ad\u2019s impression share for a given country.  \n| Name | Value | Type |\n| --- | --- | --- |\n| Country | A country where the ad was shown. | Country |\n| ImpressionShare | The share of the ad\u2019s impressions for the country, represented as a percentage (i.e., 17.3%). | String |  \n#### TargetDetails  \nDefines an ad\u2019s impression share for a given country.  \n| Name | Value | Type |\n| --- | --- | --- |\n| TargetType | The parameter used for targeting. | TargetType |\n| UsedForExclusion | Denotes if the target type was also used for exclusion. | Boolean |\n",
        "line_start": 32,
        "line_end": 85
    },
    "6": {
        "content": "Source document: ../data/platform-docs-versions/Bing_Ad-Library-API/Ad Library API.md\nParagraph location: \n\tAd Library API Overview\n\tAd Library API Resource\n\tValue Sets\n\nContent: \n### Value Sets  \nThe following are the value sets used by the API.  \n| Object | Description |\n| --- | --- |\n| Country | Defines the values of countries considered by the Ad Library for filtering and reporting ad impressions. |\n| TargetType | Defines the types of targeting parameters tracked by the Ad Library. |\n| RestrictionReason | Defines the reason an ad has been restricted from serving further or displaying in the Ad Library. |  \n#### Country  \nDefines the values of European Union countries and members of the European Economic Area considered by the Ad Library for filtering and reporting ad impressions.  \n| Name | Value |\n| --- | --- |\n| Austria | 10  |\n| Belgium | 14  |\n| Bulgaria | 26  |\n| Croatia | 49  |\n| Cyprus | 207 |\n| Czechia | 51  |\n| Denmark | 53  |\n| Estonia | 61  |\n| Finland | 65  |\n| France | 66  |\n| Germany | 72  |\n| Greece | 76  |\n| Hungary | 88  |\n| Ireland | 92  |\n| Italy | 93  |\n| Latvia | 104 |\n| Lithuania | 108 |\n| Luxembourg | 109 |\n| Malta | 115 |\n| Netherlands | 129 |\n| Poland | 151 |\n| Portugal | 152 |\n| Romania | 226 |\n| Slovakia | 165 |\n| Slovenia | 167 |\n| Spain | 170 |\n| Sweden | 175 |\n| Iceland | 89  |\n| Liechtenstein | 107 |\n| Norway | 139 |  \n#### TargetType  \nDefines the types of targeting parameters tracked by the Ad Library.  \n| Name | Value | Description |\n| --- | --- | --- |\n| Gender | 1   | Targeting based on gender. |\n| Age | 2   | Targeting based on age group. |\n| Location | 3   | Targeting based on geographic areas users are located in or searching for. |\n| MicrosoftAudiences | 22  | Targeting based on Microsoft-defined audiences including in-market audiences, similar audiences, and LinkedIn profile targeting. |\n| AdvertiserAudiences | 25  | Targeting based on Advertiser-defined audiences including custom audiences, customer match lists, and remarketing lists. |\n",
        "line_start": 103,
        "line_end": 153
    },
    "7": {
        "content": "Source document: ../data/platform-docs-versions/Bing_Ad-Library-API/Ad Library API.md\nParagraph location: \n\tAd Library API Overview\n\tAPI Authentication\n\nContent: \n## API Authentication  \nLike the Ad Library UI, the Ad Library API is publicily available and doesn't require any user sign-up or log-in. However, to protect the security and stability of our platform, unauthenticated requests will face stricter limits on how frequently you can call the API and how many entities you can request per call.  \nTo use the Ad Library API with increased limits, you'll need:  \n* A Microsoft account\n* A Microsoft Advertising account\n* A developer token  \nTo create a Microsoft Advertising account, go to [https://ads.microsoft.com](https://ads.microsoft.com/). If you're not signed in to your Microsoft account, you'll be redirected to sign in to your account or to sign up for one. After signing in, you'll have the option to **Sign up for a new Microsoft Advertising account**. Select the sign up option and select **Continue**.\n",
        "line_start": 162,
        "line_end": 169
    },
    "8": {
        "content": "Source document: ../data/platform-docs-versions/Bing_Ad-Library-API/Ad Library API.md\nParagraph location: \n\tAd Library API Overview\n\tAPI Authentication\n\tAuthenticating your credentials\n\nContent: \n### Authenticating your credentials  \nAd Library API uses the same authentication schemes as Bing Ads API. For details about authenticating Microsoft account credentials with OAuth, see [Authentication with the Microsoft identity platform](https://learn.microsoft.com/en-us/advertising/guides/authentication-oauth-identity-platform).  \nYou can use the Bing Ads SDK for .NET, Java, or Python to authenticate Microsoft account credentials. For details about using the SDK to get the access token, see [C#](https://learn.microsoft.com/en-us/advertising/guides/get-started-csharp) | [Java](https://learn.microsoft.com/en-us/advertising/guides/get-started-java) | [Python](https://learn.microsoft.com/en-us/advertising/guides/get-started-python).  \n_Note_: The Bing Ads SDK doesn't provide interfaces for Ad Library API. You should only use the SDK to get the access token if you're using the SDK for Microsoft Advertising campaigns, too. Otherwise, it may not be worth the overhead of installing the SDK.  \nIf you don't use the Bing Ads SDK for authentication, see Authenticating Microsoft Account Credentials in C# for an example that shows how to use OAuth to authenticate Microsoft account credentials.\n",
        "line_start": 174,
        "line_end": 179
    },
    "9": {
        "content": "Source document: ../data/platform-docs-versions/Bing_Ad-Library-API/Ad Library API.md\nParagraph location: \n\tAd Library API Overview\n\tAPI Authentication\n\tWhere to use your credentials and developer tokens?\n\nContent: \n### Where to use your credentials and developer tokens?  \nFor increased limits, all calls must specify:  \n* The DeveloperToken header that's set to your developer token.\n* The AuthenticationToken header that's set to your access token.  \nFor information about these and other headers that the request and response may contain, see [Headers](https://learn.microsoft.com/en-us/advertising/shopping-content/products-resource.md#headers).\n",
        "line_start": 184,
        "line_end": 189
    },
    "10": {
        "content": "Source document: ../data/platform-docs-versions/Bing_Ad-Library-API/Ad Library API.md\nParagraph location: \n\tAd Library API Overview\n\tEasiest Microsoft Advertising Account Sign-Up Steps\n\nContent: \n## Easiest Microsoft Advertising Account Sign-Up Steps  \nIf you are a researcher or regulator who wants to access the Ad Library API, but you don\u2019t already have a Microsoft Advertising Account or wish to advertise on our platform, complete the following steps:  \n1. Visit [https://ads.microsoft.com/](https://ads.microsoft.com/) and select **Sign up now**. ![Ad Library API Sign-up Step 1](media/ad-library-api-sign-up-step-1.png?view=bingads-13 \"Step 1\")  \n2. Sign in with an existing Microsoft account or select **Create one!** ![Ad Library API Sign-up Step 2](media/ad-library-api-sign-up-step-2.png?view=bingads-13 \"Step 2\")  \n3. Use an existing email address or phone number, or select **Get a new email address**. ![Ad Library API Sign-up Step 3](media/ad-library-api-sign-up-step-3.png?view=bingads-13 \"Step 3\")\nEnter the above info if you are creating a new email address (email address, password, first/last name, country/region, and birthdate) and solve captcha if necessary.  \n4. To skip through the setup as fast as possible, select **Create new campaign** and then **Switch to expert**. ![Ad Library API Sign-up Step 4a](media/ad-library-api-sign-up-step-4a.png?view=bingads-13 \"Step 4a\")\n![Ad Library API Sign-up Step 4b](media/ad-library-api-sign-up-step-4b.png?view=bingads-13 \"Step 4b\")  \n5. Select **Skip campaign creation** to set up an account without a campaign. ![Ad Library API Sign-up Step 5](media/ad-library-api-sign-up-step-5.png?view=bingads-13 \"Step 5\")  \n6. At this point, an account has been created and no further information is needed. ![Ad Library API Sign-up Step 6](media/ad-library-api-sign-up-step-6.png?view=bingads-13 \"Step 6\")  \nYou can now proceed to [Developer Account](https://developers.ads.microsoft.com/Account) to request a token for accessing the API. As part of this, you\u2019ll need to review our [Developer Terms of Use](https://www.microsoft.com/en-us/legal/terms-of-use).\n",
        "line_start": 193,
        "line_end": 204
    }
}