{
    "0": {
        "content": "Source document: ../data/platform-docs-versions/Booking.com_AD-API/Ads Repository API Documentation.md\nParagraph location: \n\tResource URL: https://www.booking.com/ad-repository/apidoc.fr.html\n\nContent: \n# Resource URL: https://www.booking.com/ad-repository/apidoc.fr.html\n[](https://www.booking.com/)  \nAPI Documentation  \n1. [Booking.com](https://booking.com/)\n2. Booking Ads Repository\n3. API documentation  \n* * *\n",
        "line_start": 0,
        "line_end": 7
    },
    "1": {
        "content": "Source document: ../data/platform-docs-versions/Booking.com_AD-API/Ads Repository API Documentation.md\nParagraph location: \n\tBooking Ads Repository\n\nContent: \n# Booking Ads Repository  \nAPI Documentation  \nSee our example below  \ncurl --location 'https://accommodations.booking.com/dml/graphql' \\\\ --header 'Content-Type: application/json' \\\\ --data ' { \"query\":\"query SearchAdvertisementRepo($input: SearchAdvertisementRequestInput!) { searchAdvertisement(input: $input) { results\\_count pages\\_count items { id ad\\_name legal\\_entity date\\_started date\\_last\\_shown total\\_views\\_bucket viewers\\_per\\_country { country bucket } } } }\", \"variables\":{ \"input\":{ \"date\\_from\":\"2023-09-01\", \"date\\_to\":\"2023-09-15\", \"ad\\_name\": \"ad name\", \"legal\\_entity\": \"legal entity name\" } } }'\n",
        "line_start": 12,
        "line_end": 16
    }
}