{
    "0": {
        "content": "Source document: ../data/platform-docs-versions/CrowdTangle_API/API Documentation.md\nParagraph location: \n\tResource URL: https://github.com/CrowdTangle/API/wiki\n\nContent: \n# Resource URL: https://github.com/CrowdTangle/API/wiki\n",
        "line_start": 0,
        "line_end": 1
    },
    "1": {
        "content": "Source document: ../data/platform-docs-versions/CrowdTangle_API/API Documentation.md\nParagraph location: \n\tHome\n\t[](#getting-started)Getting Started\n\nContent: \n# Home  \n### [](#getting-started)Getting Started  \nWelcome to the CrowdTangle API! You can use the CrowdTangle API to access posts, the leaderboard and the link-checker. Please contact your CrowdTangle representative for access. If you have access to the API, you can locate your API token via your dashboard under Settings > API Access.  \n#### [](#authentication)Authentication  \nThe CrowdTangle API expects the API token to be included either as a custom header with the name `x-api-token` or as a `token` query parameter.  \n// as a custom header\ncurl \"https://api.crowdtangle.com/posts\"\n-H \"x-api-token: your-api-token\"  \n// as a query parameter\ncurl \"https://api.crowdtangle.com/posts?token=your-api-token\"  \n#### [](#making-a-request)Making a Request  \nAll requests to the CrowdTangle API are made via GET to `https://api.crowdtangle.com/`. You must use https. Please visit the [API Cheat Sheet](https://help.crowdtangle.com/en/articles/3443476-api-cheat-sheet) to understand how pagination works with our API.  \nBelow are the available endpoints:  \n##### [](#get-posts)[GET /posts](https://github.com/CrowdTangle/API/wiki/Posts)  \n##### [](#get-post)[GET /post](https://github.com/CrowdTangle/API/wiki/Posts#get-postid)  \n##### [](#get-postssearch)[GET /posts/search](https://github.com/CrowdTangle/API/wiki/Search)  \n##### [](#get-leaderboard)[GET /leaderboard](https://github.com/CrowdTangle/API/wiki/Leaderboard)  \n##### [](#get-links)[GET /links](https://github.com/CrowdTangle/API/wiki/Links)  \n##### [](#get-lists)[GET /lists](https://github.com/CrowdTangle/API/wiki/Lists)  \n##### [](#postman-template)Postman Template  \n[Postman](https://www.getpostman.com/) is a free API management software. [Click here to download a JSON file that you can import into Postman (unzip the file to access)](https://www.crowdtangle.com/assets/API-Demo.postman_collection.json.zip), and get a template for each endpoint. Please note that all parameters may not be present in the template; please view the Github API documentation to explore all parameter options.  \nHappy coding!\n",
        "line_start": 1,
        "line_end": 23
    },
    "2": {
        "content": "Source document: ../data/platform-docs-versions/CrowdTangle_API/API Documentation.md\nParagraph location: \n\tResource URL: https://github.com/CrowdTangle/API/wiki/Posts\n\nContent: \n# Resource URL: https://github.com/CrowdTangle/API/wiki/Posts\n",
        "line_start": 43,
        "line_end": 44
    },
    "3": {
        "content": "Source document: ../data/platform-docs-versions/CrowdTangle_API/API Documentation.md\nParagraph location: \n\tPosts\n\t[](#get-posts)GET /posts\n\nContent: \n# Posts  \n## [](#get-posts)GET /posts  \nRetrieve a set of posts for the given parameters.  \n#### [](#endpoint)Endpoint  \n`GET https://api.crowdtangle.com/posts`  \n#### [](#parameters)Parameters  \n| Parameter | Default | Options | Description |\n| --- | --- | --- | --- |\n| accounts | `null` (any account in the List or Dashboard) | a string corresponding to account handles (ie iamcardib) or platform IDs (ie 1436859892) | The account handles or platform ids to search. These can be separated by commas to include multiple accounts. |\n| brandedContent | `no_filter` e.g. all | `as_publisher`, `as_marketer`, `exclude`, `no_filter` | Limits to or excludes posts that have been marked as Branded Content, either as Publisher or Marketer. |\n| count | `10` | `1-100` | The number of posts to return. |\n| endDate | now | \\-  | The latest date at which a post could be posted. Time zone is UTC. Format is \u201cyyyy-mm-ddThh:mm:ss\u201d or \u201cyyyy-mm-dd\u201d (defaults to time 00:00:00). |\n| includeHistory | `null` (does not include) | `true` | Includes timestep data for growth of each post returned. Note that we will not have time-series data for posts that were created after the account was added to CrowdTangle. |\n| language | `null` (all languages) | [2-character Locale code](https://en.wikipedia.org/wiki/List_of_ISO_639-1_codes) | Exceptions: Some languages require more than two characters: Chinese (Simplified) is zh-CN and Chinese (Traditional) is zh-TW. |\n| listIds | `null` (i.e posts from all Lists, not including saved searches or saved posts lists, in the Dashboard) | \\-  | The IDs of lists or saved searches to retrieve. These can be separated by commas to include multiple lists. |\n| minInteractions | `0` | `> 0` | If set, will exclude posts with total interactions below this threshold. |\n| offset | `0` | `> 0` | The number of posts to offset (generally used for pagination). Pagination links will also be provided in the response. |\n| pageAdminTopCountry | `null` | [2-character country code](https://en.m.wikipedia.org/wiki/List_of_ISO_3166_country_codes#Current_ISO_3166_country_codes) | Limits to posts for which the account has the pageAdminTopCountry matching the parameter setting. |\n| searchTerm | `null` | Any string | Returns only posts that match this search term. Terms AND automatically. Separate with commas for OR, use quotes for phrases. E.g. CrowdTangle API -> AND. CrowdTangle, API -> OR. \"CrowdTangle API\" -> AND in that exact order. You can also use traditional Boolean search with this parameter. |\n| sortBy | `overperforming` | `date`, `interaction_rate`, `overperforming`, `total_interactions`, `underperforming` | The method by which to filter and order posts. |\n| startDate | `null` | \\-  | The earliest date at which a post could be posted. Time zone is UTC. Format is \u201cyyyy-mm-ddThh:mm:ss\u201d or \u201cyyyy-mm-dd\u201d (defaults to time 00:00:00). This must be before endDate. Timeframe and startDate are mutually exclusive; if both are passed, startDate will be preferred. |\n| timeframe | `6 HOUR` | Any valid SQL interval (No, we don't pass it through to our database. Don't be silly) | The interval of time to consider from the endDate. Timeframe and startDate are mutually exclusive; if both are passed, startDate will be preferred. Depending on the number of posts, longer timeframes may not return within the timeout window. If you get a 504, try shortening your timeframe. |\n| types | `null` (all) | `album`, `igtv`, `link`, `live_video`, `live_video_complete`, `live_video_scheduled`, `native_video`, `photo`, `status`, `video`, `vine`, `youtube` | The types of post to include. These can be separated by commas to include multiple types. If you want all live videos (whether currently or formerly live), be sure to include both live\\_video and live\\_video\\_complete. The \"video\" type does not mean all videos, it refers to videos that aren't native\\_video or youtube (e.g. a video on Vimeo). |\n| verified | `no_filter` (all) | `only`, `exclude`, `no_filter` | Limits to posts where the account has the verified setting matching the input. |\n| weightAngry, weightComment, weightHaha, weightLike, weightLove, weightRepost, weightSad, weightShare, weightUpvote, weightView, weightWow | 0   | 0-10 | How much weight to give to each type of interaction. If you send in no weights, all weights will use the current dashboard defaults. If you send in at least one weight, all other weights will default to 0. Weights are multiplied by interaction counts: e.g. weightsComment at 1 and all others at 0 will find the most commented-on posts. weightLike at 1 and weightShare at 2 will give shares twice the impact as likes when computing scores. |  \n#### [](#response)Response  \nThe Response contains both a status code and a result. The status will always be 200 if there is no error. The result contains an array of [post objects](https://github.com/CrowdTangle/API/wiki/Post) and a [pagination object](https://github.com/CrowdTangle/API/wiki/Pagination) with URLs for both the next and previous page, if they exist. Below is an example response.  \n// Call: https://api.crowdtangle.com/posts?token=TOKEN&listIds=1310154&sortBy=total_interactions&count=2\n{\n\"status\": 200,\n\"result\": {\n\"posts\": [\n{\n\"platformId\": \"11430503918_10159078346893919\",\n\"platform\": \"Facebook\",\n\"date\": \"2020-10-29 14:56:05\",\n\"updated\": \"2020-10-29 19:03:44\",\n\"type\": \"photo\",\n\"message\": \"Sali\u00f3 el sol \ud83d\ude0e \u00c1nimo mi gente que hoy es JUERNES!!!! \ud83d\udd7a\ud83c\udffb#Perfecta\",\n\"expandedLinks\": [\n{\n\"original\": \"https://www.facebook.com/luisfonsi/photos/a.74490428918/10159078346893919/?type=3\",\n\"expanded\": \"https://www.facebook.com/luisfonsi/photos/a.74490428918/10159078346893919/?type=3\"\n}\n],\n\"link\": \"https://www.facebook.com/luisfonsi/photos/a.74490428918/10159078346893919/?type=3\",\n\"postUrl\": \"https://www.facebook.com/luisfonsi/posts/10159078346893919\",\n\"subscriberCount\": 13231210,\n\"score\": 55081.0,\n\"media\": [\n{\n\"type\": \"photo\",\n\"url\": \"https://scontent-sea1-1.xx.fbcdn.net/v/t1.0-0/p600x600/123184409_10159078346898919_2930797796463495309_o.jpg?_nc_cat=110&ccb=2&_nc_sid=2d5d41&_nc_ohc=K6a18H3Rdd0AX_6WnSi&_nc_ht=scontent-sea1-1.xx&tp=6&oh=f2f8879521dd107979e73ccad9a40260&oe=5FC0E9D8\",\n\"height\": 719,\n\"width\": 600,\n\"full\": \"https://scontent-sea1-1.xx.fbcdn.net/v/t1.0-0/p600x600/123184409_10159078346898919_2930797796463495309_o.jpg?_nc_cat=110&ccb=2&_nc_sid=2d5d41&_nc_ohc=K6a18H3Rdd0AX_6WnSi&_nc_ht=scontent-sea1-1.xx&tp=6&oh=f2f8879521dd107979e73ccad9a40260&oe=5FC0E9D8\"\n}\n],\n\"statistics\": {\n\"actual\": {\n\"likeCount\": 42617,\n\"shareCount\": 303,\n\"commentCount\": 1060,\n\"loveCount\": 10937,\n\"wowCount\": 35,\n\"hahaCount\": 123,\n\"sadCount\": 4,\n\"angryCount\": 2,\n\"thankfulCount\": 0,\n\"careCount\": 520\n},\n\"expected\": {\n\"likeCount\": 10773,\n\"shareCount\": 137,\n\"commentCount\": 359,\n\"loveCount\": 3279,\n\"wowCount\": 18,\n\"hahaCount\": 16,\n\"sadCount\": 2,\n\"angryCount\": 2,\n\"thankfulCount\": 0,\n\"careCount\": 167\n}\n},\n\"account\": {\n\"id\": 11023,\n\"name\": \"Luis Fonsi\",\n\"handle\": \"luisfonsi\",\n\"profileImage\": \"https://scontent-sea1-1.xx.fbcdn.net/v/t1.0-1/p200x200/44395322_10156942313018919_1108227336190296064_n.jpg?_nc_cat=1&ccb=2&_nc_sid=dbb9e7&_nc_ohc=q9kfC3Ks0HcAX-7VZ53&_nc_ht=scontent-sea1-1.xx&tp=6&oh=1f921982b59ade01b6b5907929b2ee30&oe=5FBFC603\",\n\"subscriberCount\": 13231210,\n\"url\": \"https://www.facebook.com/11430503918\",\n\"platform\": \"Facebook\",\n\"platformId\": \"11430503918\",\n\"accountType\": \"facebook_page\",\n\"pageAdminTopCountry\": \"US\",\n\"verified\": true\n},\n\"Id\": \"11023|10159078346893919\",\n\"legacyid\": 110173423951\n},\n{\n\"platformId\": \"10162931178_10157582304861179\",\n\"platform\": \"Facebook\",\n\"date\": \"2020-10-29 17:00:00\",\n\"updated\": \"2020-10-29 19:07:42\",\n\"type\": \"photo\",\n\"expandedLinks\": [\n{\n\"original\": \"https://www.facebook.com/tobymac/photos/a.241173571178/10157582303601179/?type=3\",\n\"expanded\": \"https://www.facebook.com/tobymac/photos/a.241173571178/10157582303601179/?type=3\"\n}\n],\n\"link\": \"https://www.facebook.com/tobymac/photos/a.241173571178/10157582303601179/?type=3\",\n\"postUrl\": \"https://www.facebook.com/tobymac/posts/10157582304861179\",\n\"subscriberCount\": 5043407,\n\"score\": 52888.0,\n\"media\": [\n{\n\"type\": \"photo\",\n\"url\": \"https://scontent-sea1-1.xx.fbcdn.net/v/t1.0-9/p720x720/123164065_10157582303606179_1644220515968605599_o.jpg?_nc_cat=102&ccb=2&_nc_sid=8024bb&_nc_ohc=xzqACcCLEjwAX9l86ZA&_nc_ht=scontent-sea1-1.xx&tp=6&oh=cf86ece71d72344058e2115fdcfb7de2&oe=5FC1563B\",\n\"height\": 720,\n\"width\": 720,\n\"full\": \"https://scontent-sea1-1.xx.fbcdn.net/v/t1.0-9/p720x720/123164065_10157582303606179_1644220515968605599_o.jpg?_nc_cat=102&ccb=2&_nc_sid=8024bb&_nc_ohc=xzqACcCLEjwAX9l86ZA&_nc_ht=scontent-sea1-1.xx&tp=6&oh=cf86ece71d72344058e2115fdcfb7de2&oe=5FC1563B\"\n}\n],\n\"statistics\": {\n\"actual\": {\n\"likeCount\": 22509,\n\"shareCount\": 15651,\n\"commentCount\": 383,\n\"loveCount\": 14248,\n\"wowCount\": 58,\n\"hahaCount\": 9,\n\"sadCount\": 29,\n\"angryCount\": 1,\n\"thankfulCount\": 0,\n\"careCount\": 410\n},\n\"expected\": {\n\"likeCount\": 11644,\n\"shareCount\": 5123,\n\"commentCount\": 280,\n\"loveCount\": 5404,\n\"wowCount\": 9,\n\"hahaCount\": 4,\n\"sadCount\": 8,\n\"angryCount\": 2,\n\"thankfulCount\": 0,\n\"careCount\": 190\n}\n},\n\"account\": {\n\"id\": 20656,\n\"name\": \"TobyMac\",\n\"handle\": \"tobymac\",\n\"profileImage\": \"https://scontent-sea1-1.xx.fbcdn.net/v/t1.0-1/p200x200/96034089_10157131542946179_1640202341955141632_n.jpg?_nc_cat=1&ccb=2&_nc_sid=dbb9e7&_nc_ohc=qy0yJDS2mAQAX_jqKlW&_nc_ht=scontent-sea1-1.xx&tp=6&oh=8b8c02a81a13632fdb4b1340abdba255&oe=5FC170E9\",\n\"subscriberCount\": 5043407,\n\"url\": \"https://www.facebook.com/10162931178\",\n\"platform\": \"Facebook\",\n\"platformId\": \"10162931178\",\n\"accountType\": \"facebook_page\",\n\"pageAdminTopCountry\": \"US\",\n\"verified\": true\n},\n\"imageText\": \"2 the trees are about to show us how lovely it is to let things go tOBYMAC #SPEAKLIFE\",\n\"Id\": \"20656|10157582304861179\",\n\"legacyid\": 110181321374\n}\n],\n\"pagination\": {\n\"nextPage\": \"https://api.crowdtangle.com/posts?token=TOKEN&sortBy=total_interactions&endDate=2020-10-29T19:21&startDate=2020-10-29T13:21:06&listIds=1310154&searchField=TEXT_FIELDS_AND_IMAGE_TEXT&count=2&offset=2\"\n}\n}\n}\n",
        "line_start": 44,
        "line_end": 218
    },
    "4": {
        "content": "Source document: ../data/platform-docs-versions/CrowdTangle_API/API Documentation.md\nParagraph location: \n\tPosts\n\t[](#get-postid)GET /post/:id\n\nContent: \n## [](#get-postid)GET /post/:id  \nRetrieves a specific post. There are two versions of this endpoint, depending upon what you need. Both return the same data. Please note that you must use a dashboard token that corresponds to the post platform - i.e. an Instagram token for Instagram posts, and a Facebook token for Facebook posts.  \nPlease also note that the ID format for Facebook and Instagram are different. For Instagram, it's `[post_id]_[page_id]`, while for Facebook, it's `[page_id]_[post_id]`. While Page and Post IDs can be found in Facebook post URLs, Instagram does not expose the IDs in its URLs. You can pull the necessary Instagram IDs from our API.  \n#### [](#endpoint---platform-id)Endpoint - Platform ID  \n`GET http://api.crowdtangle.com/post/:id`  \n#### [](#path-variables)Path Variables  \n| Path Variable | Description |\n| --- | --- |\n| id  | The ID of the post on its platform which corresponds to the **platformId** property of the Post object. This is provided as a path variable in the URL. For Facebook and Instagram, requires the full \\[number\\]\\_\\[number\\] ID format. |  \n#### [](#parameters-1)Parameters  \n| Parameter | Description |\n| --- | --- |\n| account | The slug or ID of the posting account on its platform. This is required for Reddit, ignored for Facebook and Instagram (where a post ID contain the account's ID). |\n| includeHistory | `null` (does not include) |  \n#### [](#endpoint---crowdtangle-id)Endpoint - CrowdTangle ID  \n`GET http://api.crowdtangle.com/ctpost/:id`  \n#### [](#path-variables-1)Path Variables  \n| Path Variable | Description |\n| --- | --- |\n| id  | The CrowdTangle ID of the post which corresponds to the **id** property of the Post object and is represented in the \\[number\\]\\|\\[number\\] ID format. This is provided as a path variable in the URL. |  \n#### [](#response-1)Response  \nThe response contains a status code and a result. The result is an array of posts containing a single [post](https://github.com/CrowdTangle/API/wiki/Post).  \n// Call: https://api.crowdtangle.com/post/47657117525_10154014482272526?token=TOKEN\n{\n\"status\": 200,\n\"result\": {\n\"posts\": [\n{\n\"platformId\": \"47657117525_10154014482272526\",\n\"platform\": \"Facebook\",\n\"date\": \"2016-02-12 23:38:14\",\n\"updated\": \"2020-08-23 05:48:22\",\n\"type\": \"live_video_complete\",\n\"message\": \"Draymond at Foot Locker for #NBAAllStarTO with a special shoutout to #DubNation.\",\n\"expandedLinks\": [\n{\n\"original\": \"https://www.facebook.com/warriors/videos/10154014482272526/\",\n\"expanded\": \"https://www.facebook.com/warriors/videos/10154014482272526/\"\n}\n],\n\"link\": \"https://www.facebook.com/warriors/videos/10154014482272526/\",\n\"postUrl\": \"https://www.facebook.com/warriors/posts/10154014482272526\",\n\"subscriberCount\": 6041837,\n\"score\": 4.750579867017164,\n\"media\": [\n{\n\"type\": \"video\",\n\"url\": \"https://video-sea1-1.xx.fbcdn.net/v/t42.1790-29/12718926_1213464465334694_1083747983_n.mp4?_nc_cat=109&_nc_sid=985c63&efg=eyJybHIiOjQ0MiwicmxhIjoxNDIwLCJ2ZW5jb2RlX3RhZyI6InYyXzQwMF9jcmZfMjdfbWFpbl8zLjBfc2QifQ%3D%3D&_nc_ohc=e7Ygz2qv-24AX-wSWX2&rl=442&vabr=246&_nc_ht=video-sea1-1.xx&oh=889e0d776d92a84bb57099cad3d28d55&oe=5F43C879\",\n\"height\": 0,\n\"width\": 0\n},\n{\n\"type\": \"photo\",\n\"url\": \"https://scontent-sea1-1.xx.fbcdn.net/v/t15.5256-10/12526285_831341603658336_1493677499_n.jpg?_nc_cat=101&_nc_sid=1055be&_nc_ohc=DH0vfblGwtIAX_x8SBs&_nc_ht=scontent-sea1-1.xx&oh=b09d6378fa261fd45345e79c50c254cb&oe=5F696BE1\",\n\"height\": 400,\n\"width\": 400,\n\"full\": \"https://scontent-sea1-1.xx.fbcdn.net/v/t15.5256-10/12526285_831341603658336_1493677499_n.jpg?_nc_cat=101&_nc_sid=1055be&_nc_ohc=DH0vfblGwtIAX_x8SBs&_nc_ht=scontent-sea1-1.xx&oh=b09d6378fa261fd45345e79c50c254cb&oe=5F696BE1\"\n}\n],\n\"statistics\": {\n\"actual\": {\n\"likeCount\": 24235,\n\"shareCount\": 753,\n\"commentCount\": 5675,\n\"loveCount\": 33,\n\"wowCount\": 18,\n\"hahaCount\": 3,\n\"sadCount\": 0,\n\"angryCount\": 5,\n\"thankfulCount\": 0,\n\"careCount\": 0\n},\n\"expected\": {\n\"likeCount\": 3927,\n\"shareCount\": 279,\n\"commentCount\": 1041,\n\"loveCount\": 1046,\n\"wowCount\": 94,\n\"hahaCount\": 45,\n\"sadCount\": 14,\n\"angryCount\": 19,\n\"thankfulCount\": 0,\n\"careCount\": 2\n}\n},\n\"account\": {\n\"id\": 19889,\n\"name\": \"Golden State Warriors\",\n\"handle\": \"warriors\",\n\"profileImage\": \"https://scontent-sea1-1.xx.fbcdn.net/v/t1.0-1/p200x200/74788912_10158146665972526_3545220405897723904_n.jpg?_nc_cat=1&ccb=2&_nc_sid=dbb9e7&_nc_ohc=9snUpG_pdlQAX90IhWM&_nc_ht=scontent-sea1-1.xx&tp=6&oh=f8a3d3b62b507966ecc68de3b557fe84&oe=5FBF1185\",\n\"subscriberCount\": 11580228,\n\"url\": \"https://www.facebook.com/47657117525\",\n\"platform\": \"Facebook\",\n\"platformId\": \"47657117525\",\n\"accountType\": \"facebook_page\",\n\"pageAdminTopCountry\": \"US\",\n\"verified\": true\n},\n\"videoLengthMS\": 307968,\n\"liveVideoStatus\": \"completed\",\n\"Id\": \"19889|10154014482272526\",\n\"legacyid\": 1686762829\n}\n]\n}\n}\n",
        "line_start": 229,
        "line_end": 335
    },
    "5": {
        "content": "Source document: ../data/platform-docs-versions/CrowdTangle_API/API Documentation.md\nParagraph location: \n\tResource URL: https://github.com/CrowdTangle/API/wiki/Search\n\nContent: \n# Resource URL: https://github.com/CrowdTangle/API/wiki/Search\n",
        "line_start": 351,
        "line_end": 352
    },
    "6": {
        "content": "Source document: ../data/platform-docs-versions/CrowdTangle_API/API Documentation.md\nParagraph location: \n\tSearch\n\t[](#get-postssearch)GET /posts/search\n\nContent: \n# Search  \n## [](#get-postssearch)GET /posts/search  \n_Note: Access to the Search is restricted to a limited set customers and usage requires prior approval by CrowdTangle. [Apply here to activate Search.](https://www.facebook.com/help/contact/908993259530156)_  \nRetrieve a set of posts for the given parameters and search terms. This endpoint, unlike the main `/posts` endpoint, searches the entire, cross-platform CrowdTangle system of posts. It can be limited by lists and accounts, but by default will search beyond the dashboard the token is associated with.  \n**If you submit a query with a blank searchTerm (i.e., searchTerm=\" \"), the result set will be limited to the Dashboard associated with the supplied API token. System-wide blank searches are not supported by default. Please reach out to [support@crowdtangle.com](mailto:support@crowdtangle.com) for more information.**  \n#### [](#endpoint)Endpoint  \n`GET https://api.crowdtangle.com/posts/search`  \n#### [](#calculating-the-number-of-responses)Calculating the number of responses  \nTo calculate the number of responses you'll get for each query, request activation of the hitCount setting [here](https://www.facebook.com/help/contact/908993259530156). Once it's activated, make the query with your full date ranges and `count = 0`. This will return the total number of matches for the search within your date range as a hitCount property.  \n#### [](#parameters)Parameters  \nNote: **Please use startDate!** Our system works much more quickly (and with much less strain) when it only has to search a subset of dates for your data. If you're looking only for posts in 2019, put in a startDate of 2019-01-01 and our system will know it can ignore years' worth of data. If the event you're interested in happened yesterday, put that in and it will return very quickly! We're not making startDate mandatory, but please strongly consider using it!  \n| Parameter | Default | Options | Description |\n| --- | --- | --- | --- |\n| accounts | `null` (any account in the List or Dashboard) | a string corresponding to account handles (ie iamcardib) or platform IDs (ie 1436859892) | The account handles or platform ids to search. These can be separated by commas to include multiple accounts. |\n| accountTypes | `null` (all) | `facebook_page`, `facebook_group`, `facebook_profile` | Limits search to a specific Facebook account type. You can use more than one type. Requires \"platforms=facebook\" to be set also. If \"platforms=facebook\" is not set, all post types including IG and Reddit will be returned. Only applies to Facebook. |\n| and | `null` | \\-  | Post search is split into OR, AND and NOT chunks. This is the AND section. Each is a phrase match, meaning that `searchTerm` is \"CrowdTangle, API\" and `and` is \"so fast, great documentation,\" it will search for ((\"CrowdTangle\" AND \"so fast\" AND \"great documentation\") OR (\"API\" AND \"so fast\" AND \"great documentation\")). |\n| brandedContent | `no_filter` e.g. all | `as_publisher`, `as_marketer`, `exclude`, `no_filter` | Limits to or excludes posts that have been marked as Branded Content, either as Publisher or Marketer. |\n| count | `10` | `1-100` | The number of posts to return. |\n| endDate | now | \\-  | The latest date at which a post could be posted. Time zone is UTC. Format is \u201cyyyy-mm-ddThh:mm:ss\u201d or \u201cyyyy-mm-dd\u201d (defaults to time 00:00:00). |\n| excludePageCategories | `null` | \\-  | Exclude one or multiple Page Categories from search results, e.g. ARTIST, TV\\_NETWORK, MEDIA\\_NEWS\\_COMPANY. [View the full list of page categories here.](https://www.facebook.com/pages/category/) |\n| includeHistory | `null` (does not include) | `true` | Includes timestep data for growth of each post returned. Note that we will not have time-series data for posts that were created after the account was added to CrowdTangle. |\n| inAccountIds | null | \\-  | A comma-separated list of the IDs of accounts to search within. |\n| includeSummary | false | true, false | Adds a \"summary\" section with total interaction statistics for each platform that matches your search. It will look beyond the count requested to summarize across the time searched. When includeSummary is specified, either startDate or timeframe is required. |\n| inListIds | null | \\-  | A comma-separated list of the IDs of lists to search within. |\n| language | null (all languages) | [2-character Locale code](https://en.wikipedia.org/wiki/List_of_ISO_639-1_codes) | Exceptions: Some languages require more than two characters: Chinese (Simplified) is zh-CN and Chinese (Traditional) is zh-TW. |\n| minInteractions | `0` | `> 0` | If set, will exclude posts with total interactions below this threshold. |\n| minSubscriberCount | `0` | `> 0` | The minimum number of subscribers an account must have to be included in the search results. |\n| not | `null` | \\-  | A corollary to `and`, `not` will exclude all posts matching this word/phrase. |\n| notInAccountIds | null | \\-  | A comma-separated list of the IDs of accounts to exclude. This behaves the same as notInListIds, except with specific accounts. |\n| notInListIds | null | \\-  | A comma-separated list of the the IDs of lists to exclude from results. For instance, if don't want to see news outlet mentions of your search term, 'Lebron James,' you could exclude your sports publishers list. |\n| notInTitle | `null` | \\-  | Exclude all posts whose _account_ title matches this term. E.g. search for \"CrowdTangle\" but ignore any accounts that include the word \"CrowdTangle\" to see what other accounts are posting. |\n| offset | `0` | `> 0` | The number of posts to offset (generally used for pagination). Pagination links will also be provided in the response. |\n| pageAdminTopCountry | `null` | [2-character country code](https://en.m.wikipedia.org/wiki/List_of_ISO_3166_country_codes#Current_ISO_3166_country_codes) | Limits to posts for which the account has the pageAdminTopCountry matching the parameter setting. |\n| pageCategories | `null` | \\-  | Include one or multiple Page Categories in search results, e.g. ARTIST, TV\\_NETWORK, MEDIA\\_NEWS\\_COMPANY. [View the full list of page categories here.](https://www.facebook.com/pages/category/) |\n| platforms | `null` (i.e., all platforms) | `facebook`, `instagram`, `reddit` (reddit is not currently available for the ACADEMICS vertical) | The platforms from which to retrieve posts. This value can be comma-separated. |\n| searchField | `text_fields_and_image_text` | text\\_fields\\_and\\_image\\_text, include\\_query\\_strings\u2028, text\\_fields\\_only , account\\_name\\_only, image\\_text\\_only | This allows you to search image text, URLs with query strings, and account names, in addition to text fields only or both text fields and image text. |\n| searchTerm | `null` | Any string | Note: Use the [API request form](https://www.facebook.com/help/contact/908993259530156) to request activation of Boolean search for this parameter. By default, post search is split into OR, AND and NOT chunks. This is the OR section. Each is a phrase match, meaning that \"CrowdTangle API, organized so cleanly\" will search for \"CrowdTangle API\" or \"organized so cleanly.\" If you want to find those phrases together, put one in here and put one in the AND section. This parameter does not support wildcard or partial-term searches, and is not case-sensitive. If you submit a query with a blank searchTerm (i.e., searchTerm=\" \"), the result set will be limited to the Dashboard associated with the supplied API token. System-wide blank searches are not supported by default. Please reach out to [support@crowdtangle.com](mailto:support@crowdtangle.com) for more information. |\n| sortBy | `overperforming` | `date`, `interaction_rate`, `overperforming`, `total_interactions`, `underperforming` | The method by which to filter and order posts. |\n| startDate | `null` | \\-  | The earliest date at which a post could be posted. Time zone is UTC. Format is \u201cyyyy-mm-ddThh:mm:ss\u201d or \u201cyyyy-mm-dd\u201d (defaults to time 00:00:00). This must be before endDate. Timeframe and startDate are mutually exclusive; if both are passed, startDate will be preferred. |\n| timeframe | `6 HOUR` | Any valid SQL interval (No, we don't pass it through to our database. Don't be silly) | The interval of time to consider from the endDate. Timeframe and startDate are mutually exclusive; if both are passed, startDate will be preferred. |\n| types | `null` (all) | `album`, `igtv`, `link`, `live_video`, `live_video_complete`, `live_video_scheduled`, `native_video`, `photo`, `status`, `video`, `youtube` | The types of post to include. These can be separated by commas to include multiple types. If you want all live videos (whether currently or formerly live), be sure to include both live\\_video and live\\_video\\_complete. |\n| verified | `no_filter` (all) | `only`, `exclude`, `no_filter` | Limits to posts where the account has the verified setting matching the input. This is in addition to the current verifiedOnly parameter. If both are included, Verified will supersede verifiedOnly. |\n| verifiedOnly | `false` | \\-  | Limit results to verified accounts only. Note, this only applies to platforms that supply information about verified accounts. |  \n#### [](#response)Response  \nThe Response contains both a status code and a result. The status will always be 200 if there is no error. The result contains an array of [post objects](https://github.com/CrowdTangle/API/wiki/Post) and a [pagination object](https://github.com/CrowdTangle/API/wiki/Pagination) with URLs for both the next and previous page, if they exist. Below is an example response.  \n//Call: https://api.crowdtangle.com/posts/search?token=TOKEN&count=2&platforms=instagram&searchTerm=spongebob\n{\n\"status\": 200,\n\"result\": {\n\"posts\": [\n{\n\"platformId\": \"2430747914999752704_8048483788\",\n\"platform\": \"Instagram\",\n\"date\": \"2020-10-29 16:09:13\",\n\"updated\": \"2020-10-29 19:16:26\",\n\"type\": \"album\",\n\"description\": \"your move biden\ud83d\ude3c @nelkboys \\n-------------------------------------------\\nWelcome to @lolkowalski.anal ---------------\\nHope you enjoy!\\n---------------\\nTag a friend to make their day! \ud83d\ude4c\ud83c\udf89\\n---------------\\nSupport the page for more \u2764\\n\u2014\u2014\u2014\u2014\u2014\u2014\u2014\\n#memesdaily #memes\ud83d\ude02 #memes #dankmemes #dankestmemes #funnymemes #funnyvideos #racooneggs #swaggersouls #kermitmemes #dogmemes #stupidmemes #russianbadger #wholesomememes #viral #robloxmemes #funnyvines #funny #deadmemes #dumbmemes #offensivememes #offensivememes\ud83d\udca6\ud83d\udc40\ud83d\udcaf\ud83d\ude02\ud83d\ude02\ud83d\udc8e\ud83d\udd25\ud83d\ude24\ud83d\udca6\ud83d\udc4c\ud83d\udcaf\ud83d\ude02\ud83d\ude4f\ud83d\ude02\ud83d\ude02\ud83d\udc8e\ud83d\udc8e\ud83d\udd25\ud83d\ude24\ud83d\udca6\ud83d\udc40\ud83d\udc40 #fortnite #vinesthatkeepmefromendingitall #vinez #fitzmemes #fitz #spongebobmemes #spongebob #memesvirales\",\n\"postUrl\": \"https://www.instagram.com/p/CG7wFmcFOgA/\",\n\"subscriberCount\": 16210,\n\"score\": 5.601123595505618,\n\"media\": [\n{\n\"type\": \"video\",\n\"url\": \"https://video-sea1-1.cdninstagram.com/v/t50.2886-16/122949371_696991084251666_2254624911693548026_n.mp4?_nc_cat=104&vs=17847823484380766_3400261711&_nc_vs=HBksFQAYJEdQc09WQWNTQ3YzaDZIa0NBUHFKUFdOcENVb2Zia1lMQUFBRhUAAsgBABUAGCRHUGhHVkFmU2xBbGlOVVFCQUlveTM4eThEWGxnYmtZTEFBQUYVAgLIAQAoABgAGwGIB3VzZV9vaWwBMRUAABgAFry6zoeHoLQ%2FFQIoAkMzLBdAPTvnbItDlhgSZGFzaF9iYXNlbGluZV8xX3YxEQB17gcA&ccb=2&_nc_sid=59939d&efg=eyJ2ZW5jb2RlX3RhZyI6InZ0c192b2RfdXJsZ2VuLjY0MC5jYXJvdXNlbF9pdGVtIn0%3D&_nc_ohc=FlW2Y_LowDIAX8MoxPb&_nc_ht=video-sea1-1.cdninstagram.com&oh=cf1ea844fb180481304cba578199cdf9&oe=5FC08662&_nc_rid=bfb325b314\",\n\"height\": 0,\n\"width\": 0\n},\n{\n\"type\": \"photo\",\n\"url\": \"https://scontent-sea1-1.cdninstagram.com/v/t51.29350-15/122846131_366536778121839_2835711148568567312_n.jpg?_nc_cat=111&ccb=2&_nc_sid=8ae9d6&_nc_ohc=I9zZKpLDkxcAX8Edz5D&_nc_ht=scontent-sea1-1.cdninstagram.com&oh=ff48970e6c456d6ad5c35da1b0577a04&oe=5FC0359A\",\n\"height\": 800,\n\"width\": 640\n}\n],\n\"statistics\": {\n\"actual\": {\n\"favoriteCount\": 441,\n\"commentCount\": 13\n},\n\"expected\": {\n\"favoriteCount\": 215,\n\"commentCount\": 4\n}\n},\n\"account\": {\n\"id\": 12625341,\n\"name\": \"Kowalski.analysis\",\n\"handle\": \"lolkowalski.anal\",\n\"profileImage\": \"https://scontent-sea1-1.cdninstagram.com/v/t51.2885-15/s150x150/120798515_324484358851454_8006262765166311798_n.jpg?_nc_cat=102&ccb=2&_nc_sid=8ae9d6&_nc_ohc=4NjtWMHg9qYAX8muiwk&_nc_ht=scontent-sea1-1.cdninstagram.com&tp=7&oh=7af14f05c70cec57ae30fbc73aaa0a9c&oe=5FC0C74D\",\n\"subscriberCount\": 16210,\n\"url\": \"https://www.instagram.com/lolkowalski.anal/\",\n\"platform\": \"Instagram\",\n\"platformId\": \"8048483788\",\n\"verified\": false\n},\n\"newId\": \"12625341|2430747914999752704\",\n\"id\": 110177990485\n},\n{\n\"platformId\": \"2430746373845915986_452950430\",\n\"platform\": \"Instagram\",\n\"date\": \"2020-10-29 16:07:58\",\n\"updated\": \"2020-10-29 19:12:35\",\n\"type\": \"video\",\n\"description\": \"Did you not hear me the first time... \ud83d\ude02\\n.\\n.\\n.\\n#meme #memes #spongebob #spongebobmemes #otf #orangetheory #orangetheoryfitness #hellweek #hellweek2020 #flex #arms #armworkout #armsworkout #biceps #triceps #shoulders #muscle #gains #strength #workout #workoutmeme #fitness #fitnessmeme\",\n\"postUrl\": \"https://www.instagram.com/p/CG7vvLIJ5lS/\",\n\"subscriberCount\": 33290,\n\"score\": 3.622107969151671,\n\"media\": [\n{\n\"type\": \"video\",\n\"url\": \"https://video-sea1-1.cdninstagram.com/v/t50.2886-16/122990926_109613797612159_8742625114362453296_n.mp4?_nc_cat=100&vs=17917143178490028_177546623&_nc_vs=HBkcFQAYJEdFNnhWQWQtR25oenNXTUFBRENkXzVrNEMxUjVia1lMQUFBRhUAAsgBACgAGAAbAYgHdXNlX29pbAExFQAAGAAW2Ornkf%2Fi0z8VAigCQzMsF0ARu2RaHKwIGBJkYXNoX2Jhc2VsaW5lXzFfdjERAHXqBwA%3D&ccb=2&_nc_sid=59939d&efg=eyJ2ZW5jb2RlX3RhZyI6InZ0c192b2RfdXJsZ2VuLjcyMC5mZWVkIn0%3D&_nc_ohc=QB2cENLm54UAX9nTcWc&_nc_ht=video-sea1-1.cdninstagram.com&oh=430ff67c681dc2d72eb397c549ed1ae0&oe=5FC030ED&_nc_rid=3aab47924d\",\n\"height\": 0,\n\"width\": 0\n},\n{\n\"type\": \"photo\",\n\"url\": \"https://scontent-sea1-1.cdninstagram.com/v/t51.29350-15/123137960_357996108745190_4752433128898279482_n.jpg?_nc_cat=107&ccb=2&_nc_sid=8ae9d6&_nc_ohc=kRAG7qpfnnYAX_4E_Ut&_nc_ht=scontent-sea1-1.cdninstagram.com&oh=2596387b30cdbe10916d6da4684df14e&oe=5FC21966\",\n\"height\": 883,\n\"width\": 720\n}\n],\n\"statistics\": {\n\"actual\": {\n\"favoriteCount\": 186,\n\"commentCount\": 5,\n},\n\"expected\": {\n\"favoriteCount\": 55,\n\"commentCount\": 3,\n}\n},\n\"account\": {\n\"id\": 8953132,\n\"name\": \"Austin Hendrickson\",\n\"handle\": \"trainingtall\",\n\"profileImage\": \"https://scontent-sea1-1.cdninstagram.com/v/t51.2885-15/s150x150/66480173_498100930731771_674954802056134656_n.jpg?_nc_cat=111&ccb=2&_nc_sid=8ae9d6&_nc_ohc=xYDt_yNs-w0AX-wj5Hm&_nc_ht=scontent-sea1-1.cdninstagram.com&tp=7&oh=4779f2a782dd1850280e01b50748e253&oe=5FC1FE33\",\n\"subscriberCount\": 33290,\n\"url\": \"https://www.instagram.com/trainingtall/\",\n\"platform\": \"Instagram\",\n\"platformId\": \"452950430\",\n\"verified\": false\n},\n\"imageText\": \"Friend: what was your workout today Me: arms Friend: okay but what else Me:... * @trainingtall\",\n\"newId\": \"8953132|2430746373845915986\",\n\"id\": 110177735489\n}\n],\n\"pagination\": {\n\"nextPage\": \"https://api.crowdtangle.com/posts/search?token=TOKEN&sortBy=overperforming&endDate=2020-10-29T19:30&startDate=2020-10-29T13:30:39&searchTerm=spongebob&platforms=instagram&count=2&offset=2\"\n},\n\"hitCount\": 19\n}\n}\n",
        "line_start": 352,
        "line_end": 506
    },
    "7": {
        "content": "Source document: ../data/platform-docs-versions/CrowdTangle_API/API Documentation.md\nParagraph location: \n\tResource URL: https://github.com/CrowdTangle/API/wiki/Leaderboard\n\nContent: \n# Resource URL: https://github.com/CrowdTangle/API/wiki/Leaderboard\n",
        "line_start": 521,
        "line_end": 522
    },
    "8": {
        "content": "Source document: ../data/platform-docs-versions/CrowdTangle_API/API Documentation.md\nParagraph location: \n\tLeaderboard\n\t[](#get-leaderboard)GET /leaderboard\n\nContent: \n# Leaderboard  \n## [](#get-leaderboard)GET /leaderboard  \nRetrieves leaderboard data for a certain list or set of accounts.  \n#### [](#endpoint)Endpoint  \n`GET https://api.crowdtangle.com/leaderboard`  \n#### [](#parameters)Parameters  \n| Parameter | Default | Options | Description |\n| --- | --- | --- | --- |\n| accountIds | \\-  | \\-  | A list of CrowdTangle accountIds to retrieve leaderboard data for. These should be provided comma-separated. This and listId are mutually exclusive; if both are sent, accountIds will be preferred. |\n| count | `50` | `1-100` | The number of [AccountStatistics](https://github.com/CrowdTangle/API/wiki/AccountStatistics) to return. |\n| endDate | now | \\-  | The endDate of the leaderboard range. Time zone is UTC. Format is \u201cyyyy-mm-ddThh:mm:ss\u201d or \u201cyyyy-mm-dd\u201d (defaults to time 00:00:00). |\n| listId | 0 (i.e. the entire dashboard) | \\-  | The list of the leaderboard to retrieve. This and accountIds are mutually exclusive; if both are sent, accountIds will be preferred. |\n| offset | `0` | `> 0` | The number of rows to offset (generally used for pagination). Pagination links will also be provided in the response. |\n| orderBy | `desc` | `asc` or `desc` | the order of the sort. |\n| sortBy | `total_interactions` | `total_interactions`, `interaction_rate` | The method by which the accountStatistics are sorted. |\n| startDate | One day earlier than `endDate` | \\-  | The startDate of the leaderboard rage. Time zone is UTC. Format is \u201cyyyy-mm-ddThh:mm:ss\u201d or \u201cyyyy-mm-dd\u201d (defaults to time 00:00:00). This must be before endDate. |  \n#### [](#response)Response  \nThe Response contains both a status code and a result. The status will always be 200 if there is no error. The result contains an array of [accountStatistics objects](https://github.com/CrowdTangle/API/wiki/AccountStatistics) and a [pagination object](https://github.com/CrowdTangle/API/wiki/Pagination) with URLs for both the next and previous pages, if they exist. Below is an example response.  \n//Call: https://api.crowdtangle.com/leaderboard?token=TOKEN&count=2&listId=73928&orderBy=desc\n{\n\"status\": 200,\n\"result\": {\n\"accountStatistics\": [\n{\n\"account\": {\n\"id\": 19951,\n\"name\": \"ABS-CBN News\",\n\"handle\": \"abscbnNEWS\",\n\"profileImage\": \"https://scontent-sea1-1.xx.fbcdn.net/v/t1.0-1/p200x200/96088298_10158305548140168_1839350273139539968_n.jpg?_nc_cat=1&ccb=2&_nc_sid=dbb9e7&_nc_ohc=QSY0Yoco5BQAX9fb5os&_nc_ht=scontent-sea1-1.xx&tp=6&oh=8040b4f43cf3be6c5bef5d7749e853e6&oe=5FC002EA\",\n\"subscriberCount\": 18899596,\n\"url\": \"https://www.facebook.com/27254475167\",\n\"platform\": \"Facebook\",\n\"platformId\": \"27254475167\",\n\"accountType\": \"facebook_page\",\n\"pageAdminTopCountry\": \"PH\",\n\"verified\": true\n},\n\"summary\": {\n\"loveCount\": 288478,\n\"threePlusMinuteVideoCount\": 14,\n\"totalInteractionCount\": 1307675,\n\"wowCount\": 63029,\n\"thankfulCount\": 0,\n\"interactionRate\": 0.025624886373232528,\n\"likeCount\": 527989,\n\"hahaCount\": 49635,\n\"commentCount\": 112467,\n\"shareCount\": 152661,\n\"careCount\": 9825,\n\"sadCount\": 97952,\n\"angryCount\": 5639,\n\"totalVideoTimeMS\": 5169184,\n\"postCount\": 270\n},\n\"breakdown\": {\n\"native_video\": {\n\"loveCount\": 741,\n\"threePlusMinuteVideoCount\": 2,\n\"totalInteractionCount\": 8371,\n\"wowCount\": 76,\n\"thankfulCount\": 0,\n\"interactionRate\": 0.0040265410964340186,\n\"likeCount\": 4818,\n\"hahaCount\": 558,\n\"commentCount\": 475,\n\"shareCount\": 966,\n\"careCount\": 45,\n\"sadCount\": 671,\n\"angryCount\": 21,\n\"totalVideoTimeMS\": 1162942,\n\"postCount\": 11\n},\n\"owned_video\": {\n\"loveCount\": 1300,\n\"threePlusMinuteVideoCount\": 14,\n\"totalInteractionCount\": 25366,\n\"wowCount\": 204,\n\"thankfulCount\": 0,\n\"interactionRate\": 0.004063578925179141,\n\"likeCount\": 12782,\n\"hahaCount\": 1155,\n\"commentCount\": 2081,\n\"shareCount\": 4139,\n\"careCount\": 116,\n\"sadCount\": 3339,\n\"angryCount\": 250,\n\"totalVideoTimeMS\": 5169184,\n\"postCount\": 33\n},\n\"crosspost\": {\n\"loveCount\": 559,\n\"threePlusMinuteVideoCount\": 12,\n\"totalInteractionCount\": 16995,\n\"wowCount\": 128,\n\"thankfulCount\": 0,\n\"interactionRate\": 0.004084743398747783,\n\"likeCount\": 7964,\n\"hahaCount\": 597,\n\"commentCount\": 1606,\n\"shareCount\": 3173,\n\"careCount\": 71,\n\"sadCount\": 2668,\n\"angryCount\": 229,\n\"totalVideoTimeMS\": 4006242,\n\"postCount\": 22\n},\n\"link\": {\n\"loveCount\": 27310,\n\"totalInteractionCount\": 209492,\n\"wowCount\": 7222,\n\"thankfulCount\": 0,\n\"interactionRate\": 0.006121823979729514,\n\"likeCount\": 74381,\n\"hahaCount\": 14693,\n\"commentCount\": 26168,\n\"shareCount\": 24451,\n\"careCount\": 1011,\n\"sadCount\": 31894,\n\"angryCount\": 2362,\n\"postCount\": 181\n},\n\"photo\": {\n\"loveCount\": 259868,\n\"totalInteractionCount\": 1072817,\n\"wowCount\": 55603,\n\"thankfulCount\": 0,\n\"interactionRate\": 0.10136195503861564,\n\"likeCount\": 440826,\n\"hahaCount\": 33787,\n\"commentCount\": 84218,\n\"shareCount\": 124071,\n\"careCount\": 8698,\n\"sadCount\": 62719,\n\"angryCount\": 3027,\n\"postCount\": 56\n}\n},\n\"subscriberData\": {\n\"initialCount\": 18899596,\n\"finalCount\": 18899596\n}\n},\n{\n\"account\": {\n\"id\": 19950,\n\"name\": \"GMA News\",\n\"handle\": \"gmanews\",\n\"profileImage\": \"https://scontent-sea1-1.xx.fbcdn.net/v/t1.0-1/p200x200/18485481_10155134880371977_7256210016168898917_n.png?_nc_cat=1&ccb=2&_nc_sid=dbb9e7&_nc_ohc=fgpfHmrieOcAX-GcFmS&_nc_ht=scontent-sea1-1.xx&oh=ff167f2eb43efb84e6f1c9751674abee&oe=5FC0FE2E\",\n\"subscriberCount\": 15333315,\n\"url\": \"https://www.facebook.com/116724526976\",\n\"platform\": \"Facebook\",\n\"platformId\": \"116724526976\",\n\"accountType\": \"facebook_page\",\n\"pageAdminTopCountry\": \"PH\",\n\"verified\": true\n},\n\"summary\": {\n\"loveCount\": 210622,\n\"threePlusMinuteVideoCount\": 38,\n\"totalInteractionCount\": 1195694,\n\"wowCount\": 42123,\n\"thankfulCount\": 0,\n\"interactionRate\": 0.038034828085120535,\n\"likeCount\": 534466,\n\"hahaCount\": 38910,\n\"commentCount\": 130039,\n\"shareCount\": 133426,\n\"careCount\": 8274,\n\"sadCount\": 80358,\n\"angryCount\": 17476,\n\"totalVideoTimeMS\": 26721066,\n\"postCount\": 205\n},\n\"breakdown\": {\n\"native_video\": {\n\"loveCount\": 810,\n\"threePlusMinuteVideoCount\": 3,\n\"totalInteractionCount\": 11762,\n\"wowCount\": 536,\n\"thankfulCount\": 0,\n\"interactionRate\": 0.004506527127369392,\n\"likeCount\": 5445,\n\"hahaCount\": 287,\n\"commentCount\": 2523,\n\"shareCount\": 1152,\n\"careCount\": 47,\n\"sadCount\": 481,\n\"angryCount\": 481,\n\"totalVideoTimeMS\": 731320,\n\"postCount\": 17\n},\n\"owned_video\": {\n\"loveCount\": 5886,\n\"threePlusMinuteVideoCount\": 25,\n\"totalInteractionCount\": 96042,\n\"wowCount\": 2400,\n\"thankfulCount\": 0,\n\"interactionRate\": 0.012782623979224323,\n\"likeCount\": 38531,\n\"hahaCount\": 8676,\n\"commentCount\": 11158,\n\"shareCount\": 14581,\n\"careCount\": 410,\n\"sadCount\": 9807,\n\"angryCount\": 4593,\n\"totalVideoTimeMS\": 9241758,\n\"postCount\": 49\n},\n\"crosspost\": {\n\"loveCount\": 5076,\n\"threePlusMinuteVideoCount\": 22,\n\"totalInteractionCount\": 84280,\n\"wowCount\": 1864,\n\"thankfulCount\": 0,\n\"interactionRate\": 0.017171759661886554,\n\"likeCount\": 33086,\n\"hahaCount\": 8389,\n\"commentCount\": 8635,\n\"shareCount\": 13429,\n\"careCount\": 363,\n\"sadCount\": 9326,\n\"angryCount\": 4112,\n\"totalVideoTimeMS\": 8510438,\n\"postCount\": 32\n},\n\"link\": {\n\"loveCount\": 14972,\n\"totalInteractionCount\": 239004,\n\"wowCount\": 6058,\n\"thankfulCount\": 0,\n\"interactionRate\": 0.016063062684096685,\n\"likeCount\": 93803,\n\"hahaCount\": 9546,\n\"commentCount\": 37201,\n\"shareCount\": 32432,\n\"careCount\": 1286,\n\"sadCount\": 34411,\n\"angryCount\": 9295,\n\"postCount\": 97\n},\n\"photo\": {\n\"loveCount\": 189496,\n\"totalInteractionCount\": 855693,\n\"wowCount\": 33541,\n\"thankfulCount\": 0,\n\"interactionRate\": 0.12682841251223234,\n\"likeCount\": 399963,\n\"hahaCount\": 20550,\n\"commentCount\": 80677,\n\"shareCount\": 85517,\n\"careCount\": 6536,\n\"sadCount\": 35843,\n\"angryCount\": 3570,\n\"postCount\": 44\n},\n\"share\": {\n\"loveCount\": 268,\n\"threePlusMinuteVideoCount\": 13,\n\"totalInteractionCount\": 4940,\n\"wowCount\": 124,\n\"thankfulCount\": 0,\n\"interactionRate\": 0.0022956549187178373,\n\"likeCount\": 2157,\n\"hahaCount\": 138,\n\"commentCount\": 1000,\n\"shareCount\": 896,\n\"careCount\": 42,\n\"sadCount\": 297,\n\"angryCount\": 18,\n\"totalVideoTimeMS\": 17479308,\n\"postCount\": 14\n},\n\"status\": {\n\"loveCount\": 0,\n\"totalInteractionCount\": 15,\n\"wowCount\": 0,\n\"thankfulCount\": 0,\n\"interactionRate\": 9.782620392263512E-5,\n\"likeCount\": 12,\n\"hahaCount\": 0,\n\"commentCount\": 3,\n\"shareCount\": 0,\n\"careCount\": 0,\n\"sadCount\": 0,\n\"angryCount\": 0,\n\"postCount\": 1\n}\n},\n\"subscriberData\": {\n\"initialCount\": 15333315,\n\"finalCount\": 15333315\n}\n}\n],\n\"pagination\": {\n\"nextPage\": \"https://api.crowdtangle.com/leaderboard?token=TOKEN&orderBy=desc&sortBy=total_interactions&count=2&listId=73928&offset=2\"\n}\n}\n}  \nImportant Notes:  \n* subscriberData: Counts may not be available for selected date ranges based on when we started tracking an account within CrowdTangle. If initialCount or finalCount is 0, we likely were not tracking the account at that time. This can be confirmed by referencing the notes section which could look like this: \"No subscriberCount available for beginning of time range.\" If the note section is present at all, any calculations made with subscriberCount data will need to take into account potentially missing data.\n",
        "line_start": 522,
        "line_end": 823
    },
    "9": {
        "content": "Source document: ../data/platform-docs-versions/CrowdTangle_API/API Documentation.md\nParagraph location: \n\tResource URL: https://github.com/CrowdTangle/API/wiki/Links\n\nContent: \n# Resource URL: https://github.com/CrowdTangle/API/wiki/Links\n",
        "line_start": 836,
        "line_end": 837
    },
    "10": {
        "content": "Source document: ../data/platform-docs-versions/CrowdTangle_API/API Documentation.md\nParagraph location: \n\tLinks\n\t[](#get-links)GET /links\n\nContent: \n# Links  \n## [](#get-links)GET /links  \nRetrieve a set of posts matching a certain link. This will return up to 1000 posts. This endpoint only pulls data from CrowdTangle. To access interaction metrics across the entirety of Facebook, [use this Graph API endpoint.](https://developers.facebook.com/docs/graph-api/reference/v10.0/url)  \n#### [](#endpoint)Endpoint  \n`GET https://api.crowdtangle.com/links`  \n#### [](#parameters)Parameters  \nNote: **Please use startDate!** Our system works much more quickly (and with much less strain) when it only has to search a subset of dates for your data. If you're looking only for posts in 2019, put in a startDate of 2019-01-01 and our system will know it can ignore years' worth of data. If the URL you're interested in was published yesterday, put that in and it will return very quickly! We're not making startDate mandatory, but please strongly consider using it!  \n| Parameter | Default | Options | Description |\n| --- | --- | --- | --- |\n| count | 100 | 1 - 1000 | The number of posts to return. |\n| endDate | now | \\-  | The latest date at which a post could be posted. Time zone is UTC. Format is \u201cyyyy-mm-ddThh:mm:ss\u201d or \u201cyyyy-mm-dd\u201d. |\n| includeHistory | `null` (does not include) | `true` | Includes timestep data for growth of each post returned. Note that we will not have time-series data for posts that were created after the account was added to CrowdTangle. |\n| link | `null` | \\-  | The link to query by. Required. |\n| includeSummary | `false` | `true`, `false` | Adds a \"summary\" section with AccountStatistics for each platform that has posted this link. It will look beyond the count requested to summarize across the time searched. Requires a value for startDate. |\n| offset | 0   | \\>= 0 | The number of posts to offset (generally used for pagination). Pagination links will also be provided in the response. |\n| platforms | `null` (i.e., all platforms) | `facebook`, `instagram`, `reddit` (reddit is not currently available for the ACADEMICS vertical) | The platforms from which to retrieve links. This value can be comma-separated. |\n| searchField | `null` (i.e., does not support query strings) | `Include_query_strings` | Allows you to search URLs containing query strings. |\n| startDate | 0000-00-00 | \\-  | The earliest date at which a post could be posted. Time zone is UTC. Format is \u201cyyyy-mm-ddThh:mm:ss\u201d or \u201cyyyy-mm-dd\u201d (defaults to time 00:00:00). |\n| sortBy | `date` | `subscriber_count`, `total_interactions` | The method by which to order posts (defaults to the most recent). If `subscriber_count`, a startDate is required. |  \n#### [](#response)Response  \nThis returns the same response as [/posts](https://github.com/CrowdTangle/API/wiki/Posts). There is no option for pagination on a links request.\n",
        "line_start": 837,
        "line_end": 858
    },
    "11": {
        "content": "Source document: ../data/platform-docs-versions/CrowdTangle_API/API Documentation.md\nParagraph location: \n\tResource URL: https://github.com/CrowdTangle/API/wiki/lists\n\nContent: \n# Resource URL: https://github.com/CrowdTangle/API/wiki/lists\n",
        "line_start": 868,
        "line_end": 869
    },
    "12": {
        "content": "Source document: ../data/platform-docs-versions/CrowdTangle_API/API Documentation.md\nParagraph location: \n\tLists\n\t[](#get-lists)GET /lists\n\nContent: \n# Lists  \n## [](#get-lists)GET /lists  \nRetrieve the lists, saved searches and saved post lists of the dashboard associated with the token sent in.  \n#### [](#endpoint)Endpoint  \n`GET https://api.crowdtangle.com/lists`  \n#### [](#parameters)Parameters  \nThis endpoint accepts no parameters other than the token.  \n#### [](#response)Response  \nThe Response contains both a status code and a result. The status will always be 200 if there is no error. The result contains an array of list objects.  \n//Call: https://api.crowdtangle.com/lists?token=TOKEN\n{\n\"status\": 200,\n\"result\": {\n\"lists\": [\n{\n\"id\": 1172985,\n\"title\": \"Music Media & Artist Pages\",\n\"type\": \"LIST\"\n},\n{\n\"id\": 1177583,\n\"title\": \"Television\",\n\"type\": \"LIST\"\n},\n{\n\"id\": 1191568,\n\"title\": \"candidato presidencial, presidente, elecci\u00f3n\",\n\"type\": \"SAVED_SEARCH\"\n},\n{\n\"id\": 1224851,\n\"title\": \"Test\",\n\"type\": \"SAVED_POSTS\"\n},\n{\n\"id\": 1391155,\n\"title\": \"Women of the US Senate\",\n\"type\": \"LIST\"\n},\n{\n\"id\": 1394602,\n\"title\": \"coronavirus, 2019nCoV, covid19, covid-19, covid\",\n\"type\": \"SAVED_SEARCH\"\n},\n{\n\"id\": 1424665,\n\"title\": \"2020 US Election\",\n\"type\": \"LIST\"\n},\n{\n\"id\": 1447044,\n\"title\": \"APAC Media\",\n\"type\": \"LIST\"\n}  \n]\n}\n}\n",
        "line_start": 869,
        "line_end": 926
    },
    "13": {
        "content": "Source document: ../data/platform-docs-versions/CrowdTangle_API/API Documentation.md\nParagraph location: \n\tResource URL: https://github.com/CrowdTangle/API/wiki/List-Accounts\n\nContent: \n# Resource URL: https://github.com/CrowdTangle/API/wiki/List-Accounts\n",
        "line_start": 937,
        "line_end": 938
    },
    "14": {
        "content": "Source document: ../data/platform-docs-versions/CrowdTangle_API/API Documentation.md\nParagraph location: \n\tList Accounts\n\t[](#get-listslistidaccounts)GET /lists/:listId/accounts\n\nContent: \n# List Accounts  \n## [](#get-listslistidaccounts)GET /lists/:listId/accounts  \nRetrieve the accounts for a given list. Accounts may only be retrieved for [lists](https://github.com/CrowdTangle/API/wiki/List) of type `LIST`, as saved searches and saved posts do not have associated accounts.  \n#### [](#endpoint)Endpoint  \n`GET https://api.crowdtangle.com/lists/:listId/accounts` (note that :listID is a placeholder for the actual List ID)  \n#### [](#path-variables)Path Variables  \n| Path Variable | Options | Description |\n| --- | --- | --- |\n| :listId | int | The id of the list for which to retrieve accounts. This is provided as a path variable in the URL. |  \n#### [](#parameters)Parameters  \n| Parameter | Default | Options | Description |\n| --- | --- | --- | --- |\n| count | `10` | `1-100` | The number of accounts to return. |\n| offset | `0` | `>= 0` | The number of accounts to offset (generally used for pagination). Pagination links will also be provided in the response. |  \n#### [](#response)Response  \nThe Response contains both a status code and a result. The status will always be 200 if there is no error. The result contains an array of [account](https://github.com/CrowdTangle/API/wiki/Account) objects as well as pagination.  \n//Call: https://api.crowdtangle.com/lists/73928/accounts?token=TOKEN\n{\n\"status\": 200,\n\"result\": {\n\"accounts\": [\n{\n\"id\": 599177,\n\"name\": \"102.3 FM\",\n\"handle\": \"102.3oficial\",\n\"profileImage\": \"https://scontent-sea1-1.xx.fbcdn.net/v/t1.0-1/p200x200/80087839_10156959736320756_6094224427388502016_n.png?_nc_cat=104&ccb=2&_nc_sid=dbb9e7&_nc_ohc=EU8CreSOPHEAX9hIp8D&_nc_ht=scontent-sea1-1.xx&oh=7b6950783794fdc724e0f4db6d16376d&oe=5FC188F0\",\n\"subscriberCount\": 76531,\n\"url\": \"https://www.facebook.com/219679725755\",\n\"platform\": \"Facebook\",\n\"platformId\": \"219679725755\",\n\"accountType\": \"facebook_page\",\n\"pageAdminTopCountry\": \"BR\",\n\"verified\": true\n},\n{\n\"id\": 350212,\n\"name\": \"1 NEWS Sport\",\n\"handle\": \"1NEWSSportNZ\",\n\"profileImage\": \"https://scontent-sea1-1.xx.fbcdn.net/v/t1.0-1/p200x200/84670284_2748436965204409_1817888033798619136_o.jpg?_nc_cat=104&ccb=2&_nc_sid=dbb9e7&_nc_ohc=0Qx-7jQ7uQMAX9dFON4&_nc_ht=scontent-sea1-1.xx&tp=6&oh=cc940281a14f4d8b47c64aaf44bc0c6f&oe=5FC24AC1\",\n\"subscriberCount\": 491559,\n\"url\": \"https://www.facebook.com/122959744418824\",\n\"platform\": \"Facebook\",\n\"platformId\": \"122959744418824\",\n\"accountType\": \"facebook_page\",\n\"pageAdminTopCountry\": \"NZ\",\n\"verified\": true\n},\n{\n\"id\": 3197681,\n\"name\": \"92 R\u00e1dio\",\n\"handle\": \"92radio\",\n\"profileImage\": \"https://scontent-sea1-1.xx.fbcdn.net/v/t1.0-1/p200x200/99257503_722143998557016_8827713529218859008_n.png?_nc_cat=103&ccb=2&_nc_sid=dbb9e7&_nc_ohc=8r4QxU6sRMcAX_DqkaD&_nc_ht=scontent-sea1-1.xx&oh=d58aff39f73b1f48e9f33354a87078f9&oe=5FC22EC1\",\n\"subscriberCount\": 371061,\n\"url\": \"https://www.facebook.com/142034879901267\",\n\"platform\": \"Facebook\",\n\"platformId\": \"142034879901267\",\n\"accountType\": \"facebook_page\",\n\"pageAdminTopCountry\": \"BR\",\n\"verified\": true\n},\n{\n\"id\": 103875,\n\"name\": \"1 NEWS\",\n\"handle\": \"1NEWSNZ\",\n\"profileImage\": \"https://scontent-sea1-1.xx.fbcdn.net/v/t1.0-1/p200x200/83740946_10156915024251218_5477944535067656192_o.jpg?_nc_cat=1&ccb=2&_nc_sid=dbb9e7&_nc_ohc=C-MytOLfteYAX91gnog&_nc_ht=scontent-sea1-1.xx&tp=6&oh=f2a50999c0973deb3d5e7e6d15b571cc&oe=5FBED15B\",\n\"subscriberCount\": 860358,\n\"url\": \"https://www.facebook.com/179995481217\",\n\"platform\": \"Facebook\",\n\"platformId\": \"179995481217\",\n\"accountType\": \"facebook_page\",\n\"pageAdminTopCountry\": \"NZ\",\n\"verified\": true\n},\n{\n\"id\": 890542,\n\"name\": \"180graus\",\n\"handle\": \"portal180\",\n\"profileImage\": \"https://scontent-sea1-1.xx.fbcdn.net/v/t1.0-1/p200x200/21317492_1550607891667164_6010646426118565060_n.png?_nc_cat=1&ccb=2&_nc_sid=dbb9e7&_nc_ohc=L4KDOPydKawAX8s6P3U&_nc_ht=scontent-sea1-1.xx&oh=54d627c3a9f0f29d47a008422166ecd6&oe=5FC11277\",\n\"subscriberCount\": 498309,\n\"url\": \"https://www.facebook.com/133619913365976\",\n\"platform\": \"Facebook\",\n\"platformId\": \"133619913365976\",\n\"accountType\": \"facebook_page\",\n\"pageAdminTopCountry\": \"BR\",\n\"verified\": false\n},\n{\n\"id\": 125506,\n\"name\": \"3al6ayer \u0639\u0644\u0649 \u0627\u0644\u0637\u0627\u064a\u0631\",\n\"handle\": \"3al6ayer\",\n\"profileImage\": \"https://scontent-sea1-1.xx.fbcdn.net/v/t1.0-1/p200x200/998336_681411518551934_1908797493_n.jpg?_nc_cat=102&ccb=2&_nc_sid=dbb9e7&_nc_ohc=lvNmqMEq_xIAX_TGB5O&_nc_ht=scontent-sea1-1.xx&tp=6&oh=088d3ca604cc66319bd182957c429d91&oe=5FC1FD04\",\n\"subscriberCount\": 165400,\n\"url\": \"https://www.facebook.com/167202989972792\",\n\"platform\": \"Facebook\",\n\"platformId\": \"167202989972792\",\n\"accountType\": \"facebook_page\",\n\"pageAdminTopCountry\": \"SA\",\n\"verified\": false\n},\n{\n\"id\": 73861,\n\"name\": \"7NEWS Brisbane\",\n\"handle\": \"7NEWSBrisbane\",\n\"profileImage\": \"https://scontent-sea1-1.xx.fbcdn.net/v/t1.0-1/p200x200/110153825_3519595848053242_4551573958521464986_o.jpg?_nc_cat=1&ccb=2&_nc_sid=dbb9e7&_nc_ohc=J4dfl6cHW9gAX_8Rqo4&_nc_ht=scontent-sea1-1.xx&tp=6&oh=d807f3b3de789deb0e5eeb8dea2635ef&oe=5FBF3622\",\n\"subscriberCount\": 879485,\n\"url\": \"https://www.facebook.com/130736376939223\",\n\"platform\": \"Facebook\",\n\"platformId\": \"130736376939223\",\n\"accountType\": \"facebook_page\",\n\"pageAdminTopCountry\": \"AU\",\n\"verified\": true\n},\n{\n\"id\": 370544,\n\"name\": \"20minutos.es\",\n\"handle\": \"20minutos.es\",\n\"profileImage\": \"https://scontent-sea1-1.xx.fbcdn.net/v/t1.0-1/p200x200/101918673_10158805078443028_8487187545371705344_n.jpg?_nc_cat=1&ccb=2&_nc_sid=dbb9e7&_nc_ohc=eAgajQdoI6QAX8tpvjc&_nc_ht=scontent-sea1-1.xx&tp=6&oh=3d97d06c47b5bdc49d32b7639f1ef9bc&oe=5FC0ADE7\",\n\"subscriberCount\": 1182770,\n\"url\": \"https://www.facebook.com/38352573027\",\n\"platform\": \"Facebook\",\n\"platformId\": \"38352573027\",\n\"accountType\": \"facebook_page\",\n\"pageAdminTopCountry\": \"ES\",\n\"verified\": true\n},\n{\n\"id\": 126940,\n\"name\": \"8\u89c6\u754c\u65b0\u95fb\u65b0\u52a0\u5761 8world News\",\n\"handle\": \"8worldnews\",\n\"profileImage\": \"https://scontent-sea1-1.xx.fbcdn.net/v/t1.0-1/p200x200/67619567_2718618618156437_1151093394726977536_o.jpg?_nc_cat=1&ccb=2&_nc_sid=dbb9e7&_nc_ohc=gTsIUOT20AEAX8xZruI&_nc_ht=scontent-sea1-1.xx&tp=6&oh=e1cade89b1c644d32f186b4fd5599c0e&oe=5FBFDD41\",\n\"subscriberCount\": 541283,\n\"url\": \"https://www.facebook.com/140711089280549\",\n\"platform\": \"Facebook\",\n\"platformId\": \"140711089280549\",\n\"accountType\": \"facebook_page\",\n\"pageAdminTopCountry\": \"SG\",\n\"verified\": true\n},\n{\n\"id\": 126958,\n\"name\": \"7NEWS Australia\",\n\"handle\": \"7NewsAustralia\",\n\"profileImage\": \"https://scontent-sea1-1.xx.fbcdn.net/v/t1.0-1/p200x200/112317767_4000945319915631_7312856053571991158_n.jpg?_nc_cat=1&ccb=2&_nc_sid=dbb9e7&_nc_ohc=Rs8hBtmGC2UAX_TBxSR&_nc_ht=scontent-sea1-1.xx&tp=6&oh=9328967efcc8f1d6fac13d5773ba3fb0&oe=5FBFE517\",\n\"subscriberCount\": 2058247,\n\"url\": \"https://www.facebook.com/114503341893201\",\n\"platform\": \"Facebook\",\n\"platformId\": \"114503341893201\",\n\"accountType\": \"facebook_page\",\n\"pageAdminTopCountry\": \"AU\",\n\"verified\": true\n}\n],\n\"pagination\": {\n\"nextPage\": \"https://api.crowdtangle.com/lists/:listId/accounts?token=TOKEN\"\n}\n}\n}\n",
        "line_start": 938,
        "line_end": 1095
    },
    "15": {
        "content": "Source document: ../data/platform-docs-versions/CrowdTangle_API/API Documentation.md\nParagraph location: \n\tResource URL: https://github.com/CrowdTangle/API/wiki/Account\n\nContent: \n# Resource URL: https://github.com/CrowdTangle/API/wiki/Account\n",
        "line_start": 1107,
        "line_end": 1108
    },
    "16": {
        "content": "Source document: ../data/platform-docs-versions/CrowdTangle_API/API Documentation.md\nParagraph location: \n\tAccount\n\t[](#account)Account\n\nContent: \n# Account  \n### [](#account)Account  \nAn Account Object represents a page, account or user on a given platform. See examples in [/posts](https://github.com/CrowdTangle/API/wiki/Posts).  \n#### [](#properties)Properties  \n| Property | Type | Descriptions |\n| --- | --- | --- |\n| accountType | string | For Facebook only. Options are facebook\\_page, facebook\\_profile, facebook\\_group. |\n| handle | string | The handle or vanity URL of the account. |\n| id  | int | The unique identifier of the account in the CrowdTangle system. This ID is specific to CrowdTangle, not the platform on which the account exists. |\n| name | string | The name of the account. |\n| pageAdminTopCountry | string | The [ISO country code](https://en.m.wikipedia.org/wiki/List_of_ISO_3166_country_codes#Current_ISO_3166_country_codes) of the the country from where the plurality of page administrators operate. |\n| pageCategory | string | The page category as submitted by the page. View all page categories [here](https://www.facebook.com/pages/category/). |\n| pageCreatedDate | int | The date on which the page was created. |\n| pageDescription | string | The description of the page as documented in Page Transparency information. |\n| platform | enum (facebook, instagram, reddit) | The platform on which the account exists. |\n| platformId | string | The platform's ID for the account. This is not shown for Facebook public users. |\n| profileImage | string | A URL pointing at the profile image. |\n| subscriberCount | int | The number of subscribers/likes/followers the account has. By default, the subscriberCount property will show page Followers (as of January 26, 2021). You can select either Page Likes or Followers in your Dashboard settings. [Learn more here.](https://help.crowdtangle.com/en/articles/4797890-faq-measuring-followers) |\n| url | string | A link to the account on its platform. |\n| verified | boolean | Whether or not the account is verified by the platform, if supported by the platform. If not supported, will return false. |\n",
        "line_start": 1108,
        "line_end": 1128
    },
    "17": {
        "content": "Source document: ../data/platform-docs-versions/CrowdTangle_API/API Documentation.md\nParagraph location: \n\tResource URL: https://github.com/CrowdTangle/API/wiki/Post\n\nContent: \n# Resource URL: https://github.com/CrowdTangle/API/wiki/Post\n",
        "line_start": 1133,
        "line_end": 1134
    },
    "18": {
        "content": "Source document: ../data/platform-docs-versions/CrowdTangle_API/API Documentation.md\nParagraph location: \n\tPost\n\t[](#post)Post\n\nContent: \n# Post  \n### [](#post)Post  \nA post object represents a single post from any of the supported platforms (e.g., Facebook, Instagram). All posts also contain an [account object](https://github.com/CrowdTangle/API/wiki/Account). Below are the properties of a post. See examples in [/posts](https://github.com/CrowdTangle/API/wiki/Posts).  \n#### [](#properties)Properties  \n| Property | Type | Description |\n| --- | --- | --- |\n| account | [Account](https://github.com/CrowdTangle/API/wiki/Account) | See [account](https://github.com/CrowdTangle/API/wiki/Account). |\n| brandedContentSponsor | [Account](https://github.com/CrowdTangle/API/wiki/Account) | See [account](https://github.com/CrowdTangle/API/wiki/Account). This field is only present for Facebook Page posts where there is a sponsoring Page. |\n| caption | text | The caption to a photo, if available. |\n| date | date (\"yyyy\u2011mm\u2011dd\u00a0hh:mm:ss\") | The date and time the post was published. Time zone is UTC. |\n| description | text | Further details, if available. Associated with links or images across different platforms. |\n| expandedLinks | map of text | A map where the keys are the original links that came in the post (which are often shortened), and the values are the expanded links. |\n| id  | string (\"account.id\\|postExternalId\") | The unique identifier of the post in the CrowdTangle system. This ID is specific to CrowdTangle, not the platform from which the post originated. |\n| imageText | string | The text, if it exists, within an image. |\n| legacyid | int | The legacy version of the unique identifier of the post in the CrowdTangle system. This ID is specific to CrowdTangle, not the platform from which the post originated. |\n| link | string | An external URL that the post links to, if available. (Facebook only) |\n| media | array of [media](#media) | An array of available media for the post. |\n| message | text | The user-submitted text on a post. |\n| platform | enum (facebook, instagram, reddit) | The platform on which the post was posted. E.g., Facebook, Instagram, etc. |\n| platformId | string | The platform's ID for the post. |\n| postUrl | string | The URL to access the post on its platform. |\n| score | double | The score of a post as measured by the request. E.g. it will represent the overperforming score if the request `sortBy` specifies `overperforming`, the interaction rate if the request specifies `interaction_rate`, etc. |\n| statistics | [Statistics](#statistics) | Performance metrics associated with the post. |\n| subscriberCount | int | The number of subscriber the account had _when the post was published_. This is in contrast to the subscriberCount found on the [account](https://github.com/CrowdTangle/API/wiki/Account), which represents the current number of subscribers an account has. |\n| type | enum (album, igtv, link, live\\_video, live\\_video\\_complete, live\\_video\\_scheduled, native\\_video, photo, status, video, vine, youtube) | The type of the post. |\n| updated | date (\"yyyy\u2011mm\u2011dd\u00a0hh:mm:ss\") | The date and time the post was most recently updated in CrowdTangle, which is most often via getting new scores from the platform. Time zone is UTC. |\n| videoLengthMS | int | The length of the video in milliseconds. |\n| liveVideoStatus | string (\"live\", \"completed\", \"upcoming\") | The status of the live video. |\n",
        "line_start": 1134,
        "line_end": 1162
    },
    "19": {
        "content": "Source document: ../data/platform-docs-versions/CrowdTangle_API/API Documentation.md\nParagraph location: \n\tPost\n\t[](#statistics)Statistics\n\nContent: \n### [](#statistics)Statistics  \nTwo sets of metrics for a post: `actual` and `expected`. `actual` represents the actual metrics of the post, e.g., likeCount or commentCount. `expected` represents what that post's metrics were expected to be given that post's properties, as calculated by CrowdTangle. These metrics differ by `platform`. For instance, Facebook will include, \"likeCount,\" \"commentCount,\" and \"shareCount\" while Instagram includes \"favoriteCount\" and \"commentCount.\" The full list is below.  \n#### [](#properties-1)Properties  \n| Property | Type | Description |\n| --- | --- | --- |\n| actual | Map<String,\u00a0Long> | A set of key-value pairs representing the actual metrics of the post. |\n| expected | Map<String,\u00a0Long> | A set of key-values pairs representing the metrics CrowdTangle expected a post like this to accrue. |  \n##### [](#possible-metrics)Possible Metrics  \n| Property | platforms |\n| --- | --- |\n| angryCount | Facebook |\n| commentCount | Facebook, Instagram, Reddit |\n| favoriteCount | Instagram |\n| hahaCount | Facebook |\n| likeCount | Facebook |\n| loveCount | Facebook |\n| sadCount | Facebook |\n| shareCount | Facebook |\n| upCount | Reddit |\n| wowCount | Facebook |\n| thankfulCount\\* | Facebook |\n| careCount | Facebook |  \n\\*The purple flower \"Thankful\" reaction was a temporary reaction available in 2016 and 2017. (See more [HERE](https://about.fb.com/news/2017/05/join-facebook-in-celebrating-moms-around-the-world/)). This metric surfaces thankfulCount for legacy posts that accrued Thankful reactions prior to the reaction's removal from Facebook.\n",
        "line_start": 1167,
        "line_end": 1190
    },
    "20": {
        "content": "Source document: ../data/platform-docs-versions/CrowdTangle_API/API Documentation.md\nParagraph location: \n\tPost\n\t[](#media)Media\n\nContent: \n### [](#media)Media  \nThe media object represents a piece of media (e.g., video, photo) for a post. It contains the type, source and any additional metadata.  \n#### [](#properties-2)Properties  \n| Property | Type | Description |\n| --- | --- | --- |\n| full | string | The source of the full-sized version of the media. |\n| height | int | The height of the media. |\n| type | enum (photo or video) | The type of the media. |\n| url | string | The source of the media. |\n| width | int | The width of the media. |\n",
        "line_start": 1197,
        "line_end": 1207
    },
    "21": {
        "content": "Source document: ../data/platform-docs-versions/CrowdTangle_API/API Documentation.md\nParagraph location: \n\tResource URL: https://github.com/CrowdTangle/API/wiki/List\n\nContent: \n# Resource URL: https://github.com/CrowdTangle/API/wiki/List\n",
        "line_start": 1211,
        "line_end": 1212
    },
    "22": {
        "content": "Source document: ../data/platform-docs-versions/CrowdTangle_API/API Documentation.md\nParagraph location: \n\tList\n\t[](#list)List\n\nContent: \n# List  \n### [](#list)List  \nA List Object represents a list, saved search or saved post list in a dashboard [/lists](https://github.com/CrowdTangle/API/wiki/Lists).  \n#### [](#properties)Properties  \n| Property | Type | Descriptions |\n| --- | --- | --- |\n| title | string | The title of the list as it appears in the dashboard |\n| id  | int | The unique identifier of the list in the CrowdTangle system. Use this id when querying by the `listIds` parameters. |\n| type | enum (SAVED\\_SEARCH, SAVED\\_POSTS, LIST) | The type of the list corresponding with its function in the dashboard. |\n",
        "line_start": 1212,
        "line_end": 1221
    },
    "23": {
        "content": "Source document: ../data/platform-docs-versions/CrowdTangle_API/API Documentation.md\nParagraph location: \n\tResource URL: https://github.com/CrowdTangle/API/wiki/AccountStatistics\n\nContent: \n# Resource URL: https://github.com/CrowdTangle/API/wiki/AccountStatistics\n",
        "line_start": 1226,
        "line_end": 1227
    },
    "24": {
        "content": "Source document: ../data/platform-docs-versions/CrowdTangle_API/API Documentation.md\nParagraph location: \n\tAccountStatistics\n\t[](#accountstatistics)AccountStatistics\n\nContent: \n# AccountStatistics  \n### [](#accountstatistics)AccountStatistics  \nAn AccountStatistics object represents the aggregate statistics of an [account](https://github.com/CrowdTangle/API/wiki/Account) over the specified time. A list of these objects makes up a leaderboard, see examples in [/leaderboard](https://github.com/CrowdTangle/API/wiki/Leaderboard).  \n#### [](#properties)Properties  \n| Property | Type | Description |\n| --- | --- | --- |\n| account | [account](https://github.com/CrowdTangle/API/wiki/Account) | Details about the account not related to statistics. |\n| breakdown | Map<String, [StatisticSet](https://github.com/CrowdTangle/API/wiki/AccountStatistics#StatisticSet)\\> | A StatisticSet for each type of [post](https://github.com/CrowdTangle/API/wiki/Post) the account posted. E.g. photo, video, etc. |\n| subscriberData | [SubscriberData](https://github.com/CrowdTangle/API/wiki/AccountStatistics#SubscriberData) | The subscriberCounts relevant to the date range requested. |\n| summary | [StatisticSet](https://github.com/CrowdTangle/API/wiki/AccountStatistics#StatisticSet) | An aggregate StatisticSet of the `breakdown`. |\n",
        "line_start": 1227,
        "line_end": 1237
    },
    "25": {
        "content": "Source document: ../data/platform-docs-versions/CrowdTangle_API/API Documentation.md\nParagraph location: \n\tAccountStatistics\n\t[](#statisticset)StatisticSet\n\nContent: \n### [](#statisticset)StatisticSet  \nAggregate data for the account in question. Includes basic metrics (likeCount, commentCount, shareCount) as well as some additional metrics. Some of these metrics are platform specific. See [Post/statistics](https://github.com/CrowdTangle/API/wiki/Post#statistics) for the by-platform breakdown.  \n| Property | Type | Description |\n| --- | --- | --- |\n| angryCount | int | Total number of angrys. |\n| commentCount | int | Total number of comments. |\n| favoriteCount | int | Total number of favorites. |\n| hahaCount | int | Total number of hahas. |\n| interactionRate | double | The interactionRate for the given aggregation. This is provided at a percentage. E.g., An `interactionRate` of 1.324 is 1.32%, not 132%. |\n| likeCount | int | Total number of likes for given aggregation. |\n| loveCount | int | Total number of loves. |\n| postCount | int | Total number of posts posted for the given aggregation. |\n| repostCount | int | Total number of reposts. |\n| sadCount | int | Total number of sads. |\n| shareCount | int | Total number of shares. |\n| totalInteractionCount | int | The sum of the individual metric counts. E.g., likeCount + shareCount + commentCount. |\n| upCount | int | Total number of upvotes. |\n| wowCount | int | Total number of wows. |\n| careCount | int | Total number of cares. |\n| threePlusMinuteVideoCount | int | The count of the aggregation's videos of length 3 minutes or longer. |\n| totalVideoTimeMS | int | Total video time in milliseconds. |\n",
        "line_start": 1242,
        "line_end": 1263
    },
    "26": {
        "content": "Source document: ../data/platform-docs-versions/CrowdTangle_API/API Documentation.md\nParagraph location: \n\tAccountStatistics\n\t[](#subscriberdata)SubscriberData\n\nContent: \n### [](#subscriberdata)SubscriberData  \nThe subscriberData for the given date range.  \n| Property | Type | Description |\n| --- | --- | --- |\n| finalCount | int | The number of the subscribers the account had at the end of the date range. |\n| initialCount | int | The number of subscribers the account had at the start of the date range. |\n| notes | String | Human-readable notes. Counts may not be available for selected date ranges based on when we started tracking an account within CrowdTangle. If initialCount or finalCount is 0, we likely were not tracking the account at that time. This can be confirmed by referencing the notes section which could look like this: \"No subscriberCount available for beginning of time range.\" If the note section is present at all, any calculations made with subscriberCount data will need to take into account potentially missing data. |\n",
        "line_start": 1266,
        "line_end": 1273
    },
    "27": {
        "content": "Source document: ../data/platform-docs-versions/CrowdTangle_API/API Documentation.md\nParagraph location: \n\tResource URL: https://github.com/CrowdTangle/API/wiki/Pagination\n\nContent: \n# Resource URL: https://github.com/CrowdTangle/API/wiki/Pagination\n",
        "line_start": 1276,
        "line_end": 1277
    },
    "28": {
        "content": "Source document: ../data/platform-docs-versions/CrowdTangle_API/API Documentation.md\nParagraph location: \n\tPagination\n\t[](#pagination)Pagination\n\nContent: \n# Pagination  \n### [](#pagination)Pagination  \nAn Pagination object offers API endpoints to call for the next or previous pages. The CrowdTangle API simply uses counts and offsets to paginate, so constructing your own pagination URLs is simple as well.  \n#### [](#properties)Properties  \n| Property | Type | Descriptions |\n| --- | --- | --- |\n| nextPage | string | The API URL to call for the next page, if available. |\n| previousPage | string | The API URL to call for the previous page, if available. |\n",
        "line_start": 1277,
        "line_end": 1285
    },
    "29": {
        "content": "Source document: ../data/platform-docs-versions/CrowdTangle_API/API Documentation.md\nParagraph location: \n\tResource URL: https://github.com/CrowdTangle/API/wiki/Errors\n\nContent: \n# Resource URL: https://github.com/CrowdTangle/API/wiki/Errors\n",
        "line_start": 1290,
        "line_end": 1291
    },
    "30": {
        "content": "Source document: ../data/platform-docs-versions/CrowdTangle_API/API Documentation.md\nParagraph location: \n\tErrors\n\t[](#errors)Errors\n\nContent: \n# Errors  \n### [](#errors)Errors  \nEvery error returned by the CrowdTangle API will assume a standard format. The API will additionally return a proper http status as well. If a `200` is returned, there was no error.  \n#### [](#error-response)Error Response  \n| Property | Type | Description |\n| --- | --- | --- |\n| code | int | The [CrowdTangle error code](https://github.com/CrowdTangle/API/wiki/Errors#errorcodes), if available. |\n| message | string | A human-readable message describing the error. Always returned. |\n| status | int | The HTTP status code, if available. |\n| url | string | A URL for more information, if available. |  \nFor example:  \n{\n\"status\": 401,\n\"code\": 30,\n\"message\": \"Please supply an API token\"\n}  \n#### [](#crowdtangle-error-codes)CrowdTangle Error Codes  \n| Code | Description |\n| --- | --- |\n| 20  | Unknown Parameter |\n| 21  | Illegal Parameter Value |\n| 22  | Missing Parameter |\n| 30  | Missing Token |\n| 31  | Invalid Token |\n| 40  | Does Not Exist |\n| 41  | Not Allowed |\n",
        "line_start": 1291,
        "line_end": 1317
    },
    "31": {
        "content": "Source document: ../data/platform-docs-versions/CrowdTangle_API/API Documentation.md\nParagraph location: \n\tResource URL: https://github.com/CrowdTangle/API/wiki/Formats\n\nContent: \n# Resource URL: https://github.com/CrowdTangle/API/wiki/Formats\n",
        "line_start": 1327,
        "line_end": 1328
    },
    "32": {
        "content": "Source document: ../data/platform-docs-versions/CrowdTangle_API/API Documentation.md\nParagraph location: \n\tFormats\n\t[](#formats)Formats\n\nContent: \n# Formats  \n### [](#formats)Formats  \nThe CrowdTangle API supports two formats: xml and json. Requesting the different formats is easy: simply add the extension to the specified endpoint. For example:  \n`https://api.crowdtangle.com/posts.json //=> json`  \n`https://api.crowdtangle.com/posts.xml //=> xml`\n",
        "line_start": 1328,
        "line_end": 1333
    },
    "33": {
        "content": "Source document: ../data/platform-docs-versions/CrowdTangle_API/API Documentation.md\nParagraph location: \n\tResource URL: https://github.com/CrowdTangle/API/wiki/Terms-and-Policy\n\nContent: \n# Resource URL: https://github.com/CrowdTangle/API/wiki/Terms-and-Policy\n",
        "line_start": 1338,
        "line_end": 1339
    },
    "34": {
        "content": "Source document: ../data/platform-docs-versions/CrowdTangle_API/API Documentation.md\nParagraph location: \n\tTerms and Policy\n\nContent: \n# Terms and Policy  \nBy using the CrowdTangle API, you agree to follow the guidelines set forth by the following policy:\n",
        "line_start": 1339,
        "line_end": 1341
    },
    "35": {
        "content": "Source document: ../data/platform-docs-versions/CrowdTangle_API/API Documentation.md\nParagraph location: \n\tTerms and Policy\n\t[](#things-you-care-about)Things You Care About\n\nContent: \n## [](#things-you-care-about)Things You Care About  \n* Tokens\n* To make calls to the API, you must use your own token(s), which you can find in your dashboard(s).\n* Rate Limits\n* Rate limits are set at different levels for different calls, starting as low as 2 per minute per token. We also have internal limits for memory/data/CPU usage and will contact users who go over them.\n* Visibility\n* Do not connect front-end widgets directly to our API. Have your back end pull from the API and cache it, and make the front end use your cache.\n",
        "line_start": 1343,
        "line_end": 1350
    },
    "36": {
        "content": "Source document: ../data/platform-docs-versions/CrowdTangle_API/API Documentation.md\nParagraph location: \n\tTerms and Policy\n\t[](#boring-stuff)Boring Stuff\n\nContent: \n## [](#boring-stuff)Boring Stuff  \n* Platforms\n* The CrowdTangle API includes data from social media platforms. The platforms' individual policies apply to similar objects from CrowdTangle. For example, relevant data from a Facebook post found through the CrowdTangle API remains bound by the Facebook policies.\n* Modification\n* We reserve the right to change this policy at any time without notice or liability to you. Continued use of the API constitutes acceptance of any modifications.\n* Termination\n* If you fail to comply with the policy, we have the right to revoke your API access.\n* If you disagree with any parts of the policy, you may terminate this policy by discontinuing use of our API.\n* Terms\n* CrowdTangle, Inc (\"CrowdTangle\", \"we\", \"us\", \"our\").\n* The CrowdTangle publicly available Application Programming Interface as well as the related API Documentation (\"API\").\n* A person using the API or on behalf of a legal entity with the authority to bind such entity to the policy (\"you\", \"your\").\n* Responsibility\n* You agree to defend, indemnify and hold harmless CrowdTangle from and against all damages, losses, and expenses of any kind (including reasonable legal fees and costs) related to any claim against us related to your service, actions, content or information.\n* API use remains bound by the terms already agreed to with CrowdTangle, which may be our [general terms](https://www.crowdtangle.com/terms).\n",
        "line_start": 1352,
        "line_end": 1367
    }
}