{
    "0": {
        "content": "Source document: ../data/platform-docs-versions/X_Twitter-API-Enterprise/Usage API.md\nParagraph location: \n\tResource URL: https://developer.twitter.com/en/docs/twitter-api/enterprise/usage-api/overview\n\nContent: \n# Resource URL: https://developer.twitter.com/en/docs/twitter-api/enterprise/usage-api/overview\nOverview\n",
        "line_start": 0,
        "line_end": 2
    },
    "1": {
        "content": "Source document: ../data/platform-docs-versions/X_Twitter-API-Enterprise/Usage API.md\nParagraph location: \n\tResource URL: https://developer.twitter.com/en/docs/twitter-api/enterprise/usage-api/overview\n\tOverview\n\nContent: \n## Overview  \nEnterprise  \nThe Usage API is a free REST API that provides programmatic access and visibility into activity consumption across products for your enterprise account. It is the most important and\u00a0_best_\u00a0tool for helping to monitor and manage usage across the different APIs under your account.  \n**Important Disclaimer:**  \nThe usage counts returned from the Usage API may not match those on a billing invoice due to trials and other billing adjustments. All numbers are based on deduped activities consumed within a given day (in UTC).\n",
        "line_start": 3,
        "line_end": 8
    },
    "2": {
        "content": "Source document: ../data/platform-docs-versions/X_Twitter-API-Enterprise/Usage API.md\nParagraph location: \n\tResource URL: https://developer.twitter.com/en/docs/twitter-api/enterprise/usage-api/overview\n\tOverview\n\tFeatures\n\nContent: \n### Features  \n* Programmatically\u00a0retrieving usage data that is available in the console.gnip.com UI\n* Stream level usage data - provides usage data at the stream level (e.g., dev and prod) in addition to the product level\n* Granular and descriptive data - search \"requests\" are broken out by Full-Archive and 30-Day Search products\n* Historical PowerTrack \u201cdays\u201d and \u201cjobs\u201d\n",
        "line_start": 13,
        "line_end": 18
    },
    "3": {
        "content": "Source document: ../data/platform-docs-versions/X_Twitter-API-Enterprise/Usage API.md\nParagraph location: \n\tResource URL: https://developer.twitter.com/en/docs/twitter-api/enterprise/usage-api/overview\n\tSupported APIs\n\nContent: \n## Supported APIs  \nBelow is a list of the APIs currently supported by the Usage API:  \n* PowerTrack API enterprise\n* 30-Day Search API enterprise\n* Full-Archive Search API enterprise\n* Historical PowerTrack enterprise\n",
        "line_start": 20,
        "line_end": 26
    },
    "4": {
        "content": "Source document: ../data/platform-docs-versions/X_Twitter-API-Enterprise/Usage API.md\nParagraph location: \n\tResource URL: https://developer.twitter.com/en/docs/twitter-api/enterprise/usage-api/overview\n\tLimitations\n\nContent: \n## Limitations  \n* The Usage API allows you to access usage data since May 1, 2018.\u00a0 After July 1, 2019 Usage API allows you to access usage data for the\u00a0**trailing 13 calendar months**  \n* You have the ability to access usage data in **three month intervals**\u00a0defined with a fromDate and toDate  \nSee below for a request & response:  \n`curl -u<username>:<password> \\ \"https://gnip-api.twitter.com/metrics/usage/accounts/<account-name>.json?bucket=month\"`  \n`{   \"account\": {     \"name\": \"accountnamehere\"   },   \"publishers\": [     {       \"type\": \"twitter\",       \"used\": [         {           \"timePeriod\": \"201805010000\",           \"activities\": 1235,           \"searchRequests30Day\": 3,           \"searchRequestsFullArchive\": 19,           \"historicalPowertrackDays\": 0,           \"historicalPowertrackJobs\": 0         },         {           \"timePeriod\": \"201806010000\",           \"activities\": 23467,           \"searchRequests30Day\": 0,           \"searchRequestsFullArchive\": 66,           \"historicalPowertrackDays\": 0,           \"historicalPowertrackJobs\": 0         },         {           \"timePeriod\": \"201807010000\",           \"activities\": 431,           \"searchRequests30Day\": 11,           \"searchRequestsFullArchive\": 4,           \"historicalPowertrackDays\": 0,           \"historicalPowertrackJobs\": 0         }       ],       \"projected\": {         \"timePeriod\": \"201807010000\",         \"activities\": 803,         \"searchRequests30Day\": 20,         \"searchRequestsFullArchive\": 7,         \"historicalPowertrackDays\": 0,         \"historicalPowertrackJobs\": 0       },       \"products\": [         {           \"type\": \"Historical PowerTrack Subscription\",           \"used\": [             {               \"timePeriod\": \"201805010000\",               \"activities\": 0,               \"days\": 0,               \"jobs\": 0             },             {               \"timePeriod\": \"201806010000\",               \"activities\": 0,               \"days\": 0,               \"jobs\": 0             },             {               \"timePeriod\": \"201807010000\",               \"activities\": 0,               \"days\": 0,               \"jobs\": 0             }           ],           \"projected\": {             \"timePeriod\": \"201807010000\",             \"activities\": 0,             \"days\": 0,             \"jobs\": 0           }         },         {           \"type\": \"PowerTrack\",           \"used\": [             {               \"timePeriod\": \"201805010000\",               \"activities\": 267             },             {               \"timePeriod\": \"201806010000\",               \"activities\": 3             },             {               \"timePeriod\": \"201807010000\",               \"activities\": 32             }           ],           \"projected\": {             \"timePeriod\": \"201807010000\",             \"activities\": 59           },           \"endpoints\": [             {               \"type\": \"PowerTrack 2.0\",               \"label\": \"actformat\",               \"used\": [                 {                   \"timePeriod\": \"201805010000\",                   \"activities\": 0                 },                 {                   \"timePeriod\": \"201806010000\",                   \"activities\": 0                 },                 {                   \"timePeriod\": \"201807010000\",                   \"activities\": 0                 }               ],               \"projected\": {                 \"timePeriod\": \"201807010000\",                 \"activities\": 0               }             },               {               \"type\": \"PowerTrack Replay 2.0\",               \"label\": \"ogformat\",               \"used\": [                 {                   \"timePeriod\": \"201805010000\",                   \"activities\": 0                 },                 {                   \"timePeriod\": \"201806010000\",                   \"activities\": 0                 },                 {                   \"timePeriod\": \"201807010000\",                   \"activities\": 0                 }               ],               \"projected\": {                 \"timePeriod\": \"201807010000\",                 \"activities\": 0               }             }           ]         },         {           \"type\": \"Search API (30-Day) 2.0\",           \"used\": [             {               \"timePeriod\": \"201805010000\",               \"activities\": 10,               \"searchRequests30Day\": 3             },             {               \"timePeriod\": \"201806010000\",               \"activities\": 0,               \"searchRequests30Day\": 0             },             {               \"timePeriod\": \"201807010000\",               \"activities\": 23,               \"searchRequests30Day\": 11             }           ],           \"projected\": {             \"timePeriod\": \"201807010000\",             \"activities\": 42,             \"searchRequests30Day\": 20           },           \"endpoints\": [             {               \"type\": \"Search API (30-Day) 2.0\",               \"label\": \"ogformat\",               \"used\": [                 {                   \"timePeriod\": \"201805010000\",                   \"activities\": 10,                   \"searchRequests30Day\": 3                 },                 {                   \"timePeriod\": \"201806010000\",                   \"activities\": 0,                   \"searchRequests30Day\": 0                 },                 {                   \"timePeriod\": \"201807010000\",                   \"activities\": 21,                   \"searchRequests30Day\": 10                 }               ],               \"projected\": {                 \"timePeriod\": \"201807010000\",                 \"activities\": 39,                 \"searchRequests30Day\": 18               }             }           ]         },         {           \"type\": \"Search API (Full-Archive)\",           \"used\": [             {               \"timePeriod\": \"201805010000\",               \"activities\": 961,               \"searchRequestsFullArchive\": 19             },             {               \"timePeriod\": \"201806010000\",               \"activities\": 23466,               \"searchRequestsFullArchive\": 66             },             {               \"timePeriod\": \"201807010000\",               \"activities\": 379,               \"searchRequestsFullArchive\": 4             }           ],           \"projected\": {             \"timePeriod\": \"201807010000\",             \"activities\": 706,             \"searchRequestsFullArchive\": 7           },           \"endpoints\": [             {               \"type\": \"Search API (Full-Archive)\",               \"label\": \"actformat\",               \"used\": [                 {                   \"timePeriod\": \"201805010000\",                   \"activities\": 1,                   \"searchRequestsFullArchive\": 3                 },                 {                   \"timePeriod\": \"201806010000\",                   \"activities\": 0,                   \"searchRequestsFullArchive\": 0                 },                 {                   \"timePeriod\": \"201807010000\",                   \"activities\": 2,                   \"searchRequestsFullArchive\": 1                 }               ],               \"projected\": {                 \"timePeriod\": \"201807010000\",                 \"activities\": 3,                 \"searchRequestsFullArchive\": 1               }             },             {               \"type\": \"Search API (Full-Archive)\",               \"label\": \"ogformat\",               \"used\": [                 {                   \"timePeriod\": \"201805010000\",                   \"activities\": 961,                   \"searchRequestsFullArchive\": 16                 },                 {                   \"timePeriod\": \"201806010000\",                   \"activities\": 23466,                   \"searchRequestsFullArchive\": 66                 },                 {                   \"timePeriod\": \"201807010000\",                   \"activities\": 379,                   \"searchRequestsFullArchive\": 3                 }               ],               \"projected\": {                 \"timePeriod\": \"201807010000\",                 \"activities\": 706,                 \"searchRequestsFullArchive\": 5               }             }           ]         }       ]     }   ],   \"bucket\": \"month\",   \"fromDate\": \"201805010000\",   \"toDate\": \"201808010000\" }`\n",
        "line_start": 30,
        "line_end": 36
    },
    "5": {
        "content": "Source document: ../data/platform-docs-versions/X_Twitter-API-Enterprise/Usage API.md\nParagraph location: \n\tResource URL: https://developer.twitter.com/en/docs/twitter-api/enterprise/usage-api/overview\n\tSample Payload\n\nContent: \n## Sample Payload  \nBelow is a sample of the payload:  \n`{   \"account\": {     \"name\": \"gnip-username\"   },   \"bucket\": \"month\",   \"publishers\": [     {       \"type\": \"automattic\",       \"used\": [         {           \"activities\": 0,           \"timePeriod\": \"201603010000\"         }       ],       \"projected\": {         \"activities\": 0,         \"timePeriod\": \"201603010000\"       },       \"products\": [         {           \"type\": \"PowerTrack\",           \"used\": [             {               \"timePeriod\": \"201603010000\",               \"activities\": 0             }           ],           \"projected\": {             \"timePeriod\": \"201603010000\",             \"activities\": 0           },           \"endpoints\": [             {               \"type\": \"PowerTrack\",               \"label\": \"dev\",               \"used\": [                 {                   \"timePeriod\": \"201603010000\",                   \"activities\": 0                 }               ],               \"projected\": {                 \"timePeriod\": \"201603010000\",                 \"activities\": 0               }             }           ]         }       ]     },     {       \"type\": \"twitter\",       \"used\": [         {           \"activities\": 84,           \"searchRequests30Day\": 4,           \"searchRequestsFullArchive\": 0,           \"historicalPowertrackDays\": 0,           \"historicalPowertrackJobs\": 0,           \"timePeriod\": \"201603010000\"         }       ],       \"projected\": {         \"activities\": 0,         \"searchRequests30Day\": 0,         \"searchRequestsFullArchive\": 0,         \"historicalPowertrackDays\": 0,         \"historicalPowertrackJobs\": 0,         \"timePeriod\": \"201601010000\"       },       \"products\": [         {           \"type\": \"Historical PowerTrack 2.0\",           \"used\": [             {               \"timePeriod\": \"201511010000\",               \"activities\": 11884,               \"days\": 5,               \"jobs\": 5             },             {               \"timePeriod\": \"201512010000\",               \"activities\": 0,               \"days\": 0,               \"jobs\": 0             },             {               \"timePeriod\": \"201601010000\",               \"activities\": 0,               \"days\": 0,               \"jobs\": 0             }           ]         },         {           \"type\": \"PowerTrack\",           \"used\": [             {               \"timePeriod\": \"201511010000\",               \"activities\": 0             },             {               \"timePeriod\": \"201512010000\",               \"activities\": 27456             },             {               \"timePeriod\": \"201601010000\",               \"activities\": 0             }           ],           \"projected\": {             \"timePeriod\": \"201601010000\",             \"activities\": 0           },           \"endpoints\": [             {               \"type\": \"PowerTrack\",               \"label\": \"devel\",               \"used\": [                 {                   \"timePeriod\": \"201511010000\",                   \"activities\": 0                 },                 {                   \"timePeriod\": \"201512010000\",                   \"activities\": 2930                 },                 {                   \"timePeriod\": \"201601010000\",                   \"activities\": 0                 }               ],               \"projected\": {                 \"timePeriod\": \"201601010000\",                 \"activities\": 0               }             },             {               \"type\": \"PowerTrack 2.0\",               \"label\": \"devel-v2\",               \"used\": [                 {                   \"timePeriod\": \"201511010000\",                   \"activities\": 0                 },                 {                   \"timePeriod\": \"201512010000\",                   \"activities\": 24542                 },                 {                   \"timePeriod\": \"201601010000\",                   \"activities\": 0                 }               ],               \"projected\": {                 \"timePeriod\": \"201601010000\",                 \"activities\": 0               }             },             {               \"type\": \"PowerTrack 2.0\",               \"label\": \"devel-v2-1\",               \"used\": [                 {                   \"timePeriod\": \"201511010000\",                   \"activities\": 0                 },                 {                   \"timePeriod\": \"201512010000\",                   \"activities\": 0                 },                 {                   \"timePeriod\": \"201601010000\",                   \"activities\": 0                 }               ],               \"projected\": {                 \"timePeriod\": \"201601010000\",                 \"activities\": 0               }             }           ]         },         {           \"type\": \"Search API\",           \"used\": [             {               \"timePeriod\": \"201511010000\",               \"activities\": 0,               \"searchRequests30Day\": 0             },             {               \"timePeriod\": \"201512010000\",               \"activities\": 0,               \"searchRequests30Day\": 0             },             {               \"timePeriod\": \"201601010000\",               \"activities\": 0,               \"searchRequests30Day\": 0             }           ],           \"projected\": {             \"timePeriod\": \"201601010000\",             \"activities\": 0,             \"searchRequests30Day\": 0           },           \"endpoints\": [             {               \"type\": \"Search API\",               \"label\": \"devel\",               \"used\": [                 {                   \"timePeriod\": \"201511010000\",                   \"activities\": 0,                   \"searchRequests30Day\": 0                 },                 {                   \"timePeriod\": \"201512010000\",                   \"activities\": 0,                   \"searchRequests30Day\": 0                 },                 {                   \"timePeriod\": \"201601010000\",                   \"activities\": 0,                   \"searchRequests30Day\": 0                 }               ],               \"projected\": {                 \"timePeriod\": \"201601010000\",                 \"activities\": 0,                 \"searchRequests30Day\": 0               }             }           ]         },         {           \"type\": \"Search API (30-Day)\",           \"used\": [             {               \"timePeriod\": \"201511010000\",               \"activities\": 0,               \"searchRequests30Day\": 0             },             {               \"timePeriod\": \"201512010000\",               \"activities\": 0,               \"searchRequests30Day\": 0             },             {               \"timePeriod\": \"201601010000\",               \"activities\": 0,               \"searchRequests30Day\": 0             }           ],           \"projected\": {             \"timePeriod\": \"201601010000\",             \"activities\": 0,             \"searchRequests30Day\": 0           },           \"endpoints\": [             {               \"type\": \"Search API (30-Day)\",               \"label\": \"devel\",               \"used\": [                 {                   \"timePeriod\": \"201511010000\",                   \"activities\": 0,                   \"searchRequests30Day\": 0                 },                 {                   \"timePeriod\": \"201512010000\",                   \"activities\": 0,                   \"searchRequests30Day\": 0                 },                 {                   \"timePeriod\": \"201601010000\",                   \"activities\": 0,                   \"searchRequests30Day\": 0                 }               ],               \"projected\": {                 \"timePeriod\": \"201601010000\",                 \"activities\": 0,                 \"searchRequests30Day\": 0               }             }           ]         },         {           \"type\": \"Search API (Full-Archive)\",           \"used\": [             {               \"timePeriod\": \"201511010000\",               \"activities\": 0,               \"searchRequestsFullArchive\": 0             },             {               \"timePeriod\": \"201512010000\",               \"activities\": 0,               \"searchRequestsFullArchive\": 0             },             {               \"timePeriod\": \"201601010000\",               \"activities\": 0,               \"searchRequestsFullArchive\": 0             }           ],           \"projected\": {             \"timePeriod\": \"201601010000\",             \"activities\": 0,             \"searchRequestsFullArchive\": 0           },           \"endpoints\": [             {               \"type\": \"Search API (Full-Archive)\",               \"label\": \"devel\",               \"used\": [                 {                   \"timePeriod\": \"201511010000\",                   \"activities\": 0,                   \"searchRequestsFullArchive\": 0                 },                 {                   \"timePeriod\": \"201512010000\",                   \"activities\": 0,                   \"searchRequestsFullArchive\": 0                 },                 {                   \"timePeriod\": \"201601010000\",                   \"activities\": 0,                   \"searchRequestsFullArchive\": 0                 }               ],               \"projected\": {                 \"timePeriod\": \"201601010000\",                 \"activities\": 0,                 \"searchRequestsFullArchive\": 0               }             }           ]         }       ]     }   ] }`\n",
        "line_start": 44,
        "line_end": 47
    },
    "6": {
        "content": "Source document: ../data/platform-docs-versions/X_Twitter-API-Enterprise/Usage API.md\nParagraph location: \n\tResource URL: https://developer.twitter.com/en/docs/twitter-api/enterprise/usage-api/api-reference/get-usage\n\nContent: \n# Resource URL: https://developer.twitter.com/en/docs/twitter-api/enterprise/usage-api/api-reference/get-usage\nget-usage  \nget-usage\n",
        "line_start": 50,
        "line_end": 53
    },
    "7": {
        "content": "Source document: ../data/platform-docs-versions/X_Twitter-API-Enterprise/Usage API.md\nParagraph location: \n\tResource URL: https://developer.twitter.com/en/docs/twitter-api/enterprise/usage-api/api-reference/get-usage\n\tMethods\u00a0[\u00b6](#methods- \"Permalink to this headline\")\n\nContent: \n## Methods\u00a0[\u00b6](#methods- \"Permalink to this headline\")  \n| Method | Description |\n| --- | --- |\n| [GET /metrics/usage/accounts/{ACCOUNT\\_NAME}.json](#GETData) | Retrieve usage data |  \nWhere:  \n* :account\\_name is the (case-sensitive) name associated with your account, as displayed at console.gnip.com\n",
        "line_start": 55,
        "line_end": 61
    },
    "8": {
        "content": "Source document: ../data/platform-docs-versions/X_Twitter-API-Enterprise/Usage API.md\nParagraph location: \n\tResource URL: https://developer.twitter.com/en/docs/twitter-api/enterprise/usage-api/api-reference/get-usage\n\tAuthentication and Rate Limit\u00a0[\u00b6](#authentication-and-rate-limit- \"Permalink to this headline\")\n\nContent: \n## Authentication and Rate Limit\u00a0[\u00b6](#authentication-and-rate-limit- \"Permalink to this headline\")  \n#### Authentication  \nAll requests to the Usage API require HTTP Basic Authentication, using any of the email/password credentials enabled on your account to log into your account at console.gnip.com or connect to any Gnip stream.  \n#### Rate Limit  \nThe Usage API enforces a rate limit of two requests per minute.\n",
        "line_start": 65,
        "line_end": 70
    },
    "9": {
        "content": "Source document: ../data/platform-docs-versions/X_Twitter-API-Enterprise/Usage API.md\nParagraph location: \n\tResource URL: https://developer.twitter.com/en/docs/twitter-api/enterprise/usage-api/api-reference/get-usage\n\tBest Practices & Limitations\u00a0[\u00b6](#best-practices-limitations- \"Permalink to this headline\")\n\nContent: \n## Best Practices & Limitations\u00a0[\u00b6](#best-practices-limitations- \"Permalink to this headline\")  \n#### Data Availability  \nUsage data is based on deduped activities consumed through the last full time period (UTC) that data was processed. Data is generally processed and updated up to the minute, except in cases where Gnip is deploying systems.  \n* The Usage API allows you to access usage data since May 1, 2018.\u00a0 After July 1, 2019 Usage API allows you to access usage data for the\u00a0**trailing 13 calendar months**.  \n* You have the ability to access usage data in **three month intervals**\u00a0defined with a fromDate and toDate\n",
        "line_start": 75,
        "line_end": 80
    },
    "10": {
        "content": "Source document: ../data/platform-docs-versions/X_Twitter-API-Enterprise/Usage API.md\nParagraph location: \n\tResource URL: https://developer.twitter.com/en/docs/twitter-api/enterprise/usage-api/api-reference/get-usage\n\tRequesting and Receiving Data\u00a0[\u00b6](#requesting-and-receiving-data- \"Permalink to this headline\")\n\nContent: \n## Requesting and Receiving Data\u00a0[\u00b6](#requesting-and-receiving-data- \"Permalink to this headline\")  \nThe Usage API works by issuing an HTTP GET request with HTTP BASIC-AUTH credentials to the API endpoint for your account.  \n#### GET Request:  \nMake a GET request to the following endpoint with your user credentials and account name:  \nhttps://gnip-api.twitter.com/metrics/usage/accounts/:account\\_name.json  \n**Additional Parameters**  \n|     |     |\n| --- | --- |\n| bucket | Optional. The unit of time for which usage data will be provided. Usage data can be returned with daily or monthly granularity.  <br>  <br>Requests made without a specified bucket will return monthly granularity.  <br>  <br>Options: 'month' or 'day' |\n| fromDate (YYYYMMDDHHMM) | Optional. Usage data is only available starting from May 1, 2018. The oldest UTC timestamp from which the usage data will be provided. Timestamp is in day granularity and is inclusive (i.e., 201805010000 includes the 0501 day). Requests that contain values other than '0000' for hour and minute granularity will be defaulted to '0000'.  <br>  <br>Requests made without a fromDate or toDate will return usage data by month for the current month and include a historical reference for the past two months.  <br>  <br>**Please note:** Starting June 1, 2019, you can access the past 13 calendar months of usage data. For example, if it was the 10th of October, you can access usage data back to September 1st of the previous year.  <br>**Example:** 201810010000 will return data starting October 1st, 2018 onward, including October 1st. |\n| toDate (YYYYMMDDHHMM) | Optional. The latest UTC timestamp to which the usage data will be provided. Timestamp is in day granularity and is not inclusive (i.e., 201703020000 does not include data for the 0302 day). When a toDate is specified for either the current day or a day in the future, usage data will be returned up to the last full day (UTC). Requests that contain values other than '0000' for hour and minute granularity will be defaulted to '0000'.  <br>  <br>A request with no toDate, will default to the next bucket (tomorrow for bucket=day and next month for bucket=month). A request made with no fromDate and toDate will default to bucket=month, and show data for the current month plus the two immediately previous months.  <br>  <br>**Example:** 201703050000 will return data to March 5, 2017, not including any data from March 5th. |  \n**Example GET Request**  \nThis request will return data by month granularity from March 1, 2017 to March 5, 2017, not including any data from March 5, 2017.  \ncurl -u \"https://gnip-api.twitter.com/metrics/usage/accounts/:account\\_name.json?bucket=month&fromdate=201403010000&toDate=201403150000\"\n",
        "line_start": 85,
        "line_end": 99
    },
    "11": {
        "content": "Source document: ../data/platform-docs-versions/X_Twitter-API-Enterprise/Usage API.md\nParagraph location: \n\tResource URL: https://developer.twitter.com/en/docs/twitter-api/enterprise/usage-api/api-reference/get-usage\n\tData Format\u00a0[\u00b6](#data-format- \"Permalink to this headline\")\n\nContent: \n## Data Format\u00a0[\u00b6](#data-format- \"Permalink to this headline\")  \nThe following tables describe the root-level data structures for usage data returned from the Usage API. For fields with multiple levels of sub-fields, click the links provided to reveal details about the sub-fields.  \nIf you would like to see an sample of a full Usage API payload, please visit [this page](https://developer.twitter.com/en/docs/developer-utilities/usage-api/overview).  \n|     |     |\n| --- | --- |\n| **account** | An object representing the account for which usage data was requested. |\n| **bucket** | The unit of time for which usage data is provided. Can be either 'day' or 'month'. |\n| **fromDate** | The earliest UTC timestamp for which you want to pull usage data (inclusive). |\n| **toDate** | The latest UTC timestamp for which you want to pull usage data (exclusive). |\n| **publishers** | Includes three primary objects: Used, projected, and products. |\n",
        "line_start": 113,
        "line_end": 123
    }
}