{
    "0": {
        "content": "Source document: ../data/platform-docs-versions/Facebook_API-Ad/API Meta Ad Library.md\nParagraph location: \n\tResource URL: https://www.facebook.com/ads/library/api\n\nContent: \n# Resource URL: https://www.facebook.com/ads/library/api\nMeta Ad Library API  \nThe Ad Library API helps you perform customized searches of the [Ad Library](https://www.facebook.com/ads/library/?ad_type=political_and_issue_ads) for:  \n* Ads about [social issues, election or politics](https://www.facebook.com/business/help/2150157295276323) that were delivered anywhere in the world during the past 7 years\n* Ads of any type that were delivered to the European Union during the past year  \nTo use the API, it helps to be a little familiar with programming. For a simpler research solution, you may want to start with our [Ad Library Report](https://www.facebook.com/ads/library/report/).To search for all ads currently running across Meta technologies, please use the [Ad Library](https://www.facebook.com/ads/library/?ad_type=political_and_issue_ads).  \nReady to get started?To get authorized to use the API, you'll need a Facebook account.  \nStep 1: Confirm your identity and locationGo to [Facebook.com/ID](https://www.facebook.com/ID) and follow the confirmation process required to run ads about social issues, elections or politics. It can take a few days to confirm the information you submit.  \nStep 2: Create a Meta for Developers accountVisit [Meta for Developers](https://developers.facebook.com/) and select **Get Started**. As part of account creation, you'll need to agree to our [Platform Policy](https://developers.facebook.com/policy/).  \nStep 3: add a new appOnce you have an account, return to this webpage and select **Access the API**. You can then create a new app by selecting **My Apps > Create App**.  \nWhen your app is ready, you can begin using the Ad Library API  \n* You can learn more about creating queries and using the Graph API environment from the [Meta for Developers](https://developers.facebook.com/docs/graph-api/get-started) documentation\n* If you're an experienced API developer, you may instead want to visit Meta's [Ad Library API Script Repository](https://l.facebook.com/l.php?u=https%3A%2F%2Fgithub.com%2Ffacebookresearch%2FAd-Library-API-Script-Repository&h=AT14Kj5NEnA0cc_CF3wLh73y453hFR_FsmwgVdnaGyiakS-0JQQ2yRTy9MU48qQ5hzT20o9ZDyEIR_An1twR0Ednu8RAs-7YuaHUzWG_kaL0FpE-MJ_z7aiZ7s3h6lozsy4jCqRDIy8HA1KMP4LI7g) on Github, which includes code examples and a simple command-line interface  \nWhat you can search for through the API  \nAll available ads will have:  \n* Library ID\n* Content of the ad creative (subject to our [Terms of Service](https://www.facebook.com/terms.php))\n* Page name and Page ID associated with the ad\n* Ad delivery dates\n* Where the ad appeared (Facebook, Instagram, etc.)  \nAds about social issues, elections or politics will also have:  \n* Total amount spent (range)\n* Total impressions received (range)\n* Demographic information on ad reach, such as age, gender and location (%)  \nAds that were delivered to the European Union will also have:  \n* Total impressions an ad received in the EU (estimated)\n* Targeting and reach demographic information specific to the EU (estimated)\n* Beneficiary and payer information  \nIn the case of estimated values, aggregated demographic data is based on a number of factors, including age and gender information users provide in their Facebook profile.  \nAn example query and responseTo retrieve data on ads about social issues, elections or politics that contain the term \"**california**\" and that reached an audience in the United States, you could enter this query:  \n`curl -G \\`  \n`-d \"search_terms='california'\" \\`  \n`-d \"ad_type=POLITICAL_AND_ISSUE_ADS\" \\`  \n`-d \"ad_reached_countries=['US']\" \\`  \n`-d \"access_token=<ACCESS_TOKEN>\" \\`  \n`\"https://graph.facebook.com/<API_VERSION>/ads_archive\"`  \nWhich would return a response like this:  \n{ \"data\": \\[ { \"page\\_id\": \"123\", \"page\\_name\": \"123\", \"ad\\_snapshot\\_url\": \"https://www.facebook.com/ads/archive/render\\_ad/?id=123&amp;access\\_token=&lt;ACCESS\\_TOKEN&gt;\" } \\], \"paging\": { \"cursors\": { \"before\": \"MAZDZD\", \"after\": \"MAZDZD\" }, \"next\": \"https://graph.facebook.com/v3.1/ads\\_archive?access\\_token=&lt;ACCESS\\_TOKEN&gt;&amp;fields=page\\_id,page\\_name,ad\\_snapshot\\_url&amp;search\\_terms='california'&amp;ad\\_type=POLITICAL\\_AND\\_ISSUE\\_ADS&amp;ad\\_reached\\_countries=\\['US'\\]&amp;limit=25&amp;after=MAZDZD\" } }  \nSearch parameters you can use to find ads:Note that some parameters are only valid for certain types of ads, as indicated in the parameter description.  \n| Name | Description |\n| --- | --- |\n| `ad_active_status`<br><br>enum {ACTIVE, ALL, INACTIVE} | Search for ads based on the status. Defaults to `ACTIVE` for all ads that are eligible for delivery. Set `INACTIVE` for ads ineligible for delivery, and `ALL` for both types. |\n| `ad_delivery_date_max`<br><br>string | Search for ads delivered before the date (inclusive) you provide. The date format should be YYYY-mm-dd. |\n| `ad_delivery_date_min`<br><br>string | Search for ads delivered after the date (inclusive) you provide. The date format should be YYYY-mm-dd. |\n| `ad_reached_countries`<br><br>array<enum {ALL, BR, IN, GB, US, CA, AR, AU, AT, BE, CL, CN, CO, HR, DK, DO, EG, FI, FR, DE, GR, HK, ID, IE, IL, IT, JP, JO, KW, LB, MY, MX, NL, NZ, NG, NO, PK, PA, PE, PH, PL, RU, SA, RS, SG, ZA, KR, ES, SE, CH, TW, TH, TR, AE, VE, PT, LU, BG, CZ, SI, IS, SK, LT, TT, BD, LK, KE, HU, MA, CY, JM, EC, RO, BO, GT, CR, QA, SV, HN, NI, PY, UY, PR, BA, PS, TN, BH, VN, GH, MU, UA, MT, BS, MV, OM, MK, LV, EE, IQ, DZ, AL, NP, MO, ME, SN, GE, BN, UG, GP, BB, AZ, TZ, LY, MQ, CM, BW, ET, KZ, NA, MG, NC, MD, FJ, BY, JE, GU, YE, ZM, IM, HT, KH, AW, PF, AF, BM, GY, AM, MW, AG, RW, GG, GM, FO, LC, KY, BJ, AD, GD, VI, BZ, VC, MN, MZ, ML, AO, GF, UZ, DJ, BF, MC, TG, GL, GA, GI, CD, KG, PG, BT, KN, SZ, LS, LA, LI, MP, SR, SC, VG, TC, DM, MR, AX, SM, SL, NE, CG, AI, YT, CV, GN, TM, BI, TJ, VU, SB, ER, WS, AS, FK, GQ, TO, KM, PW, FM, CF, SO, MH, VA, TD, KI, ST, TV, NR, RE, LR, ZW, CI, MM, AN, AQ, BQ, BV, IO, CX, CC, CK, CW, TF, GW, HM, XK, MS, NU, NF, PN, BL, SH, MF, PM, SX, GS, SD, SS, SJ, TL, TK, UM, WF, EH}> | Search ALL or by [ISO country code](https://l.facebook.com/l.php?u=https%3A%2F%2Fwww.iso.org%2Fiso-3166-country-codes.html&h=AT2yjCmjSqX2vscZgdm_oH4Z-x0JAF9Eg5T5teK_Kv7vcU9My7meGKnvqDkEMuxfUoTZJHGbVfX8VkCWDC7jikF0uPtmkv68i557Ntf6OqV97tzd5pFJ18PlZ4nBEncins4LQg_SbgAk8q1BB7tb) to return ads that reached specific countries or locations. Note: Ads that did not reach any location in the EU will only return if they are about [social issues, elections or politics](https://www.facebook.com/business/help/167836590566506).<br><br>Required<br><br>This parameter is required. |\n| `ad_type`<br><br>enum {ALL, CREDIT\\_ADS, EMPLOYMENT\\_ADS, HOUSING\\_ADS, POLITICAL\\_AND\\_ISSUE\\_ADS} | Default value:\u00a0`\"ALL\"`<br><br>Search by type of ad. You can use this to narrow your results to ads in [special ad categories](https://www.facebook.com/business/help/298000447747885#): CREDIT\\_ADS returns ads related to financial products or institutions. EMPLOYMENT\\_ADS returns ads related to job listings or employment opportunities. HOUSING\\_ADS returns housing or real estate ads. POLITICAL\\_AND\\_ISSUE\\_ADS returns ads about [social issues, elections or politics](https://www.facebook.com/business/help/167836590566506). ALL returns ads on all topics. |\n| `bylines`<br><br>array<string> | Filter results for ads with a _paid for by disclaimer_ byline, such as political ads that reference \u201cimmigration\u201d paid for by \u201cACLU\u201d. Provide a JSON array to search for a byline without a comma _or_ one with a comma. For instance `?bylines=[\"byline, with a comma,\",\"byline without a comma\"]` returns results with either text variation. You must list the complete byline. For example, 'Maria' would not return ads with the byline 'Maria C. Lee for America.' **Available only for POLITICAL\\_AND\\_ISSUE\\_ADS** |\n| `delivery_by_region`<br><br>array<string> | View ads by the region (such as state or province) where [Accounts Center accounts](https://www.facebook.com/business/help/283579896000936) were based or located when an ad was displayed to them. You can provide a comma-separated list of regions. For instance `?delivery_by_region=['California', 'New York']`. **Available only for POLITICAL\\_AND\\_ISSUE\\_ADS** |\n| `estimated_audience_size_max`<br><br>int64 | Search for ads with a maximum estimated audience size. Must be one of these range boundaries: 1000, 5000, 10000, 50000, 100000, 500000, 1000000. Leave empty for no maximum boundary. **Available only for POLITICAL\\_AND\\_ISSUE\\_ADS** |\n| `estimated_audience_size_min`<br><br>int64 | Search for ads with a minimum estimated audience size. Must be one of these range boundaries: 100, 1000, 5000, 10000, 50000, 100000, 500000, 1000000. Leave empty for no minimum boundary. **Available only for POLITICAL\\_AND\\_ISSUE\\_ADS** |\n| `languages`<br><br>array<string> | Search for ads based on the language(s) contained in the ad. Language codes are based on the [ISO 639-1 language codes](https://l.facebook.com/l.php?u=https%3A%2F%2Fwww.iso.org%2Fstandard%2F22109.html&h=AT0vWFZzuMdRyMOCDLD_B6AStT_8HnnqzuoigEv2f_axesWV18uriawpMuSiydQ9px1sdiurvRsbnh9f3w33wGsJo3ByOndAxI_RcWVVBRzk_9AsDyFqRQT_rGJtchwIl9WGRbwXApRiZMn6TI-W) and also includes ISO 639-3 language codes CMN and YUE.For instance `?languages=['es', 'en']`. |\n| `media_type`<br><br>enum {ALL, IMAGE, MEME, VIDEO, NONE} | Search for ads based on whether they contain a specific type of media, such as an image or video. |\n| `publisher_platforms`<br><br>array<enum {FACEBOOK, INSTAGRAM, AUDIENCE\\_NETWORK, MESSENGER, WHATSAPP, OCULUS}> | Search for ads based on whether they appear on a particular Meta technology, such as Instagram or Facebook. You can provide one technology or a comma-separated list of technologies. |\n| `search_page_ids`<br><br>array<int64> | Search for archived ads based on specific Facebook Page IDs. You can provide up to ten IDs, separated by commas. |\n| `search_terms`<br><br>string | Default value:\u00a0`\"\"`<br><br>The terms to search for in your query. We treat a blank space as a logical `AND` and search for both terms and no other operators. The limit of your string is 100 characters or less. Use `search_type` to adjust the type of search to use. |\n| `search_type`<br><br>enum {KEYWORD\\_UNORDERED, KEYWORD\\_EXACT\\_PHRASE} | Default value: `KEYWORD_UNORDERED` The type of search to use for the `search_terms` field. `KEYWORD_UNORDERED` will treat each word in `search_terms` individually, and return results that contain these words in any order. `KEYWORD_EXACT_PHRASE` will treat the words in `search_terms` as a single phrase, and only return results that match that exact phrase. To search for multiple phrases at once, separate groups of words in `search_terms` by commas. This will retrieve results that contain an exact match for every phrase. |\n| `unmask_removed_content`<br><br>boolean | Default value:\u00a0`false`<br><br>Specify whether you would like your results to reveal content that was removed for violating our standards. |  \nData fields you can include in your search results:Note that some fields will only return data for certain types of ads and/or particular delivery locations, as indicated in the field description.  \n| Name | Description |\n| --- | --- |\n| `id`<br><br>numeric string | The Library ID of the ad object. |\n| `ad_creation_time`<br><br>string | The [UTC](https://l.facebook.com/l.php?u=https%3A%2F%2Fwww.timeanddate.com%2Ftime%2Faboututc.html&h=AT2ctsoSfKBBzdtNG4yi5O2nFGuAwgfomtfpQSDjITG7XZVcCH9PMkGoWf_n8Bj3XBhi4I74e5BjZxJkVEYBXEEulsLfF1fuWbHsfqmPAMIzTo8V9NnU4fLjUuMwOymOdxtfIqiL1I9zoh5PS2St) date and time when someone created the ad. This is not the same time as when the ad ran. Includes date and time separated by `T`. Example: `2019-01-24T19:02:04+0000`, where `+0000` is the UTC offset. |\n| `ad_creative_bodies`<br><br>list<string> | A list of the text which displays in each unique ad card of the ad. Some ads run with multiple ad versions or carousel cards each with their own unique text. See [Reference, Ad Creative](https://developers.facebook.com/docs/marketing-api/reference/ad-creative/). |\n| `ad_creative_link_captions`<br><br>list<string> | A list of the captions which appear in the call to action section for each unique ad card of the ad. Some ads run with multiple ad versions or carousel cards each with their own unique text that appears in the link. |\n| `ad_creative_link_descriptions`<br><br>list<string> | A list of text descriptions which appear in the call to action section for each unique ad card of the ad. Some ads run with multiple ad versions or carousel cards each with their own unique text describing the link. |\n| `ad_creative_link_titles`<br><br>list<string> | A list of titles which appear in the call to action section for each unique ad card of the ad. Some ads run with multiple ad versions or carousel cards each with their own unique title text about the link. |\n| `ad_delivery_start_time`<br><br>string | Date and time when an advertiser wants to start delivering an ad. Provided in [UTC](https://l.facebook.com/l.php?u=https%3A%2F%2Fwww.timeanddate.com%2Ftime%2Faboututc.html&h=AT2ctsoSfKBBzdtNG4yi5O2nFGuAwgfomtfpQSDjITG7XZVcCH9PMkGoWf_n8Bj3XBhi4I74e5BjZxJkVEYBXEEulsLfF1fuWbHsfqmPAMIzTo8V9NnU4fLjUuMwOymOdxtfIqiL1I9zoh5PS2St) as in `ad_creation_time`.<br><br>Default<br><br>This field is default. |\n| `ad_delivery_stop_time`<br><br>string | The time when an advertiser wants to stop delivery of their ad. If this is blank, the ad will run until the advertiser stops it or they spend their entire campaign budget. In [UTC](https://l.facebook.com/l.php?u=https%3A%2F%2Fwww.timeanddate.com%2Ftime%2Faboututc.html&h=AT2ctsoSfKBBzdtNG4yi5O2nFGuAwgfomtfpQSDjITG7XZVcCH9PMkGoWf_n8Bj3XBhi4I74e5BjZxJkVEYBXEEulsLfF1fuWbHsfqmPAMIzTo8V9NnU4fLjUuMwOymOdxtfIqiL1I9zoh5PS2St).<br><br>Default<br><br>This field is default. |\n| `ad_snapshot_url`<br><br>string | String with URL link which displays the archived ad. This displays uncompressed images and videos from the ad. While you cannot currently download a batch of archived ads, you can download ad creative such as images and text for an individual ad. If you do so, it must be for analysis and you must comply with the data storage terms in our [Terms of Service](https://www.facebook.com/terms.php).<br><br>Default<br><br>This field is default. |\n| `age_country_gender_reach_breakdown`<br><br>[list<AgeCountryGenderReachBreakdown>](https://developers.facebook.com/docs/graph-api/reference/age-country-gender-reach-breakdown/) | The demographic distribution of [Accounts Center accounts](https://www.facebook.com/business/help/283579896000936) in the EU reached by the ad. **Available only for ads delivered to the EU** |\n| `beneficiary_payers`<br><br>[list<BeneficiaryPayer>](https://developers.facebook.com/docs/graph-api/reference/beneficiary-payer/) | The reported beneficiaries and payers for this ad. **Available only for ads delivered to the EU** |\n| `bylines`<br><br>string | A string containing the name of the person, company, or entity that provided funding for the ad. Provided by the purchaser of the ad. **Available only for POLITICAL\\_AND\\_ISSUE\\_ADS** |\n| `currency`<br><br>string | The currency used to pay for the ad, as an [ISO currency code](https://l.facebook.com/l.php?u=https%3A%2F%2Fwww.iso.org%2Fiso-4217-currency-codes.html&h=AT1gHZ6SEEKvI2oVmY--tod23m50Izqpp7rerHUbgS21bYpYFwJBt_S8ig0LxGkW3obGqFw9wtKjHoiIFJGl5WLcwT7iVav0utapzbHMRGBX3SKo7gDW3FUoHX5i01ZBA6IJCmreov-cQhiMXrK8). **Available only for POLITICAL\\_AND\\_ISSUE\\_ADS** |\n| `delivery_by_region`<br><br>[list<AudienceDistribution>](https://developers.facebook.com/docs/graph-api/reference/audience-distribution/) | Regional distribution of [Accounts Center accounts](https://www.facebook.com/business/help/283579896000936) reached by the ad. Provided as a percentage and where regions are at a sub-country level. **Available only for POLITICAL\\_AND\\_ISSUE\\_ADS** |\n| `demographic_distribution`<br><br>[list<AudienceDistribution>](https://developers.facebook.com/docs/graph-api/reference/audience-distribution/) | The demographic distribution of [Accounts Center accounts](https://www.facebook.com/business/help/283579896000936) reached by the ad. Provided as age ranges and gender. Age ranges: Can be one of 18-24, 25-34, 35-44, 45-54, 55-64, 65+. Gender: Can be the following strings: \"Male\", \"Female\", \"Unknown\". **Available only for POLITICAL\\_AND\\_ISSUE\\_ADS** |\n| `estimated_audience_size`<br><br>[InsightsRangeValue](https://developers.facebook.com/docs/graph-api/reference/insights-range-value/) | Estimated Audience Size generally estimates how many [Accounts Center accounts](https://www.facebook.com/business/help/283579896000936) meet the targeting and ad placement criteria that advertisers select while creating an ad. [Learn more](https://www.facebook.com/business/help/1665333080167380?id=176276233019487). **Available only for POLITICAL\\_AND\\_ISSUE\\_ADS** |\n| `eu_total_reach`<br><br>int32 | The estimated combined ad reach for all locations inside the European Union. **Available only for ads delivered to the EU** |\n| `impressions`<br><br>[InsightsRangeValue](https://developers.facebook.com/docs/graph-api/reference/insights-range-value/) | A string containing the number of times the ad created an impression. In ranges of: <1000, 1K-5K, 5K-10K, 10K-50K, 50K-100K, 100K-200K, 200K-500K, >1M. **Available only for POLITICAL\\_AND\\_ISSUE\\_ADS** |\n| `languages`<br><br>list<string> | The list of languages contained within the ad. These are displayed in [ISO 639-1 language codes](https://l.facebook.com/l.php?u=https%3A%2F%2Fwww.iso.org%2Fstandard%2F22109.html&h=AT0vWFZzuMdRyMOCDLD_B6AStT_8HnnqzuoigEv2f_axesWV18uriawpMuSiydQ9px1sdiurvRsbnh9f3w33wGsJo3ByOndAxI_RcWVVBRzk_9AsDyFqRQT_rGJtchwIl9WGRbwXApRiZMn6TI-W). |\n| `page_id`<br><br>numeric string | ID of the Facebook Page that ran the ad.<br><br>Default<br><br>This field is default. |\n| `page_name`<br><br>string | Name of the Facebook Page which ran the ad. |\n| `publisher_platforms`<br><br>list<enum> | A list of Meta technologies where the archived ad appeared, such as Facebook or Instagram. |\n| `spend`<br><br>[InsightsRangeValue](https://developers.facebook.com/docs/graph-api/reference/insights-range-value/) | A string showing the amount of money spent running the ad, as specified in `currency`. This is reported in ranges: <100, 100-499, 500-999, 1K-5K, 5K-10K, 10K- 50K, 50K-100K, 100K-200K, 200K-500K, >1M. **Available only for POLITICAL\\_AND\\_ISSUE\\_ADS** |\n| `target_ages`<br><br>list<numeric string> | The age ranges selected for ad targeting in the EU. The lowest age that can be returned is 13; the highest is 65+. **Available only for ads delivered to the EU** |\n| `target_gender`<br><br>enum | The genders selected for ad targeting in the EU. Possible values: \u201cWomen\u201d, \u201cMen\u201d or \u201cAll\u201d. **Available only for ads delivered to the EU** |\n| `target_locations`<br><br>[list<TargetLocation>](https://developers.facebook.com/docs/graph-api/reference/target-location/) | The locations included or excluded for ad targeting in the EU. **Available only for ads delivered to the EU** |\n",
        "line_start": 0,
        "line_end": 86
    }
}