{
    "0": {
        "content": "Source document: ../data/platform-docs-versions/TikTok_Commercial-Content-API/Commercial Content API Documentation.md\nParagraph location: \n\tResource URL: https://developers.tiktok.com/doc/commercial-content-api-getting-started/\n\nContent: \n# Resource URL: https://developers.tiktok.com/doc/commercial-content-api-getting-started/\n",
        "line_start": 0,
        "line_end": 1
    },
    "1": {
        "content": "Source document: ../data/platform-docs-versions/TikTok_Commercial-Content-API/Commercial Content API Documentation.md\nParagraph location: \n\tGetting Started\n\nContent: \n# Getting Started  \nThis guide will show you how to use the Commercial Content API. Learn how to use the Commercial Content API to query ad data and fetch public advertiser data in the following use case example.\n",
        "line_start": 1,
        "line_end": 3
    },
    "2": {
        "content": "Source document: ../data/platform-docs-versions/TikTok_Commercial-Content-API/Commercial Content API Documentation.md\nParagraph location: \n\tView your client registration\n\nContent: \n# View your client registration  \nOnce your application is approved, a research client will be generated for your project. You can view your approved research projects [here](https://developers.tiktok.com/research/). Select a project from the list to see the research client details.  \nThe provided **Client key** and **Client secret** are required to connect to the Commercial Content API endpoints. The client key and secret are hidden by default but can be displayed by clicking the **Display** button (eye icon).  \n**Note:** The client secret is a credential used to authenticate your connection to TikTok's APIs. Do not share this with anyone!\n",
        "line_start": 5,
        "line_end": 9
    },
    "3": {
        "content": "Source document: ../data/platform-docs-versions/TikTok_Commercial-Content-API/Commercial Content API Documentation.md\nParagraph location: \n\tObtain a client access token\n\nContent: \n# Obtain a client access token  \nOnce you have obtained the client key and secret for your project, [generate a client access token](https://developers.tiktok.com/doc/client-access-token-management). Add this access token in the authorization header of the http requests to connect to the Commercial Content API endpoints.\n",
        "line_start": 13,
        "line_end": 15
    },
    "4": {
        "content": "Source document: ../data/platform-docs-versions/TikTok_Commercial-Content-API/Commercial Content API Documentation.md\nParagraph location: \n\tQuery TikTok public content data\n\nContent: \n# Query TikTok public content data  \nThe cURL command below shows an example of how you can query the TikTok ads created in Italy between January 2, 2021 to January 9, 2021 with the keyword \"coffee\".  \ncurl -X POST 'https://open.tiktokapis.com/v2/research/adlib/ad/query/?fields=ad,ad_group' \\\n-H 'authorization: bearer clt.example12345Example12345Example' \\\n-d '{\n\"filters\": {\n\"ad_published_date_range\": {\n\"min\": \"20221001\",\n\"max\": \"20230510\"\n},\n\"country\": \"IT\"\n},\n\"search_term\": \"coffee\",\n\"max_count\": 20\n}'\n",
        "line_start": 17,
        "line_end": 32
    },
    "5": {
        "content": "Source document: ../data/platform-docs-versions/TikTok_Commercial-Content-API/Commercial Content API Documentation.md\nParagraph location: \n\tQuery TikTok public content data\n\tPagination\n\nContent: \n## Pagination  \nIf the total number of ads that match the search criteria is larger than the maximum number of ads that can be returned in a single request, the response data will be returned with different requests.  \n|     |     |     |     |     |\n| --- | --- | --- | --- | --- |\n| **Field** | **Type** | **Description** | **Example** | **Required?** |\n| max\\_count | number | The maximum count of TikTok videos in the response. The default value is 10 and the maximum value is 50. | 12  | FALSE |\n| search\\_id | string | The ID of a previous search to provide sequential calls for paging. | \"eyJsYXN0X3NvcnQiOls3NDA3OCwiMzUwNDIwOTgzOD\" | FALSE |\n",
        "line_start": 36,
        "line_end": 43
    },
    "6": {
        "content": "Source document: ../data/platform-docs-versions/TikTok_Commercial-Content-API/Commercial Content API Documentation.md\nParagraph location: \n\tQuery TikTok public content data\n\tPagination\n\tFirst page\n\nContent: \n### First page  \nWhen you send the first request, you do not need to set the `search_id` in the request body. In the http response, `has_more` and `search_id` are returned, which are used in the subsequent requests.  \nTry out this request:  \ncurl -X POST 'https://open.tiktokapis.com/v2/research/adlib/ad/query/?fields=ad,ad_group' \\\n-H 'authorization: bearer clt.example12345Example12345Example' \\\n-d '{\n\"filters\": {\n\"ad_published_date_range\": {\n\"min\": \"20221001\",\n\"max\": \"20230510\"\n},\n\"country\": \"IT\"\n},\n\"search_term\": \"coffee\",\n\"max_count\": 20\n}'  \nThe following example data is returned from the response.  \n{\n\"data\": {\n\"has_more\": true,\n\"search_id\": \"eyJsYXN0X3NvcnQiOls3NDA3OCwiMzUwNDIwOTgzOD\",\n\"ads\": [\n...\n]\n},\n\"error\": {\n...\n}\n}\n",
        "line_start": 46,
        "line_end": 75
    },
    "7": {
        "content": "Source document: ../data/platform-docs-versions/TikTok_Commercial-Content-API/Commercial Content API Documentation.md\nParagraph location: \n\tQuery TikTok public content data\n\tPagination\n\tNext page\n\nContent: \n### Next page  \nWith the cURL command below, you can get the next page of query results.  \ncurl -X POST 'https://open.tiktokapis.com/v2/research/adlib/ad/query/?fields=ad,ad_group' \\\n-H 'authorization: bearer clt.example12345Example12345Example' \\\n-d '{\n\"filters\": {\n\"ad_published_date_range\": {\n\"min\": \"20221001\",\n\"max\": \"20230510\"\n},\n\"country\": \"IT\"\n},\n\"search_term\": \"coffee\",\n\"max_count\": 20,\n\"search_id\": \"eyJsYXN0X3NvcnQiOls3NDA3OCwiMzUwNDIwOTgzOD\"\n}'  \nThe following example data is returned from the response.  \n{\n\"data\": {\n\"has_more\": true,\n\"search_id\": \"eyJsYXN0X3NvcnQiOlsyNTQxMTkwLCIzNDk1NzA4NjI\",\n\"ads\": [\n...\n]\n},\n\"error\": {\n...\n}\n}\n",
        "line_start": 83,
        "line_end": 112
    },
    "8": {
        "content": "Source document: ../data/platform-docs-versions/TikTok_Commercial-Content-API/Commercial Content API Documentation.md\nParagraph location: \n\tResource URL: https://developers.tiktok.com/doc/commercial-content-api-query-ads/\n\nContent: \n# Resource URL: https://developers.tiktok.com/doc/commercial-content-api-query-ads/\n",
        "line_start": 118,
        "line_end": 119
    },
    "9": {
        "content": "Source document: ../data/platform-docs-versions/TikTok_Commercial-Content-API/Commercial Content API Documentation.md\nParagraph location: \n\tQuery Ads\n\nContent: \n# Query Ads  \nUse POST /v2/research/adlib/ad/query to query ads.  \n|     |     |\n| --- | --- |\n| **HTTP URL** | https://open.tiktokapis.com/v2/research/adlib/ad/query/ |\n| **HTTP Method** | POST |\n| **Scopes** | research.adlib.basic |\n",
        "line_start": 119,
        "line_end": 126
    },
    "10": {
        "content": "Source document: ../data/platform-docs-versions/TikTok_Commercial-Content-API/Commercial Content API Documentation.md\nParagraph location: \n\tRequest\n\tHeaders\n\nContent: \n# Request  \n## Headers  \n|     |     |     |     |     |\n| --- | --- | --- | --- | --- |\n| **Key** | **Type** | **Description** | **Example** | **Required** |\n| Authorization | string | The token that bears the authorization of the TikTok user, which is obtained through /v2/oauth/token/. | Bearer clt.example12345Example12345Example | true |\n| Content-Type | string | The original media type of the resource. | application/json | true |\n",
        "line_start": 129,
        "line_end": 136
    },
    "11": {
        "content": "Source document: ../data/platform-docs-versions/TikTok_Commercial-Content-API/Commercial Content API Documentation.md\nParagraph location: \n\tRequest\n\tQuery parameters\n\nContent: \n## Query parameters  \n|     |     |     |     |     |\n| --- | --- | --- | --- | --- |\n| **Key** | **Type** | **Description** | **Example** | **Required** |\n| fields | string | The requested fields:<br><br>* ad.id<br>* ad.first\\_shown\\_date<br>* ad.last\\_shown\\_date<br>* ad.status<br>* ad.status\\_statement<br>* ad.videos<br>* ad.image\\_urls<br>* ad.reach<br>* advertiser.business\\_id<br>* advertiser.business\\_name<br>* advertiser.paid\\_for\\_by | ad.id, ad.first\\_shown\\_date, ad.last\\_shown\\_date | true |\n",
        "line_start": 139,
        "line_end": 144
    },
    "12": {
        "content": "Source document: ../data/platform-docs-versions/TikTok_Commercial-Content-API/Commercial Content API Documentation.md\nParagraph location: \n\tRequest\n\tBody\n\nContent: \n## Body  \n|     |     |     |     |     |\n| --- | --- | --- | --- | --- |\n| **Key** | **Type** | **Description** | **Example** | **Required** |\n| filters | RequestFilters | The filters that will be applied to the query. | See the \"Request example\" section below | true |\n| search\\_term | string | The terms to search for in the query. The limit of the string is 50 characters or less.<br><br>If you provide \"search\\_term\", the \"advertiser\\_business\\_ids\" filter will be ignored | mobile games | false |\n| search\\_type | string | The search type (which is case insensitive):<br><br>* \"exact\\_phrase\": Returns results that contain an exact match for the search term. The default search type.<br>* \"fuzzy\\_phrase\": Returns results that contain any or all of the words in the search term in any order. | fuzzy\\_phrase | false |\n| max\\_count | i64 | The maximum number of results returned at once. The default value is 10 and the maximum value is 50. | 20  | false |\n| search\\_id | string | A search\\_id is a unique identifier assigned to a cached search result. This identifier enables the resumption of a prior search and retrieval of additional results based on the same search criteria.<br><br>If you want to start a new search with an updated`search_term` or `filters` value in the request, remove the `search_id` to avoid getting unexpected results. | 20230501124205358FF99E4D6D1294A2A7 | false |\n",
        "line_start": 146,
        "line_end": 155
    },
    "13": {
        "content": "Source document: ../data/platform-docs-versions/TikTok_Commercial-Content-API/Commercial Content API Documentation.md\nParagraph location: \n\tRequest\n\tData structures\n\tRequestFilters\n\nContent: \n## Data structures  \n### RequestFilters  \n|     |     |     |     |     |\n| --- | --- | --- | --- | --- |\n| **Key** | **Type** | **Description** | **Example** | **Required** |\n| ad\\_published\\_date\\_range | DateRange | The date range during which the ads were published.<br><br>The \"min\" value should represent a date after October 1, 2022. | {<br><br>\"min\": 20230102,<br><br>\"max\": 20230109<br><br>} | true |\n| country\\_code | string | The country where the ads were targeted. The default value is ALL.<br><br>[Supported Countries](https://developers.tiktok.com/doc/commercial-content-api-supported-countries) | FR  | false |\n| advertiser\\_business\\_ids | list<i64> | The advertiser's business ID of the ads.<br><br>If you provide \"search\\_term\", this filter will be ignored. | \\[294854736284058, 495736284058473\\] | false |\n| unique\\_users\\_seen\\_size\\_range | SizeRange | The range of the number of users who've seen the content of this ad. | {<br><br>\"min\": \"10K\",<br><br>\"max\": \"20K\"<br><br>} | false |\n",
        "line_start": 157,
        "line_end": 166
    },
    "14": {
        "content": "Source document: ../data/platform-docs-versions/TikTok_Commercial-Content-API/Commercial Content API Documentation.md\nParagraph location: \n\tRequest\n\tData structures\n\tDateRange\n\nContent: \n### DateRange  \n|     |     |     |     |     |\n| --- | --- | --- | --- | --- |\n| **Key** | **Type** | **Description** | **Example** | **Required** |\n| min | string | The first date of the range and this needs to be after October 1, 2022. | 20230102 | true |\n| max | string | The last date of the range. | 20230109 | true |\n",
        "line_start": 169,
        "line_end": 175
    },
    "15": {
        "content": "Source document: ../data/platform-docs-versions/TikTok_Commercial-Content-API/Commercial Content API Documentation.md\nParagraph location: \n\tRequest\n\tData structures\n\tSizeRange\n\nContent: \n### SizeRange  \n|     |     |     |     |     |\n| --- | --- | --- | --- | --- |\n| **Key** | **Type** | **Description** | **Example** | **Required** |\n| min | string | The minimum size in thousands (K), millions (M), or billions (B).<br><br>The number before \"K\", \"M\", and \"B\" must be an integer less than 1000. | Valid: 0K, 120K, 2M, 1B<br><br>Invalid: 2000K, 1.1M, 1B2M | false |\n| max | string | The maximum size in thousands (K), millions (M), or billions (B)<br><br>The number before \"K\", \"M\", and \"B\" must be an integer less than 1000.<br><br>The value must be greater than 0. | Valid: 120K, 2M, 1B<br><br>Invalid: 0K, 2000K, 1.1M, 1B2M | false |\n",
        "line_start": 177,
        "line_end": 183
    },
    "16": {
        "content": "Source document: ../data/platform-docs-versions/TikTok_Commercial-Content-API/Commercial Content API Documentation.md\nParagraph location: \n\tRequest\n\tRequest example\n\nContent: \n## Request example  \ncurl -L -X POST 'https://open.tiktokapis.com/v2/research/adlib/ad/query/?fields=ad.id,ad.first_shown_date,ad.last_shown_date' \\\n-H 'Authorization: Bearer clt.example12345Example12345Example' \\\n-H 'Content-Type: application/json' \\\n--data-raw '{\n\"filters\":{\n\"advertiser_business_ids\": [3847236290405, 319282903829],\n\"ad_published_date_range\": {\n\"min\": \"20210102\",\n\"max\": \"20210109\"\n},\n\"country_code\": \"FR\",\n\"unique_users_seen_size_range\": {\n\"min\": \"10K\",\n\"max\": \"1M\"\n},\n},\n\"search_term\": \"mobile games\"\n}'\n",
        "line_start": 185,
        "line_end": 204
    },
    "17": {
        "content": "Source document: ../data/platform-docs-versions/TikTok_Commercial-Content-API/Commercial Content API Documentation.md\nParagraph location: \n\tResponse\n\nContent: \n# Response  \n|     |     |     |\n| --- | --- | --- |\n| **Key** | **Type** | **Example** |\n| data | QueryAdData | See the response example below. |\n| error | ErrorStructV2 | See the response example below. |\n",
        "line_start": 207,
        "line_end": 213
    },
    "18": {
        "content": "Source document: ../data/platform-docs-versions/TikTok_Commercial-Content-API/Commercial Content API Documentation.md\nParagraph location: \n\tResponse\n\tResponse example\n\nContent: \n## Response example  \n{\n\"data\": {\n\"ads\": [\n{\n\"ad\": {\n\"first_shown_date\": 20210101,\n\"id\": 1923845247192304,\n\"image_urls\": [\n\"https://asdfcdn.com/17392712.jpeg?x-expires=1679169600\\u0026x-signature=asdf\"\n],\n\"last_shown_date\": 20210101,\n\"status\": \"active\",\n\"videos\": [\n{\"url\": \"https://asdfcdn.com/..../127364jmdfjsa93d8cn30dm2di/?mime_type=video_mp4\"},\n{\"url\": \"https://asdfcdn.com/..../1kmeidhfb38u21nd82hsk389fd/?mime_type=video_mp4\"}\n],\n\"reach\": {\n\"unique_user_seen\": \"11K\"\n}\n},\n\"advertiser\": {\n\"buisness_id\": 3847236290405,\n\"business_name\": \"Awe Food Co.\",\n\"paid_by\": \"Awe Co.\"\n}\n}\n],\n\"has_more\": \"true\",\n\"search_id\": \"2837438294054038\"\n},\n\"error\": {\n\"code\": \"ok\",\n\"http_status_code\": 200,\n\"log_id\": \"202304280326050102231031430C7E754E\",\n\"message\": \"\"\n}\n}\n",
        "line_start": 215,
        "line_end": 253
    },
    "19": {
        "content": "Source document: ../data/platform-docs-versions/TikTok_Commercial-Content-API/Commercial Content API Documentation.md\nParagraph location: \n\tResponse\n\tData structures\n\tQueryAdData\n\nContent: \n## Data structures  \n### QueryAdData  \n|     |     |     |     |\n| --- | --- | --- | --- |\n| **Key** | **Type** | **Description** | **Example** |\n| ads | list<AdDto> | The list of ads that match all the criteria. |     |\n| has\\_more | bool | The flag that indicates if there are more items to be returned. | true |\n| search\\_id | string | A unique identifier assigned to a cached search result. This identifier enables the resumption of a prior search and retrieval of additional results based on the same search criteria. | 2837438294054038 |\n",
        "line_start": 157,
        "line_end": 165
    },
    "20": {
        "content": "Source document: ../data/platform-docs-versions/TikTok_Commercial-Content-API/Commercial Content API Documentation.md\nParagraph location: \n\tResponse\n\tData structures\n\tAdDto\n\nContent: \n### AdDto  \n|     |     |     |     |\n| --- | --- | --- | --- |\n| **Key** | **Type** | **Description** | **Example** |\n| ad  | Ad  | The metadata of this ad. |     |\n| advertiser | Advertiser | The metadata of the advertiser. |     |\n",
        "line_start": 267,
        "line_end": 273
    },
    "21": {
        "content": "Source document: ../data/platform-docs-versions/TikTok_Commercial-Content-API/Commercial Content API Documentation.md\nParagraph location: \n\tResponse\n\tData structures\n\tAd\n\nContent: \n### Ad  \n|     |     |     |     |\n| --- | --- | --- | --- |\n| **Key** | **Type** | **Description** | **Example** |\n| id  | i64 | The ad ID. | 1923845247192304 |\n| first\\_shown\\_date | string | The first day when this ad was shown. | 20210101 |\n| last\\_shown\\_date | string | The last day when this ad was shown. | 20210101 |\n| status | string | The audit status of this ad: active or inactive. | active |\n| videos | list<AdVideo> | The list of videos. |     |\n| image\\_urls | list<string> | The image URL list of this ad. | \\[<br><br>\"https://asdfcdn.com/17392712.jpeg?x-expires=1679169600\\\\u0026x-signature=asdf\"<br><br>\\] |\n| reach | Reach | The number of users who have seen this ad. | {<br><br>\"unique\\_users\\_seen\": \"11K\"<br><br>} |\n",
        "line_start": 275,
        "line_end": 286
    },
    "22": {
        "content": "Source document: ../data/platform-docs-versions/TikTok_Commercial-Content-API/Commercial Content API Documentation.md\nParagraph location: \n\tResponse\n\tData structures\n\tAdVideo\n\nContent: \n### AdVideo  \n|     |     |     |     |\n| --- | --- | --- | --- |\n| **Key** | **Type** | **Description** | **Example** |\n| url | string | The video url of this ad | https://asdfcdn.com/..../127364jmdfjsa93d8cn30dm2di/?mime\\_type=video\\_mp4 |\n",
        "line_start": 288,
        "line_end": 293
    },
    "23": {
        "content": "Source document: ../data/platform-docs-versions/TikTok_Commercial-Content-API/Commercial Content API Documentation.md\nParagraph location: \n\tResponse\n\tData structures\n\tReach\n\nContent: \n### Reach  \n|     |     |     |     |\n| --- | --- | --- | --- |\n| **Key** | **Type** | **Description** | **Example** |\n| unique\\_users\\_seen | string | The number of users who have seen this ad. | \"11K\" |\n",
        "line_start": 295,
        "line_end": 300
    },
    "24": {
        "content": "Source document: ../data/platform-docs-versions/TikTok_Commercial-Content-API/Commercial Content API Documentation.md\nParagraph location: \n\tResponse\n\tData structures\n\tAdvertiser\n\nContent: \n### Advertiser  \n|     |     |     |     |\n| --- | --- | --- | --- |\n| **Key** | **Type** | **Description** | **Example** |\n| business\\_id | i64 | The advertiser's business ID. | 1755645247067185 |\n| business\\_name | string | The advertiser's business name. | Awe Food Co. |\n| paid\\_by | string | The advertiser's funding source. | Awe Co. |\n",
        "line_start": 302,
        "line_end": 309
    },
    "25": {
        "content": "Source document: ../data/platform-docs-versions/TikTok_Commercial-Content-API/Commercial Content API Documentation.md\nParagraph location: \n\tResponse\n\tData structures\n\tErrorStructV2\n\nContent: \n### ErrorStructV2  \n|     |     |     |     |\n| --- | --- | --- | --- |\n| **Key** | **Type** | **Description** | **Example** |\n| code | string | The error category in string. | ok  |\n| message | string | The detailed error description. |     |\n| log\\_id | string | The unique ID associated with every request for debugging purporse. | 202207280326050102231031430C7E754E |\n| http\\_status\\_code | i32 | The http status code. | 200 |\n",
        "line_start": 311,
        "line_end": 319
    },
    "26": {
        "content": "Source document: ../data/platform-docs-versions/TikTok_Commercial-Content-API/Commercial Content API Documentation.md\nParagraph location: \n\tResource URL: https://developers.tiktok.com/doc/commercial-content-api-query-advertisers/\n\nContent: \n# Resource URL: https://developers.tiktok.com/doc/commercial-content-api-query-advertisers/\n",
        "line_start": 321,
        "line_end": 322
    },
    "27": {
        "content": "Source document: ../data/platform-docs-versions/TikTok_Commercial-Content-API/Commercial Content API Documentation.md\nParagraph location: \n\tQuery Advertisers\n\nContent: \n# Query Advertisers  \nUse POST /v2/research/adlib/advertiser/query to query advertisers.  \n|     |     |\n| --- | --- |\n| **HTTP** **URL** | https://open.tiktokapis.com/v2/research/adlib/advertiser/query/ |\n| **HTTP Method** | POST |\n| **Scopes** | research.adlib.basic |\n",
        "line_start": 322,
        "line_end": 329
    },
    "28": {
        "content": "Source document: ../data/platform-docs-versions/TikTok_Commercial-Content-API/Commercial Content API Documentation.md\nParagraph location: \n\tRequest\n\tHeaders\n\nContent: \n# Request  \n## Headers  \n|     |     |     |     |     |\n| --- | --- | --- | --- | --- |\n| **Key** | **Type** | **Description** | **Example** | **Required** |\n| Authorization | string | The token that bears the authorization of the TikTok user, which is obtained through /v2/oauth/token/. | Bearer clt.example12345Example12345Example | true |\n| Content-Type | string | Indicate the original media type of the resource. | application/json | true |\n",
        "line_start": 129,
        "line_end": 136
    },
    "29": {
        "content": "Source document: ../data/platform-docs-versions/TikTok_Commercial-Content-API/Commercial Content API Documentation.md\nParagraph location: \n\tRequest\n\tQuery parameters\n\nContent: \n## Query parameters  \n|     |     |     |     |     |\n| --- | --- | --- | --- | --- |\n| **Key** | **Type** | **Description** | **Example** | **Required** |\n| fields | string | The requested fields:<br><br>* business\\_name<br>* business\\_id<br>* country\\_code | business\\_name,business\\_id,country\\_code | true |\n",
        "line_start": 139,
        "line_end": 144
    },
    "30": {
        "content": "Source document: ../data/platform-docs-versions/TikTok_Commercial-Content-API/Commercial Content API Documentation.md\nParagraph location: \n\tRequest\n\tBody\n\nContent: \n## Body  \n|     |     |     |     |     |\n| --- | --- | --- | --- | --- |\n| **Key** | **Type** | **Description** | **Example** | **Required** |\n| search\\_term | string | The terms to search for in the query. The limit of the string is 50 characters or less. | awesome | true |\n| max\\_count | i64 | The maximum number of results returned at once. The default value is 10 and the maximum value is 50. | 20  | false |\n",
        "line_start": 146,
        "line_end": 152
    },
    "31": {
        "content": "Source document: ../data/platform-docs-versions/TikTok_Commercial-Content-API/Commercial Content API Documentation.md\nParagraph location: \n\tRequest\n\tRequest example\n\nContent: \n## Request example  \ncurl -L -X POST 'https://open.tiktokapis.com/v2/research/adlib/advertiser/query/?fields=business_id,business_name' \\\n-H 'Authorization: Bearer clt.example12345Example12345Example' \\\n-H 'Content-Type: application/json'\n--data-raw '{\n\"search_term\": \"awesome\",\n\"max_count\": 25\n}'\n",
        "line_start": 185,
        "line_end": 193
    },
    "32": {
        "content": "Source document: ../data/platform-docs-versions/TikTok_Commercial-Content-API/Commercial Content API Documentation.md\nParagraph location: \n\tResponse\n\nContent: \n# Response  \n|     |     |     |\n| --- | --- | --- |\n| **Key** | **Type** | **Example** |\n| data | QueryAdvertiserData | See the response example below. |\n| error | ErrorStructV2 | See the response example below. |\n",
        "line_start": 207,
        "line_end": 213
    },
    "33": {
        "content": "Source document: ../data/platform-docs-versions/TikTok_Commercial-Content-API/Commercial Content API Documentation.md\nParagraph location: \n\tResponse\n\tResponse example\n\nContent: \n## Response example  \n{\n\"data\": {\n\"advertisers\": [\n{\n\"business_id\": 1755645247067185,\n\"business_name\": \"Awesome Food Co.\",\n\"country_code\": \"US\",\n},\n{\n\"business_id\": 183746395837294,\n\"business_name\": \"Awesome Drink Co.\",\n\"country_code\": \"CA\",\n}\n]\n},\n\"error\": {\n\"code\": \"ok\",\n\"http_status_code\": 200,\n\"log_id\": \"202207280326050102231031430C7E754E\",\n\"message\": \"\"\n}\n}\n",
        "line_start": 215,
        "line_end": 238
    },
    "34": {
        "content": "Source document: ../data/platform-docs-versions/TikTok_Commercial-Content-API/Commercial Content API Documentation.md\nParagraph location: \n\tResponse\n\tData structures\n\tQueryAdvertiserData\n\nContent: \n## Data structures  \n### QueryAdvertiserData  \n|     |     |     |     |\n| --- | --- | --- | --- |\n| **Key** | **Type** | **Description** | **Example** |\n| advertisers | list<Advertiser> | The list of advertisers that match all the criteria. |     |\n",
        "line_start": 157,
        "line_end": 163
    },
    "35": {
        "content": "Source document: ../data/platform-docs-versions/TikTok_Commercial-Content-API/Commercial Content API Documentation.md\nParagraph location: \n\tResponse\n\tData structures\n\tAdvertiser\n\nContent: \n### Advertiser  \n|     |     |     |     |\n| --- | --- | --- | --- |\n| **Key** | **Type** | **Description** | **Example** |\n| business\\_id | i64 | The advertiser's business ID. | 1755645247067185 |\n| business\\_name | string | The advertiser's business name. | Awesome Food Co. |\n| country\\_code | string | The advertiser's country in the format of a two-letter code defined in ISO 3166-1. | US  |\n",
        "line_start": 302,
        "line_end": 309
    },
    "36": {
        "content": "Source document: ../data/platform-docs-versions/TikTok_Commercial-Content-API/Commercial Content API Documentation.md\nParagraph location: \n\tResponse\n\tData structures\n\tErrorStructV2\n\nContent: \n### ErrorStructV2  \n|     |     |     |     |\n| --- | --- | --- | --- |\n| **Key** | **Type** | **Description** | **Example** |\n| code | string | The error category in string. | ok  |\n| message | string | The detailed error description. |     |\n| log\\_id | string | The unique ID associated with every request for debugging purposes. | 202207280326050102231031430C7E754E |\n| http\\_status\\_code | i32 | The http status code. | 200 |\n",
        "line_start": 311,
        "line_end": 319
    },
    "37": {
        "content": "Source document: ../data/platform-docs-versions/TikTok_Commercial-Content-API/Commercial Content API Documentation.md\nParagraph location: \n\tResource URL: https://developers.tiktok.com/doc/commercial-content-api-get-ad-details/\n\nContent: \n# Resource URL: https://developers.tiktok.com/doc/commercial-content-api-get-ad-details/\n",
        "line_start": 430,
        "line_end": 431
    },
    "38": {
        "content": "Source document: ../data/platform-docs-versions/TikTok_Commercial-Content-API/Commercial Content API Documentation.md\nParagraph location: \n\tGet Ad Details\n\nContent: \n# Get Ad Details  \nUse POST /v2/research/adlib/ad/detail/ to get ad details.  \n|     |     |\n| --- | --- |\n| **HTTP** **URL** | https://open.tiktokapis.com/v2/research/adlib/ad/detail/ |\n| **HTTP Method** | POST |\n| **Scopes** | research.adlib.basic |\n",
        "line_start": 431,
        "line_end": 438
    },
    "39": {
        "content": "Source document: ../data/platform-docs-versions/TikTok_Commercial-Content-API/Commercial Content API Documentation.md\nParagraph location: \n\tRequest\n\tHeaders\n\nContent: \n# Request  \n## Headers  \n|     |     |     |     |     |\n| --- | --- | --- | --- | --- |\n| **Key** | **Type** | **Description** | **Example** | **Required** |\n| Authorization | string | The token that bears the authorization of the TikTok user, which is obtained through /v2/oauth/token/. | Bearer clt.example12345Example12345Example | true |\n| Content-Type | string | Indicate the original media type of the resource. | application/json | true |\n",
        "line_start": 129,
        "line_end": 136
    },
    "40": {
        "content": "Source document: ../data/platform-docs-versions/TikTok_Commercial-Content-API/Commercial Content API Documentation.md\nParagraph location: \n\tRequest\n\tQuery parameters\n\nContent: \n## Query parameters  \n|     |     |     |     |     |\n| --- | --- | --- | --- | --- |\n| **Key** | **Type** | **Description** | **Example** | **Required** |\n| fields | string | The requested fields:<br><br>* ad.id<br>* ad.first\\_shown\\_date<br>* ad.last\\_shown\\_date<br>* ad.status<br>* ad.status\\_statement<br>* ad.videos<br>* ad.image\\_urls<br>* ad.reach<br>* advertiser.business\\_id<br>* advertiser.business\\_name<br>* advertiser.paid\\_for\\_by<br>* advertiser.follower\\_count<br>* advertiser.avatar\\_url<br>* advertiser.profile\\_url<br>* ad\\_group.targeting\\_info | ad.id,ad.first\\_shown\\_date,ad.last\\_shown\\_date | true |\n",
        "line_start": 139,
        "line_end": 144
    },
    "41": {
        "content": "Source document: ../data/platform-docs-versions/TikTok_Commercial-Content-API/Commercial Content API Documentation.md\nParagraph location: \n\tRequest\n\tBody\n\nContent: \n## Body  \n|     |     |     |     |     |\n| --- | --- | --- | --- | --- |\n| **Key** | **Type** | **Description** | **Example** | **Required** |\n| ad\\_id | i64 | The ad ID. | 104836593772645 | false |\n",
        "line_start": 146,
        "line_end": 151
    },
    "42": {
        "content": "Source document: ../data/platform-docs-versions/TikTok_Commercial-Content-API/Commercial Content API Documentation.md\nParagraph location: \n\tRequest\n\tRequest example\n\nContent: \n## Request example  \ncurl -L -X POST 'https://open.tiktokapis.com/v2/research/adlib/ad/detail/?fields=ad.id,ad.first_shown_date,ad.last_shown_date' \\\n-H 'Authorization: Bearer clt.example12345Example12345Example' \\\n-H 'Content-Type: application/json'\n--data-raw '{\n\"ad_id\": 104836593772645\n}'\n",
        "line_start": 185,
        "line_end": 192
    },
    "43": {
        "content": "Source document: ../data/platform-docs-versions/TikTok_Commercial-Content-API/Commercial Content API Documentation.md\nParagraph location: \n\tResponse\n\nContent: \n# Response  \n|     |     |     |\n| --- | --- | --- |\n| **Key** | **Type** | **Example** |\n| data | AdDetailData | See the response example below. |\n| error | ErrorStructV2 | See the response example below. |\n",
        "line_start": 207,
        "line_end": 213
    },
    "44": {
        "content": "Source document: ../data/platform-docs-versions/TikTok_Commercial-Content-API/Commercial Content API Documentation.md\nParagraph location: \n\tResponse\n\tResponse example\n\nContent: \n## Response example  \n{\n\"data\": {\n\"ad\": {\n\"first_shown_date\": 20210101,\n\"id\": 1923845247192304,\n\"image_urls\": [\n\"https://asdfcdn.com/17392712.jpeg?x-expires=1679169600\\u0026x-signature=asdf\"\n],\n\"last_shown_date\": 20210101,\n\"status\": \"active\",\n\"videos\": [\n{\"url\": \"https://asdfcdn.com/..../127364jmdfjsa93d8cn30dm2di/?mime_type=video_mp4\"},\n{\"url\": \"https://asdfcdn.com/..../1kmeidhfb38u21nd82hsk389fd/?mime_type=video_mp4\"}\n],\n\"reach\": {\n\"unique_users_seen\": \"30K\",\n\"unique_users_seen_by_country\": {\n\"GB\": \"18K\",\n\"IT\": \"12K\"\n}\n},\n\"rejection_info\": {\n\"affected_countries\": [\"FR\", \"IT\"]\n}\n},\n\"ad_group\": {\n\"target\" {\n\"number_of_users_targeted\": \"50K\",\n\"country\": [\"IT\", \"GB\"],\n\"age\": {\n\"13-17\": false,\n\"18-24\": false,\n\"25-34\": false,\n\"35-44\": true,\n\"35-44\": true,\n\"55+\": true,\n},\n\"gender\": {\n\"female\": true,\n\"male\": true,\n\"other_genders\": true\n},\n\"audience_targeting\": \"No\",\n\"video_interactions\": \"Entertainment\",\n\"creator_interactions\": \"Talent\",\n\"interest\": \"News & Entertainment, Business Services\"\n}\n},\n\"advertiser\": {\n\"business_id\": 1755645247067185,\n\"business_name\": \"Awesome Co.\",\n\"country_code\": \"US\",\n\"paid_by\": \"Awesome Co.\",\n\"tiktok_account\": {\n\"avatar_url\": \"https://asdf.tiktokcdn.com/1736254.jpeg?x-expires=1679169600\\u0026x-signature=asdf\",\n\"follower_count\": 26374,\n\"profile_url\": \"https://www.tiktok.com/@awesome_co\"\n}\n}\n},\n\"error\": {\n\"code\": \"ok\",\n\"http_status_code\": 200,\n\"log_id\": \"202207280326050102231031430C7E754E\",\n\"message\": \"\"\n}\n}\n",
        "line_start": 215,
        "line_end": 283
    },
    "45": {
        "content": "Source document: ../data/platform-docs-versions/TikTok_Commercial-Content-API/Commercial Content API Documentation.md\nParagraph location: \n\tResponse\n\tData structures\n\tGetAdDetailData\n\nContent: \n## Data structures  \n### GetAdDetailData  \n|     |     |     |     |\n| --- | --- | --- | --- |\n| **Key** | **Type** | **Description** | **Example** |\n| advertiser | Advertiser | The advertiser metadata. |     |\n| ad\\_group | AdGroup | The ad group metadata. |     |\n| ad  | Ad  | The ad metadata. |     |\n",
        "line_start": 157,
        "line_end": 165
    },
    "46": {
        "content": "Source document: ../data/platform-docs-versions/TikTok_Commercial-Content-API/Commercial Content API Documentation.md\nParagraph location: \n\tResponse\n\tData structures\n\tAdvertiser\n\nContent: \n### Advertiser  \n|     |     |     |     |\n| --- | --- | --- | --- |\n| **Key** | **Type** | **Description** | **Example** |\n| business\\_id | i64 | The advertiser's business ID. | 1755645247067185 |\n| business\\_name | string | The advertiser's business name. | Awesome Co. |\n| country\\_code | string | The advertiser's country in the format of a two-letter code defined in ISO 3166-1. | US  |\n| paid\\_by | string | The advertiser's funding source. | Awesome Co. |\n| tiktok\\_account | TikTokAccount | The advertiser's TikTok account information. | See example in TikTokAccount table |\n",
        "line_start": 302,
        "line_end": 311
    },
    "47": {
        "content": "Source document: ../data/platform-docs-versions/TikTok_Commercial-Content-API/Commercial Content API Documentation.md\nParagraph location: \n\tResponse\n\tData structures\n\tTikTokAccount\n\nContent: \n### TikTokAccount  \n|     |     |     |     |\n| --- | --- | --- | --- |\n| **Key** | **Type** | **Description** | **Example** |\n| profile\\_url | string | The advertiser's TikTok profile link. | https://www.tiktok.com/@awesome\\_co |\n| avatar\\_url | string | The advertiser's TikTok avatar link. | https://asdf.tiktokcdn.com/1736254.jpeg?x-expires=1679169600&x-signature=asdf |\n| follower\\_count | i64 | The advertiser's TikTok follower count. | 26374 |\n",
        "line_start": 576,
        "line_end": 583
    },
    "48": {
        "content": "Source document: ../data/platform-docs-versions/TikTok_Commercial-Content-API/Commercial Content API Documentation.md\nParagraph location: \n\tResponse\n\tData structures\n\tAdGroup\n\nContent: \n### AdGroup  \n|     |     |     |     |\n| --- | --- | --- | --- |\n| **Key** | **Type** | **Description** | **Example** |\n| targeting\\_info | TargetingInfo | The targeting of this ad group. | See example in Targeted table |\n",
        "line_start": 585,
        "line_end": 590
    },
    "49": {
        "content": "Source document: ../data/platform-docs-versions/TikTok_Commercial-Content-API/Commercial Content API Documentation.md\nParagraph location: \n\tResponse\n\tData structures\n\tTargetingInfo\n\nContent: \n### TargetingInfo  \n|     |     |     |     |\n| --- | --- | --- | --- |\n| **Key** | **Type** | **Description** | **Example** |\n| number\\_of\\_users\\_targeted | string | The total number of users targeted. | \"20K\" |\n| country | list<string> | The targeted countries. | \\[\"FR\", \"GB\"\\] |\n| age | map<string,bool> | The targeted ages. | {<br><br>\"female\": true,<br><br>\"male\": false,<br><br>\"unknown\": true<br><br>} |\n| gender | map<string,bool> | The targeted genders. | {<br><br>\"13-17\": false,<br><br>\"18-24\": false,<br><br>\"25-34\": false,<br><br>\"35-44\": true,<br><br>\"35-44\": true,<br><br>\"55+\": true,<br><br>} |\n| audience\\_targeting | string | A flag that indicates if the user is part of an audience list uploaded by the advertiser. | \"Yes\" |\n| video\\_interactions | string | The list of video categories that the user engaged with | \"Entertainment\" |\n| creator\\_interactions | string | The list of creator categories based on how the user followed or viewed creators | \"Talent\" |\n| interest | string | The list of interest categories that the viewers of this ad were grouped into | \"News & Entertainment, Business Services\" |\n",
        "line_start": 592,
        "line_end": 604
    },
    "50": {
        "content": "Source document: ../data/platform-docs-versions/TikTok_Commercial-Content-API/Commercial Content API Documentation.md\nParagraph location: \n\tResponse\n\tData structures\n\tAd\n\nContent: \n### Ad  \n|     |     |     |     |\n| --- | --- | --- | --- |\n| **Key** | **Type** | **Description** | **Example** |\n| id  | i64 | The ad ID. | 1923845247192304 |\n| first\\_shown\\_date | string | The first day when this ad was shown. | 20210101 |\n| last\\_shown\\_date | string | The last day when this ad was shown. | 20210101 |\n| status | string | The audit status of this ad: active or inactive. | active |\n| ad\\_videos | list<AdVideo> | The list of videos. |     |\n| image\\_urls | list<string> | The image URL list of this ad. | \\[<br><br>\"https://asdfcdn.com/17392712.jpeg?x-expires=1679169600\\\\u0026x-signature=asdf\"<br><br>\\] |\n| reach | Reach | The audience of this ad group. | See example in Reach table |\n| rejection\\_info | Rejection\\_info |     | See example in RejectionInfo |\n",
        "line_start": 275,
        "line_end": 287
    },
    "51": {
        "content": "Source document: ../data/platform-docs-versions/TikTok_Commercial-Content-API/Commercial Content API Documentation.md\nParagraph location: \n\tResponse\n\tData structures\n\tAdVideo\n\nContent: \n### AdVideo  \n|     |     |     |     |\n| --- | --- | --- | --- |\n| **Key** | **Type** | **Description** | **Example** |\n| url | string | The video url of this ad. | https://asdfcdn.com/..../127364jmdfjsa93d8cn30dm2di/?mime\\_type=video\\_mp4 |\n",
        "line_start": 288,
        "line_end": 293
    },
    "52": {
        "content": "Source document: ../data/platform-docs-versions/TikTok_Commercial-Content-API/Commercial Content API Documentation.md\nParagraph location: \n\tResponse\n\tData structures\n\tReach\n\nContent: \n### Reach  \n|     |     |     |     |\n| --- | --- | --- | --- |\n| **Key** | **Type** | **Description** | **Example** |\n| unique\\_users\\_seen | string | The total number of unique users who have seen this ad. | 10K |\n| unique\\_users\\_seen\\_by\\_country | map<string,string> | The total number of unique users who have seen this ad in each country. | {<br><br>\"GB\": \"13K\",<br><br>\"IT\": \"12K\"<br><br>} |\n",
        "line_start": 295,
        "line_end": 301
    },
    "53": {
        "content": "Source document: ../data/platform-docs-versions/TikTok_Commercial-Content-API/Commercial Content API Documentation.md\nParagraph location: \n\tResponse\n\tData structures\n\tErrorStructV2\n\nContent: \n### ErrorStructV2  \n|     |     |     |     |\n| --- | --- | --- | --- |\n| **Key** | **Type** | **Description** | **Example** |\n| code | string | The error category in string. | ok  |\n| message | string | The detailed error description. |     |\n| log\\_id | string | The unique ID associated with every request for debugging purposes. | 202207280326050102231031430C7E754E |\n| http\\_status\\_code | i32 | The http status code. | 200 |\n",
        "line_start": 311,
        "line_end": 319
    },
    "54": {
        "content": "Source document: ../data/platform-docs-versions/TikTok_Commercial-Content-API/Commercial Content API Documentation.md\nParagraph location: \n\tResponse\n\tData structures\n\tRejectionInfo\n\nContent: \n### RejectionInfo  \n|     |     |     |     |\n| --- | --- | --- | --- |\n| **Key** | **Type** | **Description** | **Example** |\n| reasons | list<string> | The reason that an ad has been rejected, when applicable. | \\[\"The product/service promoted on the ad/landing page belongs to a prohibited industry of the targeted location(s) in your ad when we take our own business evaluation, user experience and the value of advertisement impact, etc. into consideration.\"\\] |\n| affected\\_countries | list<string> | The affected region(s), if any, where the listed rejection reasons may apply to the ad. If an ad is rejected but no affected regions are specified, it may be rejected in all applicable regions. | \\[\"Austria\", \"Belgium\"\\] |\n| reporting\\_source | string | The reporting or detection source that led to the ad's rejection(s), when applicable. | Users and third parties can report policy violations to us. We have detected this policy violation based on a report that the content violated our Advertising Policies. |\n| automated\\_notice | string | The notice that describes when TikTok's moderation decision relied on automated measures. This field returns a null value if the decision was based on a manual review. | We have used automated measures in making this decision. |\n",
        "line_start": 645,
        "line_end": 653
    },
    "55": {
        "content": "Source document: ../data/platform-docs-versions/TikTok_Commercial-Content-API/Commercial Content API Documentation.md\nParagraph location: \n\tResource URL: https://developers.tiktok.com/doc/commercial-content-api-get-ad-report/\n\nContent: \n# Resource URL: https://developers.tiktok.com/doc/commercial-content-api-get-ad-report/\n",
        "line_start": 655,
        "line_end": 656
    },
    "56": {
        "content": "Source document: ../data/platform-docs-versions/TikTok_Commercial-Content-API/Commercial Content API Documentation.md\nParagraph location: \n\tGet Ad Report\n\nContent: \n# Get Ad Report  \nUse POST /v2/research/adlib/ad/report/ to get a report on ad publishing.  \n|     |     |\n| --- | --- |\n| **HTTP** **URL** | https://open.tiktokapis.com/v2/research/adlib/ad/report/ |\n| **HTTP Method** | POST |\n| **Scopes** | research.adlib.basic |\n",
        "line_start": 656,
        "line_end": 663
    },
    "57": {
        "content": "Source document: ../data/platform-docs-versions/TikTok_Commercial-Content-API/Commercial Content API Documentation.md\nParagraph location: \n\tRequest\n\tHeaders\n\nContent: \n# Request  \n## Headers  \n|     |     |     |     |     |\n| --- | --- | --- | --- | --- |\n| **Key** | **Type** | **Description** | **Example** | **Required** |\n| Authorization | string | The token that bears the authorization of the TikTok user, which is obtained through /v2/oauth/token/. | Bearer clt.example12345Example12345Example | true |\n| Content-Type | string | Indicate the original media type of the resource. | application/json | true |\n",
        "line_start": 129,
        "line_end": 136
    },
    "58": {
        "content": "Source document: ../data/platform-docs-versions/TikTok_Commercial-Content-API/Commercial Content API Documentation.md\nParagraph location: \n\tRequest\n\tQuery parameters\n\nContent: \n## Query parameters  \n|     |     |     |     |     |\n| --- | --- | --- | --- | --- |\n| **Key** | **Type** | **Description** | **Example** | **Required** |\n| fields | string | The requested fields:<br><br>* count\\_time\\_series\\_by\\_country | count\\_time\\_series\\_by\\_country | true |\n",
        "line_start": 139,
        "line_end": 144
    },
    "59": {
        "content": "Source document: ../data/platform-docs-versions/TikTok_Commercial-Content-API/Commercial Content API Documentation.md\nParagraph location: \n\tRequest\n\tBody\n\nContent: \n## Body  \n|     |     |     |     |     |\n| --- | --- | --- | --- | --- |\n| **Key** | **Type** | **Description** | **Example** | **Required** |\n| filters | RequestFilters | Filters that will be applied to the query. | See the request example below. | true |\n",
        "line_start": 146,
        "line_end": 151
    },
    "60": {
        "content": "Source document: ../data/platform-docs-versions/TikTok_Commercial-Content-API/Commercial Content API Documentation.md\nParagraph location: \n\tRequest\n\tData structures\n\tRequestFilters\n\nContent: \n## Data structures  \n### RequestFilters  \n|     |     |     |     |     |\n| --- | --- | --- | --- | --- |\n| **Key** | **Type** | **Description** | **Example** | **Required** |\n| ad\\_published\\_date\\_range | DateRange | The time range when the ads were published.<br><br>\"min\" needs to be after October 1st, 2022. | {<br><br>\"min\": \"20230102\",<br><br>\"max\": \"20230109\"<br><br>} | true |\n| country\\_code | string | The country where the ads/ad groups were created. The default value is ALL.<br><br>[Supported Countries](https://developers.tiktok.com/doc/commercial-content-api-supported-countries) | FR  | false |\n| advertiser\\_business\\_ids | list<i64> | The advertiser's business ID of the ads/ad groups. | \\[21836478203048,3484763562784\\] | false |\n",
        "line_start": 157,
        "line_end": 165
    },
    "61": {
        "content": "Source document: ../data/platform-docs-versions/TikTok_Commercial-Content-API/Commercial Content API Documentation.md\nParagraph location: \n\tRequest\n\tData structures\n\tDateRange\n\nContent: \n### DateRange  \n|     |     |     |     |     |\n| --- | --- | --- | --- | --- |\n| **Key** | **Type** | **Description** | **Example** | **Required** |\n| min | string | The first date of the range.<br><br>\"min\" needs to be after October 1st, 2022. | 20230102 | true |\n| max | string | The last date of the range. | 20230109 | true |\n",
        "line_start": 169,
        "line_end": 175
    },
    "62": {
        "content": "Source document: ../data/platform-docs-versions/TikTok_Commercial-Content-API/Commercial Content API Documentation.md\nParagraph location: \n\tRequest\n\tRequest example\n\nContent: \n## Request example  \ncurl -L -X POST 'https://open.tiktokapis.com/v2/research/adlib/ad/report/?fields=count_time_series_by_country' \\\n-H 'Authorization: Bearer clt.example12345Example12345Example' \\\n-H 'Content-Type: application/json'\n--data-raw '{\n\"filters\":{\n\"ad_published_date_range\": {\n\"min\": \"20230102\",\n\"max\": \"20230109\"\n},\n\"country_code\":\"ALL\",\n\"advertiser_business_ids\":[21836478203048,3484763562784]\n}\n}'\n",
        "line_start": 185,
        "line_end": 199
    },
    "63": {
        "content": "Source document: ../data/platform-docs-versions/TikTok_Commercial-Content-API/Commercial Content API Documentation.md\nParagraph location: \n\tResponse\n\nContent: \n# Response  \n|     |     |     |\n| --- | --- | --- |\n| **Key** | **Type** | **Example** |\n| data | ReportData | See the response example below. |\n| error | ErrorStructV2 | See the response example below. |\n",
        "line_start": 207,
        "line_end": 213
    },
    "64": {
        "content": "Source document: ../data/platform-docs-versions/TikTok_Commercial-Content-API/Commercial Content API Documentation.md\nParagraph location: \n\tResponse\n\tResponse example\n\nContent: \n## Response example  \n{\n\"data\": {\n\"count_time_series_by_country\": {\n\"IT\": [{\"date\": \"20210109\", \"count\": 45}, {\"date\": \"20210108\", \"count\": 24}],\n\"ES\": [{\"date\": \"20210109\", \"count\": 48}, {\"date\": \"20210108\", \"count\": 22}],\n...\n}\n},\n\"error\": {\n\"code\": \"ok\",\n\"http_status_code\": 200,\n\"log_id\": \"202207280326050102231031430C7E754E\",\n\"message\": \"\"\n}\n}\n",
        "line_start": 215,
        "line_end": 231
    },
    "65": {
        "content": "Source document: ../data/platform-docs-versions/TikTok_Commercial-Content-API/Commercial Content API Documentation.md\nParagraph location: \n\tResponse\n\tData structures\n\tReportData\n\nContent: \n## Data structures  \n### ReportData  \n|     |     |     |     |\n| --- | --- | --- | --- |\n| **Key** | **Type** | **Description** | **Example** |\n| count\\_time\\_series\\_by\\_country | map<string,list<DateCount>> | The ad count time series of each country. |     |\n",
        "line_start": 157,
        "line_end": 163
    },
    "66": {
        "content": "Source document: ../data/platform-docs-versions/TikTok_Commercial-Content-API/Commercial Content API Documentation.md\nParagraph location: \n\tResponse\n\tData structures\n\tDateCount\n\nContent: \n### DateCount  \n|     |     |     |     |\n| --- | --- | --- | --- |\n| **Key** | **Type** | **Description** | **Example** |\n| date | string | The date when ads were published in the format YYYYMMDD. | 20230101 |\n| count | i64 | The total number of ads published on that date. | 500032 |\n",
        "line_start": 762,
        "line_end": 768
    },
    "67": {
        "content": "Source document: ../data/platform-docs-versions/TikTok_Commercial-Content-API/Commercial Content API Documentation.md\nParagraph location: \n\tResponse\n\tData structures\n\tErrorStructV2\n\nContent: \n### ErrorStructV2  \n|     |     |     |     |\n| --- | --- | --- | --- |\n| **Key** | **Type** | **Description** | **Example** |\n| code | string | The error category in string. | ok  |\n| message | string | The detailed error description. | \"\"  |\n| log\\_id | string | The unique ID associated with every request for debugging purposes. | 202207280326050102231031430C7E754E |\n| http\\_status\\_code | i32 | The http status code. | 200 |\n",
        "line_start": 311,
        "line_end": 319
    },
    "68": {
        "content": "Source document: ../data/platform-docs-versions/TikTok_Commercial-Content-API/Commercial Content API Documentation.md\nParagraph location: \n\tResource URL: https://developers.tiktok.com/doc/commercial-content-api-query-commercial-content/\n\nContent: \n# Resource URL: https://developers.tiktok.com/doc/commercial-content-api-query-commercial-content/\n",
        "line_start": 780,
        "line_end": 781
    },
    "69": {
        "content": "Source document: ../data/platform-docs-versions/TikTok_Commercial-Content-API/Commercial Content API Documentation.md\nParagraph location: \n\tQuery Commercial Content\n\nContent: \n# Query Commercial Content  \nUse POST /v2/research/adlib/commercial\\_content/query/ to query commercial content  \n|     |     |\n| --- | --- |\n| **HTTP URL** | https://open.tiktokapis.com/v2/research/adlib/commercial\\_content/query/ |\n| **HTTP Method** | POST |\n| **Scopes** | research.adlib.basic |\n",
        "line_start": 781,
        "line_end": 788
    },
    "70": {
        "content": "Source document: ../data/platform-docs-versions/TikTok_Commercial-Content-API/Commercial Content API Documentation.md\nParagraph location: \n\tRequest\n\tHeaders\n\nContent: \n# Request  \n## Headers  \n|     |     |     |     |     |\n| --- | --- | --- | --- | --- |\n| **Key** | **Type** | **Description** | **Example** | **Required** |\n| Authorization | string | The client access token obtained from /v2/oauth/token/. | Bearer clt.example12345Example12345Example | true |\n| Content-Type | string | The original media type of the resource. | application/json | true |\n",
        "line_start": 129,
        "line_end": 136
    },
    "71": {
        "content": "Source document: ../data/platform-docs-versions/TikTok_Commercial-Content-API/Commercial Content API Documentation.md\nParagraph location: \n\tRequest\n\tQuery parameters\n\nContent: \n## Query parameters  \n|     |     |     |     |     |\n| --- | --- | --- | --- | --- |\n| **Key** | **Type** | **Description** | **Example** | **Required** |\n| fields | string | The requested fields<br><br>* id<br>* create\\_timestamp<br>* create\\_date<br>* label<br>* brand\\_names<br>* creator<br>* videos | id,create\\_timestamp,brand\\_names,creator,videos | true |\n",
        "line_start": 139,
        "line_end": 144
    },
    "72": {
        "content": "Source document: ../data/platform-docs-versions/TikTok_Commercial-Content-API/Commercial Content API Documentation.md\nParagraph location: \n\tRequest\n\tBody\n\nContent: \n## Body  \n|     |     |     |     |     |\n| --- | --- | --- | --- | --- |\n| **Key** | **Type** | **Description** | **Example** | **Required** |\n| filters | RequestFilters | Filters that will be applied to the query. | See the request example below | true |\n| max\\_count | i64 | The max number of results returned at once. The default value is 10, and the maximum value is 50. | 20  | false |\n| search\\_id | string | A search\\_id is a unique identifier assigned to a cached search result. This identifier enables the resumption of a prior search and retrieval of additional results based on the same search criteria. | \"eyJsYXN0X3NvcnQiOlsyNTQxMTkwLCIzNDk1NzA4NjI0N\" | false |\n",
        "line_start": 146,
        "line_end": 153
    },
    "73": {
        "content": "Source document: ../data/platform-docs-versions/TikTok_Commercial-Content-API/Commercial Content API Documentation.md\nParagraph location: \n\tRequest\n\tData structures\n\tRequestFilters\n\nContent: \n## Data structures  \n### RequestFilters  \n|     |     |     |     |     |\n| --- | --- | --- | --- | --- |\n| **Key** | **Type** | **Description** | **Example** | **Required** |\n| content\\_published\\_date\\_range | DateRange | The time range during which the commercial contents were published.<br><br>\"min\" needs to be after October 1st, 2022. | {<br><br>\"min\": 20230102,<br><br>\"max\": 20230109<br><br>} | true |\n| creator\\_country\\_code | string | The country of the commercial content's author. The default value is ALL.<br><br>Supported countries: European Economic Area (EEA) countries [Supported Countries](https://developers.tiktok.com/doc/commercial-content-api-supported-countries)<br><br>Note: United Kingdom and Switzerland are not included in this API | FR  | false |\n| creator\\_usernames | list<string> | The commercial contents' creators. | \\[<br><br>\"joe123\",<br><br>\"emma\\_lol\"<br><br>\\] | false |\n",
        "line_start": 157,
        "line_end": 165
    },
    "74": {
        "content": "Source document: ../data/platform-docs-versions/TikTok_Commercial-Content-API/Commercial Content API Documentation.md\nParagraph location: \n\tRequest\n\tData structures\n\tDateRange\n\nContent: \n### DateRange  \n|     |     |     |     |     |\n| --- | --- | --- | --- | --- |\n| **Key** | **Type** | **Description** | **Example** | **Required** |\n| min | string | The first date of the range and this needs to be after October 1st, 2022. | 20230102 | true |\n| max | string | The last date of the range. | 20230109 | true |\n",
        "line_start": 169,
        "line_end": 175
    },
    "75": {
        "content": "Source document: ../data/platform-docs-versions/TikTok_Commercial-Content-API/Commercial Content API Documentation.md\nParagraph location: \n\tRequest\n\tRequest example\n\nContent: \n## Request example  \ncurl -L -X POST 'https://open.tiktokapis.com/v2/research/adlib/commercial_content/report/?fields=ad_id,video_urls,business_name' \\\n-H 'Authorization: Bearer clt.example12345Example12345Example' \\\n-H 'Content-Type: application/json' \\\n--data-raw '{\n\"filters\":{\n\"content_published_date_range\": {\n\"min\": \"20210102\",\n\"max\": \"20210109\"\n},\n\"creator_country_code\": \"FR\"\n}\n}'\n",
        "line_start": 185,
        "line_end": 198
    },
    "76": {
        "content": "Source document: ../data/platform-docs-versions/TikTok_Commercial-Content-API/Commercial Content API Documentation.md\nParagraph location: \n\tResponse\n\nContent: \n# Response  \n|     |     |     |\n| --- | --- | --- |\n| **Key** | **Type** | **Example** |\n| data | QueryCommercialContentData | See the response example below. |\n| error | ErrorStructV2 | See the response example below. |\n",
        "line_start": 207,
        "line_end": 213
    },
    "77": {
        "content": "Source document: ../data/platform-docs-versions/TikTok_Commercial-Content-API/Commercial Content API Documentation.md\nParagraph location: \n\tResponse\n\tResponse example\n\nContent: \n## Response example  \n{\n\"data\": {\n\"commercial_contents\": [\n{\n\"brand_names\": [\n\"My Awesome Co.\",\n\"HelloWorld Inc.\"\n],\n\"create_date\": \"20230109\",\n\"create_timestamp\": 1696875852,\n\"creator\": {\n\"username\": \"joe1234567\"\n},\n\"id\": \"v09044g40000ce6enu3c77u36l73sp20\",\n\"label\": \"Paid partnership\",\n\"videos\": [\n{\n\"cover_image_url\": \"https://asdfcdn.com/17392712.jpeg?x-expires=1679169600\\u0026x-signature=asdf\",\n\"url\":\"https://www.tiktok.com/@joe1234567/video/19384729204821234\"\n}\n]\n}\n],\n\"has_more\": \"true\",\n\"search_id\": \"2837438294054038\"\n},\n\"error\": {\n\"code\": \"ok\",\n\"http_status_code\": 200,\n\"log_id\": \"202207280326050102231031430C7E754E\",\n\"message\": \"\"\n}\n}\n",
        "line_start": 215,
        "line_end": 249
    },
    "78": {
        "content": "Source document: ../data/platform-docs-versions/TikTok_Commercial-Content-API/Commercial Content API Documentation.md\nParagraph location: \n\tResponse\n\tData structures\n\tQueryCommercialContentData\n\nContent: \n## Data structures  \n### QueryCommercialContentData  \n|     |     |     |     |\n| --- | --- | --- | --- |\n| **Key** | **Type** | **Description** | **Example** |\n| commercial\\_contents | list<CommercialContent> | The list of commercial contents. |     |\n| has\\_more | bool | The flag that indicates if there are more items to be returned. | true |\n| search\\_id | string | A search\\_id is a unique identifier assigned to a cached search result. This identifier enables the resumption of a prior search and retrieval of additional results based on the same search criteria.<br><br>If you update the`filters` in the request, please remove the `search_id` to avoid getting back unexpected results | \"eyJsYXN0X3NvcnQiOlsyNTQxMTkwLCIzNDk1NzA4NjI0N\" |\n",
        "line_start": 157,
        "line_end": 165
    },
    "79": {
        "content": "Source document: ../data/platform-docs-versions/TikTok_Commercial-Content-API/Commercial Content API Documentation.md\nParagraph location: \n\tResponse\n\tData structures\n\tCommercialContent\n\nContent: \n### CommercialContent  \n|     |     |     |     |\n| --- | --- | --- | --- |\n| **Key** | **Type** | **Description** | **Example** |\n| id  | i64 | The commercial content ID. | 38267490502373 |\n| create\\_date | string | The create date of the commercial content in format of YYYYMMDD. | 20230109 |\n| create\\_timestamp | i64 | The create date of the commercial content in format of Unix timestamp. | 1696875852 |\n| label | string | The label of this commercial content. | Paid partnership |\n| brand\\_names | list<string> | The brands that sponsor this commercial content. | \\[<br><br>\"My Awesome Co.\",<br><br>\"HelloWorld Inc.\"<br><br>\\] |\n| creator | CommercialContentCreator | The commercial content creator's public information. |     |\n| video | CommercialContentVideo | The commercial content video's public information. |     |\n",
        "line_start": 908,
        "line_end": 919
    },
    "80": {
        "content": "Source document: ../data/platform-docs-versions/TikTok_Commercial-Content-API/Commercial Content API Documentation.md\nParagraph location: \n\tResponse\n\tData structures\n\tCommercialContentCreator\n\nContent: \n### CommercialContentCreator  \n|     |     |     |     |\n| --- | --- | --- | --- |\n| **Key** | **Type** | **Description** | **Example** |\n| username | string | The commercial content creator's TikTok handler. | joe123 |\n",
        "line_start": 921,
        "line_end": 926
    },
    "81": {
        "content": "Source document: ../data/platform-docs-versions/TikTok_Commercial-Content-API/Commercial Content API Documentation.md\nParagraph location: \n\tResponse\n\tData structures\n\tCommercialContentVideo\n\nContent: \n### CommercialContentVideo  \n|     |     |     |     |\n| --- | --- | --- | --- |\n| **Key** | **Type** | **Description** | **Example** |\n| id  | i64 | The commercial content video's ID. | 19384729204821234 |\n| status | string | The commercial content video's status. | active |\n| url | string | The commercial content video's URL. | https://www.tiktok.com/@joe1234567/video/19384729204821234 |\n| cover\\_image\\_url | string | The commercial content video's cover image URL. | https://asdfcdn.com/17392712.jpeg?x-expires=1679169600\\\\u0026x-signature=asdf |\n",
        "line_start": 928,
        "line_end": 936
    },
    "82": {
        "content": "Source document: ../data/platform-docs-versions/TikTok_Commercial-Content-API/Commercial Content API Documentation.md\nParagraph location: \n\tResponse\n\tData structures\n\tErrorStructV2\n\nContent: \n### ErrorStructV2  \n|     |     |     |     |\n| --- | --- | --- | --- |\n| **Key** | **Type** | **Description** | **Example** |\n| code | string | The error category in string. | ok  |\n| message | string | The detailed error description. |     |\n| log\\_id | string | The unique id associated with every request for debugging purpose. | 202207280326050102231031430C7E754E |\n| http\\_status\\_code | i32 | The http status code. | 200 |\n",
        "line_start": 311,
        "line_end": 319
    },
    "83": {
        "content": "Source document: ../data/platform-docs-versions/TikTok_Commercial-Content-API/Commercial Content API Documentation.md\nParagraph location: \n\tResource URL: https://developers.tiktok.com/doc/commercial-content-api-supported-countries/\n\nContent: \n# Resource URL: https://developers.tiktok.com/doc/commercial-content-api-supported-countries/\n",
        "line_start": 948,
        "line_end": 949
    },
    "84": {
        "content": "Source document: ../data/platform-docs-versions/TikTok_Commercial-Content-API/Commercial Content API Documentation.md\nParagraph location: \n\tSupported Countries\n\tEuropean Union (EU)\n\nContent: \n# Supported Countries  \n## European Union (EU)  \n|     |     |\n| --- | --- |\n| **Country** | **Country Code** |\n| Austria | AT  |\n| Belgium | BE  |\n| Bulgaria | BG  |\n| Croatia | HR  |\n| Republic of Cyprus | CY  |\n| Czech Repub\u00adlic | CZ  |\n| Denmark | DK  |\n| Estonia | EE  |\n| Finland | FI  |\n| France | FR  |\n| Germany | DE  |\n| Greece | GR  |\n| Hungary | HU  |\n| Ireland | IE  |\n| Italy | IT  |\n| Latvia | LV  |\n| Lithuania | LT  |\n| Luxembourg | LU  |\n| Malta | MT  |\n| Netherlands | NL  |\n| Poland | PL  |\n| Portugal | PT  |\n| Romania | RO  |\n| Slovakia | SK  |\n| Slovenia | SI  |\n| Spain | ES  |\n| Sweden | SE  |\n",
        "line_start": 949,
        "line_end": 981
    },
    "85": {
        "content": "Source document: ../data/platform-docs-versions/TikTok_Commercial-Content-API/Commercial Content API Documentation.md\nParagraph location: \n\tSupported Countries\n\tEuropean Economic Area (EEA)\n\nContent: \n## European Economic Area (EEA)  \nComprised of the European Union (EU) member states and Iceland, Liechtenstein, and Norway  \n|     |     |\n| --- | --- |\n| **Country** | **Country Code** |\n| Norway | NO  |\n| Iceland | IS  |\n| Liechtenstein | LI  |\n",
        "line_start": 984,
        "line_end": 992
    },
    "86": {
        "content": "Source document: ../data/platform-docs-versions/TikTok_Commercial-Content-API/Commercial Content API Documentation.md\nParagraph location: \n\tSupported Countries\n\tContinental Europe\n\nContent: \n## Continental Europe  \nThe United Kingdom (England, Wales, Scotland, and Northern Ireland) and Switzerland are not in the EU or the EEA but are part of continental Europe.  \n|     |     |\n| --- | --- |\n| United Kingdom | GB  |\n| Switzerland | CH  |\n",
        "line_start": 995,
        "line_end": 1001
    }
}