{
    "0": {
        "content": "Source document: ../data/platform-docs-versions/Linkedin_Community-Report/Community Report.md\nParagraph location: \n\tResource URL: https://about.linkedin.com/transparency/community-report\n\nContent: \n# Resource URL: https://about.linkedin.com/transparency/community-report\n",
        "line_start": 0,
        "line_end": 1
    },
    "1": {
        "content": "Source document: ../data/platform-docs-versions/Linkedin_Community-Report/Community Report.md\nParagraph location: \n\tCommunity Report\n\nContent: \n# Community Report  \nThis report covers actions we took on content that violated our Professional Community Policies and User Agreement for the six-month period between January 1 and June 30, 2023. It also summarizes requests to remove content based on copyright infringement claims.\n",
        "line_start": 1,
        "line_end": 3
    },
    "2": {
        "content": "Source document: ../data/platform-docs-versions/Linkedin_Community-Report/Community Report.md\nParagraph location: \n\tCommunity Report\n\tThis report covers:\n\nContent: \n## This report covers:  \n[Fake accounts](#fake-accounts)  \n[Spam and scams](#spam-scams)  \n[Content violations](#content-violations)  \n[Copyrighted materials](#copyright-removal-requests)\n",
        "line_start": 6,
        "line_end": 11
    },
    "3": {
        "content": "Source document: ../data/platform-docs-versions/Linkedin_Community-Report/Community Report.md\nParagraph location: \n\tCommunity Report\n\tFake accounts\n\nContent: \n## Fake accounts  \nWe are a safe, trusted and professional community where real people share, learn and connect. Our policies prohibit fake profiles and require that members are real people who represent themselves accurately and contribute authentically.\n",
        "line_start": 16,
        "line_end": 18
    },
    "4": {
        "content": "Source document: ../data/platform-docs-versions/Linkedin_Community-Report/Community Report.md\nParagraph location: \n\tCommunity Report\n\tFake accounts\n\tWhat we do to catch fake accounts\n\nContent: \n### What we do to catch fake accounts  \nOur automated defenses blocked 90.1% of the fake accounts we stopped during the January - June 2023 period, with the remaining 9.9% stopped by our manual investigations and restrictions. 99.7% of the fake accounts were stopped proactively, before a member report.\u00a0We continue enhancing our defenses to prevent and remove malicious accounts.  \n#### Fake accounts detected and removed  \n2023: Jan-Jun 2022: Jul\u2013Dec 2022: Jan\u2013Jun 2021: Jul\u2013Dec 2021: Jan-Jun 2020: Jul\u2013Dec 2020: Jan-Jun 2019: Jul\u2013Dec 2019: Jan\u2013Jun##### 2023: January-June  \nM = millions\u00a0 \u00a0 \u00a0\u00a0\u00a0\u00a0K = thousands\u00a0##### 2022: July-December  \nM = millions\u00a0 \u00a0 \u00a0\u00a0\u00a0\u00a0K = thousands\u00a0##### 2022: January-June  \nM = millions\u00a0 \u00a0 \u00a0\u00a0\u00a0\u00a0K = thousands\u00a0##### 2021: July-December  \nM = millions\u00a0 \u00a0 \u00a0\u00a0\u00a0\u00a0K = thousands\u00a0##### 2021: January-June  \nM = millions\u00a0 \u00a0 \u00a0\u00a0\u00a0\u00a0K = thousands\u00a0##### 2020: July-December  \nM = millions\u00a0 \u00a0 \u00a0\u00a0\u00a0\u00a0K = thousands\u00a0##### 2020: January-June  \nM = millions\u00a0 \u00a0 \u00a0\u00a0\u00a0\u00a0K = thousands\u00a0##### 2019: July-December  \nM = millions\u00a0 \u00a0 \u00a0\u00a0\u00a0\u00a0K = thousands\u00a0##### 2019: January-June  \nM = millions\u00a0 \u00a0 \u00a0\u00a0\u00a0\u00a0K = thousands\n",
        "line_start": 21,
        "line_end": 34
    },
    "5": {
        "content": "Source document: ../data/platform-docs-versions/Linkedin_Community-Report/Community Report.md\nParagraph location: \n\tCommunity Report\n\tSpam and scams\n\nContent: \n## Spam and scams  \nSpam and scams are not permitted on LinkedIn. By far the most common type of inappropriate content we take action on is spam or scam content, which includes inappropriate commercial activity and repetitive communications or invitations, often meant for financial gain.\n",
        "line_start": 48,
        "line_end": 50
    },
    "6": {
        "content": "Source document: ../data/platform-docs-versions/Linkedin_Community-Report/Community Report.md\nParagraph location: \n\tCommunity Report\n\tSpam and scams\n\tWhat we do to catch spam and scams\n\nContent: \n### What we do to catch spam and scams  \nOf the spam or scam content removed in this reporting period, our automated defenses stopped 99.6% and our teams manually removed the rest.  \n#### Spam and scams detected and removed  \n2023: Jan\u2013Jun 2022: Jul\u2013Dec 2022: Jan - Jun 2021: Jul\u2013Dec 2021: Jan-Jun 2020: Jul\u2013Dec 2020: Jan\u2013Jun 2019: Jul\u2013Dec 2019: Jan\u2013Jun##### 2023: January-June  \nM = millions\u00a0 \u00a0 \u00a0\u00a0\u00a0\u00a0K = thousands\u00a0##### 2022: July-December  \nM = millions\u00a0 \u00a0 \u00a0\u00a0\u00a0\u00a0K = thousands\u00a0##### 2022: January-June  \nM = millions\u00a0 \u00a0 \u00a0\u00a0\u00a0\u00a0K = thousands\u00a0##### 2021: July-December  \nM = millions\u00a0 \u00a0 \u00a0\u00a0\u00a0\u00a0K = thousands  \n##### 2021: January-June  \nM = millions\u00a0 \u00a0 \u00a0\u00a0\u00a0\u00a0K = thousands  \n_\\*An earlier version of this report reflected that LinkedIn removed 232 thousand spam and scams after member reports during the reporting period of January through June 2021. We have edited the report to accurately reflect that LinkedIn removed 224 thousand spam and scams during such reporting period._  \n##### 2020: July-December  \nM = millions\u00a0 \u00a0 \u00a0\u00a0\u00a0\u00a0K = thousands\u00a0##### 2020: January-June  \nM = millions\u00a0 \u00a0 \u00a0\u00a0\u00a0\u00a0K = thousands\u00a0##### 2019: July-December  \nM = millions\u00a0 \u00a0 \u00a0\u00a0\u00a0\u00a0K = thousands\u00a0##### 2019: January-June  \nM = millions\u00a0 \u00a0 \u00a0\u00a0\u00a0\u00a0K = thousands\n",
        "line_start": 53,
        "line_end": 69
    },
    "7": {
        "content": "Source document: ../data/platform-docs-versions/Linkedin_Community-Report/Community Report.md\nParagraph location: \n\tCommunity Report\n\tContent violations\n\nContent: \n## Content violations  \nWe do not tolerate any content that violates our [Professional Community Policies](https://www.linkedin.com/legal/professional-community-policies), and take swift action to remove it. We won\u2019t always get it right, so members can [ask us to take a second look](https://www.linkedin.com/help/linkedin/answer/82934).  \nSimilar to our previous reporting periods, we continue to see record-high engagement and conversations from our growing community of over 950 million members.\u00a0While we saw an overall decrease in violative content across most categories compared to the previous reporting period, we did see an increase in caught harassing and abusive content, attributable to enhanced messaging defenses.  \n[Learn more about content policy violations](https://www.linkedin.com/legal/professional-community-policies)  \n#### Content removed  \n2023: Jan\u2013Jun 2022: Jul\u2013Dec 2022: Jan-Jun 2021: Jul\u2013Dec 2021: Jan-Jun 2020: Jul\u2013Dec 2020: Jan-Jun 2019: Jul\u2013Dec 2019: Jan\u2013Jun  \n##### 2023: January-June  \n##### 2022: July-December  \n##### 2022: January-June  \n##### 2021: July-December  \n##### 2021: January-June  \n_\\*An earlier version of this report reflected that LinkedIn removed 147,156 pieces of \u201charassment or abusive\u201d content during the reporting period of January through June 2021. We have edited the report to accurately reflect that LinkedIn removed 158,988 pieces of content during such reporting period._  \n##### 2020: July-December  \n##### 2020: January-June  \n##### 2019: July-December  \n##### 2019: January-June\n",
        "line_start": 86,
        "line_end": 102
    },
    "8": {
        "content": "Source document: ../data/platform-docs-versions/Linkedin_Community-Report/Community Report.md\nParagraph location: \n\tCommunity Report\n\tCopyright removal requests\n\nContent: \n## Copyright removal requests  \nWe respect the intellectual property rights of others and do not allow copyright infringement. Our [User Agreement](https://www.linkedin.com/legal/user-agreement) requires members to respect others\u2019 rights and follow the law, including gathering any necessary legal permissions before sharing protected content.  \n2023 2022 2021 2020 2019 2018  \n#### Copyright removal requests  \n##### 2023: January-June  \nSwipe  \n|     |     |     |     |     |\n| --- | --- | --- | --- | --- |\n| Requests \\[1\\] | Total infringements reported \\[2\\] | Reported infringements removed \\[3\\] | Reported\u00a0infringements rejected \\[4\\] | Percentage accepted |\n| 2,143 | 1,994 | 1,168 | 826 | 59% |  \n#### Copyright removal requests  \n##### 2022: July-December  \nSwipe  \n|     |     |     |     |     |\n| --- | --- | --- | --- | --- |\n| Requests \\[1\\] | Total infringements reported \\[2\\] | Reported infringements removed \\[3\\] | Reported\u00a0infringements rejected \\[4\\] | Percentage accepted |\n| 1,195 | 1,214 | 1,098 | 116 | 90.44% |  \n#### Copyright removal requests  \n##### 2022: January-June  \nSwipe  \n|     |     |     |     |     |\n| --- | --- | --- | --- | --- |\n| Requests \\[1\\] | Total infringements reported \\[2\\] | Reported infringements removed \\[3\\] | Reported\u00a0infringements rejected \\[4\\] | Percentage accepted |\n| 1,052 | 1,067 | 1,012 | 55  | 94.85% |  \n#### Copyright removal requests  \n##### 2021: July-December  \nSwipe  \n|     |     |     |     |     |\n| --- | --- | --- | --- | --- |\n| Requests \\[1\\] | Total infringements reported \\[2\\] | Reported infringements removed \\[3\\] | Reported\u00a0infringements rejected \\[4\\] | Percentage accepted |\n| 872 | 881 | 863 | 18  | 97.95% |  \n#### Copyright removal requests  \n##### 2021: January-June  \nSwipe  \n|     |     |     |     |     |\n| --- | --- | --- | --- | --- |\n| Requests \\[1\\] | Total infringements reported \\[2\\] | Reported infringements removed \\[3\\] | Reported\u00a0infringements rejected \\[4\\] | Percentage accepted |\n| 1,716 | 5,796 | 5,780 | 16  | 99.70% |  \n#### Copyright removal requests  \n##### 2020: July-December  \nSwipe  \n|     |     |     |     |     |\n| --- | --- | --- | --- | --- |\n| Requests \\[1\\] | Total infringements reported \\[2\\] | Reported infringements removed \\[3\\] | Reported\u00a0infringements rejected \\[4\\] | Percentage accepted |\n| 3,876 | 23,269 | 23,260 | 9   | 99.96% |  \n#### Copyright removal requests  \n##### 2020: January-June  \nSwipe  \n|     |     |     |     |     |\n| --- | --- | --- | --- | --- |\n| Requests \\[1\\] | Total infringements reported \\[2\\] | Reported infringements removed \\[3\\] | Reported\u00a0infringements rejected \\[4\\] | Percentage accepted |\n| 7,039 | 125,306 | 125,289 | 17  | 99.99% |  \n#### Copyright removal requests  \n##### 2019: July-December  \nSwipe  \n|     |     |     |     |     |\n| --- | --- | --- | --- | --- |\n| Requests \\[1\\] | Total infringements reported \\[2\\] | Reported infringements removed \\[3\\] | Reported\u00a0infringements rejected \\[4\\] | Percentage accepted |\n| 11,564 | 290,170 | 290,145 | 25  | 99.99% |  \n#### Copyright removal requests  \n##### 2019: January-June  \nSwipe  \n|     |     |     |     |     |\n| --- | --- | --- | --- | --- |\n| Requests \\[1\\] | Total infringements reported \\[2\\] | Reported infringements removed \\[3\\] | Reported\u00a0infringements rejected \\[4\\] | Percentage accepted |\n| 8,845 | 116,164 | 116,127 | 37  | 99.97% |  \n#### Copyright removal requests  \n##### 2018: July-December  \nSwipe  \n|     |     |     |     |     |\n| --- | --- | --- | --- | --- |\n| Requests \\[1\\] | Total infringements reported \\[2\\] | Reported infringements removed \\[3\\] | Reported\u00a0infringements rejected \\[4\\] | Percentage accepted |\n| 9,333 | 115,310 | 115,284 | 26  | 100% |  \n#### Copyright removal requests  \n##### 2018: January-June  \nSwipe  \n|     |     |     |     |     |\n| --- | --- | --- | --- | --- |\n| Requests \\[1\\] | Total infringements reported \\[2\\] | Reported infringements removed \\[3\\] | Reported\u00a0infringements rejected \\[4\\] | Percentage accepted |\n| 4,737 | 37,901 | 37,881 | 20  | 99.94% |  \n\\[1\\] Requests from copyright owners claiming infringement of protected works.  \n\\[2\\]\u00a0Requests often cite multiple infringements.  \n\\[3\\]\u00a0Infringements removed means action was taken.  \n\\[4\\] Reported infringements not removed.\n",
        "line_start": 119,
        "line_end": 203
    }
}