{
    "0": {
        "content": "Source document: ../data/platform-docs-versions/Facebook_Graph-API/Album Endpoint.md\nParagraph location: \n\tResource URL: https://developers.facebook.com/docs/graph-api/reference/album/\n\nContent: \n# Resource URL: https://developers.facebook.com/docs/graph-api/reference/album/\n",
        "line_start": 0,
        "line_end": 1
    },
    "1": {
        "content": "Source document: ../data/platform-docs-versions/Facebook_Graph-API/Album Endpoint.md\nParagraph location: \n\tAlbum\n\nContent: \n# Album  \nRepresents an [Album](https://www.facebook.com/help/www/490693151131920/).\n",
        "line_start": 1,
        "line_end": 3
    },
    "2": {
        "content": "Source document: ../data/platform-docs-versions/Facebook_Graph-API/Album Endpoint.md\nParagraph location: \n\tAlbum\n\tReading\n\nContent: \n## Reading  \nGet [Fields](#fields) and [Edges](#edges) on an Album.\n",
        "line_start": 5,
        "line_end": 7
    },
    "3": {
        "content": "Source document: ../data/platform-docs-versions/Facebook_Graph-API/Album Endpoint.md\nParagraph location: \n\tAlbum\n\tReading\n\tRequirements\n\nContent: \n### Requirements  \nRequirements depend on the type of node that the Album is on.  \n| Requirement | User nodes | Page nodes | Group nodes |\n| --- | --- | --- | --- |\n| [Access Tokens](https://developers.facebook.com/docs/facebook-login/access-tokens) | Any | Any | [User](https://developers.facebook.com/docs/facebook-login/access-tokens#usertokens) |\n| [Features](https://developers.facebook.com/docs/apps/review/feature) | None | To get public Page content of Pages you can not [perform a task](https://developers.facebook.com/docs/pages/overview#tasks) on, you will need [`Page Public Content Access`](https://developers.facebook.com/docs/apps/review/feature#reference-PAGES_ACCESS) | None |\n| [Permissions](https://developers.facebook.com/docs/apps/review/login-permissions) | [`user_photos`](https://developers.facebook.com/docs/apps/review/login-permissions#user-photos) | Unpublished Pages:<br><br>* You must be able to [perform the `CREATE` task](https://developers.facebook.com/docs/pages/overview#tasks) on the Page<br>    <br>* [`pages_read_engagement`](https://developers.facebook.com/docs/pages/overview#tasks)<br>    <br><br>Published Pages:<br><br>* [`pages_read_engagement`](https://developers.facebook.com/docs/pages/overview#tasks) | None |\n| [Group Roles](https://www.facebook.com/help/1686671141596230?helpref=about_content) | Not applicable | Not applicable | Admin |  \n### Requirements  \nRequirements depend on the type of node that the Album is on.  \n| Requirement | User nodes | Page nodes | Group nodes |\n| --- | --- | --- | --- |\n| [Access Tokens](https://developers.facebook.com/docs/facebook-login/access-tokens) | Any | Any | [User](https://developers.facebook.com/docs/facebook-login/access-tokens#usertokens) |\n| [Features](https://developers.facebook.com/docs/apps/review/feature) | None | To get public Page content of Pages you can not [perform a task](https://developers.facebook.com/docs/pages/overview#tasks) on, you will need [`Page Public Content Access`](https://developers.facebook.com/docs/apps/review/feature#reference-PAGES_ACCESS) | None |\n| [Permissions](https://developers.facebook.com/docs/apps/review/login-permissions) | [`user_photos`](https://developers.facebook.com/docs/apps/review/login-permissions#user-photos) | Unpublished Pages:<br><br>* You must be able to [perform the `CREATE` task](https://developers.facebook.com/docs/pages/overview#tasks) on the Page<br>    <br>* [`pages_read_engagement`](https://developers.facebook.com/docs/pages/overview#tasks)<br>    <br><br>Published Pages:<br><br>* [`pages_read_engagement`](https://developers.facebook.com/docs/pages/overview#tasks) | None |\n| [Group Roles](https://www.facebook.com/help/1686671141596230?helpref=about_content) | Not applicable | Not applicable | Admin |\n",
        "line_start": 9,
        "line_end": 25
    },
    "4": {
        "content": "Source document: ../data/platform-docs-versions/Facebook_Graph-API/Album Endpoint.md\nParagraph location: \n\tAlbum\n\tReading\n\tExample\n\nContent: \n### Example  \nHTTPPHP SDKJavaScript SDKAndroid SDKiOS SDK[Graph API Explorer](https://developers.facebook.com/tools/explorer/?method=GET&path=%7Balbum-id%7D&version=v19.0)  \nGET /v19.0/{album-id} HTTP/1.1\nHost: graph.facebook.com  \n/* PHP SDK v5.0.0 */\n/* make the API call */\ntry {\n// Returns a `Facebook\\FacebookResponse` object\n$response = $fb->get(\n'/{album-id}',\n'{access-token}'\n);\n} catch(Facebook\\Exceptions\\FacebookResponseException $e) {\necho 'Graph returned an error: ' . $e->getMessage();\nexit;\n} catch(Facebook\\Exceptions\\FacebookSDKException $e) {\necho 'Facebook SDK returned an error: ' . $e->getMessage();\nexit;\n}\n$graphNode = $response->getGraphNode();\n/* handle the result */  \n/* make the API call */\nFB.api(\n\"/{album-id}\",\nfunction (response) {\nif (response && !response.error) {\n/* handle the result */\n}\n}\n);  \n/* make the API call */\nnew GraphRequest(\nAccessToken.getCurrentAccessToken(),\n\"/{album-id}\",\nnull,\nHttpMethod.GET,\nnew GraphRequest.Callback() {\npublic void onCompleted(GraphResponse response) {\n/* handle the result */\n}\n}\n).executeAsync();  \n/* make the API call */\nFBSDKGraphRequest *request = [[FBSDKGraphRequest alloc]\ninitWithGraphPath:@\"/{album-id}\"\nparameters:params\nHTTPMethod:@\"GET\"];\n[request startWithCompletionHandler:^(FBSDKGraphRequestConnection *connection,\nid result,\nNSError *error) {\n// Handle the result\n}];  \nIf you want to learn how to use the Graph API, read our [Using Graph API guide](https://developers.facebook.com/docs/graph-api/using-graph-api/).\n",
        "line_start": 31,
        "line_end": 84
    },
    "5": {
        "content": "Source document: ../data/platform-docs-versions/Facebook_Graph-API/Album Endpoint.md\nParagraph location: \n\tAlbum\n\tReading\n\tParameters\n\nContent: \n### Parameters  \nThis endpoint doesn't have any parameters.\n",
        "line_start": 92,
        "line_end": 94
    },
    "6": {
        "content": "Source document: ../data/platform-docs-versions/Facebook_Graph-API/Album Endpoint.md\nParagraph location: \n\tAlbum\n\tReading\n\tFields\n\nContent: \n### Fields  \n| Field | Description |\n| --- | --- |\n| `id`<br><br>numeric string | The Album ID. |\n| `backdated_time`<br><br>datetime | A user-specified time for when this object was created |\n| `backdated_time_granularity`<br><br>enum | How accurate the backdated time is |\n| `can_upload`<br><br>bool | Whether the app user can upload photos to this Album |\n| `count`<br><br>unsigned int32 | The approximate number of [Photos](https://developers.facebook.com/docs/graph-api/reference/photo) and [Videos](https://developers.facebook.com/docs/graph-api/reference/video) in the Album. |\n| `cover_photo`[](#)<br><br>[Photo](https://developers.facebook.com/docs/graph-api/reference/photo/) | Album cover photo id |\n| `created_time`<br><br>datetime | The Album creation date and time.<br><br>[Default](https://developers.facebook.com/docs/graph-api/using-graph-api/#fields) |\n| `description`<br><br>string | The Album description. |\n| `event`[](#)<br><br>[Event](https://developers.facebook.com/docs/graph-api/reference/event/) | If this object has a place, the event associated with the place |\n| `from`<br><br>User\\|Page | The User who created the Album. |\n| `link`<br><br>token with structure: URL | A link to this Album on Facebook. |\n| `location`<br><br>string | The Album textual location. |\n| `name`<br><br>string | The Album title.<br><br>[Default](https://developers.facebook.com/docs/graph-api/using-graph-api/#fields) |\n| `place`<br><br>[Place](https://developers.facebook.com/docs/graph-api/reference/place/) | Place info |\n| `privacy`<br><br>string | The Album privacy settings. |\n| `type`<br><br>string | The Album type: album, app, cover, profile, mobile, normal, or wall |\n| `updated_time`<br><br>datetime | The date and time the Album was last updated. |\n",
        "line_start": 96,
        "line_end": 116
    },
    "7": {
        "content": "Source document: ../data/platform-docs-versions/Facebook_Graph-API/Album Endpoint.md\nParagraph location: \n\tAlbum\n\tReading\n\tEdges\n\nContent: \n### Edges  \n| Edge | Description |\n| --- | --- |\n| [`comments`](https://developers.facebook.com/docs/graph-api/reference/album/comments/) | Represents a collection of [Comments](https://developers.facebook.com/docs/graph-api/reference/comment) on the Album. |\n| [`likes`](https://developers.facebook.com/docs/graph-api/reference/album/likes/) | A collection of [Profiles](https://developers.facebook.com/docs/graph-api/reference/profile) who like the Album. |\n| [`photos`](https://developers.facebook.com/docs/graph-api/reference/album/photos/) | A collection of [Photos](https://developers.facebook.com/docs/graph-api/reference/photo) in the Album |\n| [`picture`](https://developers.facebook.com/docs/graph-api/reference/album/picture/) | A link to the Album cover photo. |\n",
        "line_start": 118,
        "line_end": 125
    },
    "8": {
        "content": "Source document: ../data/platform-docs-versions/Facebook_Graph-API/Album Endpoint.md\nParagraph location: \n\tAlbum\n\tReading\n\tError Codes\n\nContent: \n### Error Codes  \n| Error | Description |\n| --- | --- |\n| 200 | Permissions error |\n| 80001 | There have been too many calls to this Page account. Wait a bit and try again. For more info, please refer to https://developers.facebook.com/docs/graph-api/overview/rate-limiting. |\n| 100 | Invalid parameter |\n",
        "line_start": 127,
        "line_end": 133
    },
    "9": {
        "content": "Source document: ../data/platform-docs-versions/Facebook_Graph-API/Album Endpoint.md\nParagraph location: \n\tAlbum\n\tCreating\n\nContent: \n## Creating  \nYou can make a POST request to `albums` edge from the following paths:  \n* [`/{group_id}/albums`](https://developers.facebook.com/docs/graph-api/reference/group/albums/)  \nWhen posting to this edge, an\u00a0[Album](https://developers.facebook.com/docs/graph-api/reference/album/) will be created.\n",
        "line_start": 135,
        "line_end": 139
    },
    "10": {
        "content": "Source document: ../data/platform-docs-versions/Facebook_Graph-API/Album Endpoint.md\nParagraph location: \n\tAlbum\n\tCreating\n\tParameters\n\nContent: \n### Parameters  \n| Parameter | Description |\n| --- | --- |\n| `contributors`<br><br>list<int> | Contributors to turn this into a shared album |\n| `description`<br><br>UTF-8 string | Deprecated. Use the message param<br><br>DeprecatedSupports Emoji |\n| `is_default`<br><br>boolean | Default value: `false`<br><br>`true` indicates that the request will create the application specific album |\n| `location`<br><br>string | A text location of the Album for non-page locations |\n| `make_shared_album`<br><br>boolean | Default value: `false`<br><br>Ensures the created Album is a shared Album |\n| `message`<br><br>string | The Album's caption. This appears below the title of the album in the Album view |\n| `name`<br><br>UTF-8 string | The title of the Album<br><br>Supports Emoji |\n| `place`<br><br>place tag | The ID of a location page to tag the Album with |\n| `privacy`<br><br>Privacy Parameter | The privacy of the Album |\n| `tags`<br><br>list<int> | Deprecated<br><br>Deprecated |\n| `visible`<br><br>string | Deprecated. Use privacy<br><br>Deprecated |\n",
        "line_start": 92,
        "line_end": 106
    },
    "11": {
        "content": "Source document: ../data/platform-docs-versions/Facebook_Graph-API/Album Endpoint.md\nParagraph location: \n\tAlbum\n\tCreating\n\tReturn Type\n\nContent: \n### Return Type  \nThis endpoint supports [read-after-write](https://developers.facebook.com/docs/graph-api/advanced/#read-after-write) and will read the node represented by `id` in the return type.  \nStruct {  \n`id`: numeric string,  \n}\n",
        "line_start": 159,
        "line_end": 164
    },
    "12": {
        "content": "Source document: ../data/platform-docs-versions/Facebook_Graph-API/Album Endpoint.md\nParagraph location: \n\tAlbum\n\tCreating\n\tError Codes\n\nContent: \n### Error Codes  \n| Error | Description |\n| --- | --- |\n| 100 | Invalid parameter |\n| 368 | The action attempted has been deemed abusive or is otherwise disallowed |\n| 200 | Permissions error |\n| 190 | Invalid OAuth 2.0 Access Token |\n",
        "line_start": 127,
        "line_end": 134
    },
    "13": {
        "content": "Source document: ../data/platform-docs-versions/Facebook_Graph-API/Album Endpoint.md\nParagraph location: \n\tAlbum\n\tUpdating\n\nContent: \n## Updating  \nYou can't perform this operation on this endpoint.\n",
        "line_start": 178,
        "line_end": 180
    },
    "14": {
        "content": "Source document: ../data/platform-docs-versions/Facebook_Graph-API/Album Endpoint.md\nParagraph location: \n\tAlbum\n\tDeleting\n\nContent: \n## Deleting  \nYou can't perform this operation on this endpoint.  \n![](https://www.facebook.com/tr?id=675141479195042&ev=PageView&noscript=1)  \n![](https://www.facebook.com/tr?id=574561515946252&ev=PageView&noscript=1)  \n![](https://www.facebook.com/tr?id=1754628768090156&ev=PageView&noscript=1)\n",
        "line_start": 182,
        "line_end": 187
    },
    "15": {
        "content": "Source document: ../data/platform-docs-versions/Facebook_Graph-API/Album Endpoint.md\nParagraph location: \n\tResource URL: https://developers.facebook.com/docs/graph-api/reference/album/comments/\n\nContent: \n# Resource URL: https://developers.facebook.com/docs/graph-api/reference/album/comments/\n",
        "line_start": 192,
        "line_end": 193
    },
    "16": {
        "content": "Source document: ../data/platform-docs-versions/Facebook_Graph-API/Album Endpoint.md\nParagraph location: \n\tAlbum Comments\n\tReading\n\nContent: \n# Album Comments  \n## Reading  \nComments for this object\n",
        "line_start": 193,
        "line_end": 196
    },
    "17": {
        "content": "Source document: ../data/platform-docs-versions/Facebook_Graph-API/Album Endpoint.md\nParagraph location: \n\tAlbum Comments\n\tReading\n\tNew Page Experience\n\nContent: \n### New Page Experience  \nThis endpoint is supported for [New Page Experience](https://developers.facebook.com/docs/pages/new-pages-experience/).\n",
        "line_start": 199,
        "line_end": 201
    },
    "18": {
        "content": "Source document: ../data/platform-docs-versions/Facebook_Graph-API/Album Endpoint.md\nParagraph location: \n\tAlbum Comments\n\tReading\n\tExample\n\nContent: \n### Example  \nHTTPPHP SDKJavaScript SDKAndroid SDKiOS SDK[Graph API Explorer](https://developers.facebook.com/tools/explorer/?method=GET&path=%7Balbum-id%7D%2Fcomments&version=v19.0)  \nGET /v19.0/{album-id}/comments HTTP/1.1\nHost: graph.facebook.com  \n/* PHP SDK v5.0.0 */\n/* make the API call */\ntry {\n// Returns a `Facebook\\FacebookResponse` object\n$response = $fb->get(\n'/{album-id}/comments',\n'{access-token}'\n);\n} catch(Facebook\\Exceptions\\FacebookResponseException $e) {\necho 'Graph returned an error: ' . $e->getMessage();\nexit;\n} catch(Facebook\\Exceptions\\FacebookSDKException $e) {\necho 'Facebook SDK returned an error: ' . $e->getMessage();\nexit;\n}\n$graphNode = $response->getGraphNode();\n/* handle the result */  \n/* make the API call */\nFB.api(\n\"/{album-id}/comments\",\nfunction (response) {\nif (response && !response.error) {\n/* handle the result */\n}\n}\n);  \n/* make the API call */\nnew GraphRequest(\nAccessToken.getCurrentAccessToken(),\n\"/{album-id}/comments\",\nnull,\nHttpMethod.GET,\nnew GraphRequest.Callback() {\npublic void onCompleted(GraphResponse response) {\n/* handle the result */\n}\n}\n).executeAsync();  \n/* make the API call */\nFBSDKGraphRequest *request = [[FBSDKGraphRequest alloc]\ninitWithGraphPath:@\"/{album-id}/comments\"\nparameters:params\nHTTPMethod:@\"GET\"];\n[request startWithCompletionHandler:^(FBSDKGraphRequestConnection *connection,\nid result,\nNSError *error) {\n// Handle the result\n}];  \nIf you want to learn how to use the Graph API, read our [Using Graph API guide](https://developers.facebook.com/docs/graph-api/using-graph-api/).\n",
        "line_start": 31,
        "line_end": 84
    },
    "19": {
        "content": "Source document: ../data/platform-docs-versions/Facebook_Graph-API/Album Endpoint.md\nParagraph location: \n\tAlbum Comments\n\tReading\n\tParameters\n\nContent: \n### Parameters  \n| Parameter | Description |\n| --- | --- |\n| `filter`<br><br>enum{stream, toplevel} | Default value: `toplevel`<br><br>SELF\\_EXPLANATORY |\n| `live_filter`<br><br>enum{filter\\_low\\_quality, no\\_filter} | Default value: `filter_low_quality`<br><br>For comments on a Live streaming video, this determines whether low quality comments will be filtered out of the results (filtering is enabled by default). In all other circumstances this parameter is ignored. |\n| `order`<br><br>enum{chronological, reverse\\_chronological} | Preferred ordering of the comments. Accepts chronological (oldest first) and reverse chronological (newest first). If the comments can be ranked, then the order will always be ranked regardless of this modifier. The best practice for querying comments on a Live video is to continually poll for comments in the reversechronological ordering mode. |\n| `since`<br><br>datetime | Lower bound of the time range to consider |\n",
        "line_start": 92,
        "line_end": 99
    },
    "20": {
        "content": "Source document: ../data/platform-docs-versions/Facebook_Graph-API/Album Endpoint.md\nParagraph location: \n\tAlbum Comments\n\tReading\n\tFields\n\nContent: \n### Fields  \nReading from this edge will return a JSON formatted result:  \n{\n\"`data`\": \\[\\],\n\"`paging`\": {},\n\"`summary`\": {}\n}  \n#### `data`  \nA list of [Comment](https://developers.facebook.com/docs/graph-api/reference/comment/) nodes.  \n#### `paging`  \nFor more details about pagination, see the [Graph API guide](https://developers.facebook.com/docs/graph-api/using-graph-api/#paging).  \n#### `summary`  \nAggregated information about the edge, such as counts. Specify the fields to fetch in the summary param (like `summary=order`).  \n| Field | Description |\n| --- | --- |\n| `order`<br><br>enum | Order of returned comments |\n| `total_count`<br><br>unsigned int32 | Total number of people who commented |\n| `can_comment`<br><br>bool | Can the viewer comment |\n",
        "line_start": 96,
        "line_end": 114
    },
    "21": {
        "content": "Source document: ../data/platform-docs-versions/Facebook_Graph-API/Album Endpoint.md\nParagraph location: \n\tAlbum Comments\n\tReading\n\tError Codes\n\nContent: \n### Error Codes  \n| Error | Description |\n| --- | --- |\n| 80001 | There have been too many calls to this Page account. Wait a bit and try again. For more info, please refer to https://developers.facebook.com/docs/graph-api/overview/rate-limiting. |\n| 100 | Invalid parameter |\n| 200 | Permissions error |\n",
        "line_start": 127,
        "line_end": 133
    },
    "22": {
        "content": "Source document: ../data/platform-docs-versions/Facebook_Graph-API/Album Endpoint.md\nParagraph location: \n\tAlbum Comments\n\tCreating\n\nContent: \n## Creating  \nYou can't perform this operation on this endpoint.\n",
        "line_start": 135,
        "line_end": 137
    },
    "23": {
        "content": "Source document: ../data/platform-docs-versions/Facebook_Graph-API/Album Endpoint.md\nParagraph location: \n\tAlbum Comments\n\tUpdating\n\nContent: \n## Updating  \nYou can't perform this operation on this endpoint.\n",
        "line_start": 178,
        "line_end": 180
    },
    "24": {
        "content": "Source document: ../data/platform-docs-versions/Facebook_Graph-API/Album Endpoint.md\nParagraph location: \n\tAlbum Comments\n\tDeleting\n\nContent: \n## Deleting  \nYou can't perform this operation on this endpoint.  \n![](https://www.facebook.com/tr?id=675141479195042&ev=PageView&noscript=1)  \n![](https://www.facebook.com/tr?id=574561515946252&ev=PageView&noscript=1)  \n![](https://www.facebook.com/tr?id=1754628768090156&ev=PageView&noscript=1)\n",
        "line_start": 182,
        "line_end": 187
    },
    "25": {
        "content": "Source document: ../data/platform-docs-versions/Facebook_Graph-API/Album Endpoint.md\nParagraph location: \n\tResource URL: https://developers.facebook.com/docs/graph-api/reference/album/likes/\n\nContent: \n# Resource URL: https://developers.facebook.com/docs/graph-api/reference/album/likes/\n",
        "line_start": 327,
        "line_end": 328
    },
    "26": {
        "content": "Source document: ../data/platform-docs-versions/Facebook_Graph-API/Album Endpoint.md\nParagraph location: \n\tAlbum Likes\n\tReading\n\tNew Page Experience\n\nContent: \n### New Page Experience  \nThis endpoint is supported for [New Page Experience](https://developers.facebook.com/docs/pages/new-pages-experience/).\n",
        "line_start": 199,
        "line_end": 201
    },
    "27": {
        "content": "Source document: ../data/platform-docs-versions/Facebook_Graph-API/Album Endpoint.md\nParagraph location: \n\tAlbum Likes\n\tReading\n\tExample\n\nContent: \n### Example  \nHTTPPHP SDKJavaScript SDKAndroid SDKiOS SDK[Graph API Explorer](https://developers.facebook.com/tools/explorer/?method=GET&path=%7Balbum-id%7D%2Flikes&version=v19.0)  \nGET /v19.0/{album-id}/likes HTTP/1.1\nHost: graph.facebook.com  \n/* PHP SDK v5.0.0 */\n/* make the API call */\ntry {\n// Returns a `Facebook\\FacebookResponse` object\n$response = $fb->get(\n'/{album-id}/likes',\n'{access-token}'\n);\n} catch(Facebook\\Exceptions\\FacebookResponseException $e) {\necho 'Graph returned an error: ' . $e->getMessage();\nexit;\n} catch(Facebook\\Exceptions\\FacebookSDKException $e) {\necho 'Facebook SDK returned an error: ' . $e->getMessage();\nexit;\n}\n$graphNode = $response->getGraphNode();\n/* handle the result */  \n/* make the API call */\nFB.api(\n\"/{album-id}/likes\",\nfunction (response) {\nif (response && !response.error) {\n/* handle the result */\n}\n}\n);  \n/* make the API call */\nnew GraphRequest(\nAccessToken.getCurrentAccessToken(),\n\"/{album-id}/likes\",\nnull,\nHttpMethod.GET,\nnew GraphRequest.Callback() {\npublic void onCompleted(GraphResponse response) {\n/* handle the result */\n}\n}\n).executeAsync();  \n/* make the API call */\nFBSDKGraphRequest *request = [[FBSDKGraphRequest alloc]\ninitWithGraphPath:@\"/{album-id}/likes\"\nparameters:params\nHTTPMethod:@\"GET\"];\n[request startWithCompletionHandler:^(FBSDKGraphRequestConnection *connection,\nid result,\nNSError *error) {\n// Handle the result\n}];  \nIf you want to learn how to use the Graph API, read our [Using Graph API guide](https://developers.facebook.com/docs/graph-api/using-graph-api/).\n",
        "line_start": 31,
        "line_end": 84
    },
    "28": {
        "content": "Source document: ../data/platform-docs-versions/Facebook_Graph-API/Album Endpoint.md\nParagraph location: \n\tAlbum Likes\n\tReading\n\tParameters\n\nContent: \n### Parameters  \nThis endpoint doesn't have any parameters.\n",
        "line_start": 92,
        "line_end": 94
    },
    "29": {
        "content": "Source document: ../data/platform-docs-versions/Facebook_Graph-API/Album Endpoint.md\nParagraph location: \n\tAlbum Likes\n\tReading\n\tFields\n\nContent: \n### Fields  \nReading from this edge will return a JSON formatted result:  \n{\n\"`data`\": \\[\\],\n\"`paging`\": {},\n\"`summary`\": {}\n}  \n#### `data`  \nA list of [Profile](https://developers.facebook.com/docs/graph-api/reference/profile/) nodes.  \n#### `paging`  \nFor more details about pagination, see the [Graph API guide](https://developers.facebook.com/docs/graph-api/using-graph-api/#paging).  \n#### `summary`  \nAggregated information about the edge, such as counts. Specify the fields to fetch in the summary param (like `summary=total_count`).  \n| Field | Description |\n| --- | --- |\n| `total_count`<br><br>unsigned int32 | Total number of likes |\n| `can_like`<br><br>bool | Can the viewer like |\n| `has_liked`<br><br>bool | Has the viewer liked |\n",
        "line_start": 96,
        "line_end": 114
    },
    "30": {
        "content": "Source document: ../data/platform-docs-versions/Facebook_Graph-API/Album Endpoint.md\nParagraph location: \n\tAlbum Likes\n\tReading\n\tError Codes\n\nContent: \n### Error Codes  \n| Error | Description |\n| --- | --- |\n| 200 | Permissions error |\n| 190 | Invalid OAuth 2.0 Access Token |\n| 100 | Invalid parameter |\n",
        "line_start": 127,
        "line_end": 133
    },
    "31": {
        "content": "Source document: ../data/platform-docs-versions/Facebook_Graph-API/Album Endpoint.md\nParagraph location: \n\tAlbum Likes\n\tCreating\n\nContent: \n## Creating  \nYou can't perform this operation on this endpoint.\n",
        "line_start": 135,
        "line_end": 137
    },
    "32": {
        "content": "Source document: ../data/platform-docs-versions/Facebook_Graph-API/Album Endpoint.md\nParagraph location: \n\tAlbum Likes\n\tUpdating\n\nContent: \n## Updating  \nYou can't perform this operation on this endpoint.\n",
        "line_start": 178,
        "line_end": 180
    },
    "33": {
        "content": "Source document: ../data/platform-docs-versions/Facebook_Graph-API/Album Endpoint.md\nParagraph location: \n\tAlbum Likes\n\tDeleting\n\nContent: \n## Deleting  \nYou can't perform this operation on this endpoint.  \n![](https://www.facebook.com/tr?id=675141479195042&ev=PageView&noscript=1)  \n![](https://www.facebook.com/tr?id=574561515946252&ev=PageView&noscript=1)  \n![](https://www.facebook.com/tr?id=1754628768090156&ev=PageView&noscript=1)\n",
        "line_start": 182,
        "line_end": 187
    },
    "34": {
        "content": "Source document: ../data/platform-docs-versions/Facebook_Graph-API/Album Endpoint.md\nParagraph location: \n\tResource URL: https://developers.facebook.com/docs/graph-api/reference/album/photos/\n\nContent: \n# Resource URL: https://developers.facebook.com/docs/graph-api/reference/album/photos/\n",
        "line_start": 457,
        "line_end": 458
    },
    "35": {
        "content": "Source document: ../data/platform-docs-versions/Facebook_Graph-API/Album Endpoint.md\nParagraph location: \n\tAlbum Photos\n\nContent: \n# Album Photos  \nRepresents a collection [Photos](https://developers.facebook.com/docs/graph-api/reference/photo) and [Videos](https://developers.facebook.com/docs/graph-api/reference/video) on an [Album](https://developers.facebook.com/docs/graph-api/reference/album).\n",
        "line_start": 458,
        "line_end": 460
    },
    "36": {
        "content": "Source document: ../data/platform-docs-versions/Facebook_Graph-API/Album Endpoint.md\nParagraph location: \n\tAlbum Photos\n\tReading\n\nContent: \n## Reading  \nGet a list of [Photos](https://developers.facebook.com/docs/graph-api/reference/photo) on an [Album](https://developers.facebook.com/docs/graph-api/reference/album).\n",
        "line_start": 5,
        "line_end": 7
    },
    "37": {
        "content": "Source document: ../data/platform-docs-versions/Facebook_Graph-API/Album Endpoint.md\nParagraph location: \n\tAlbum Photos\n\tReading\n\tNew Page Experience\n\nContent: \n### New Page Experience  \nThis endpoint is supported for [New Page Experience](https://developers.facebook.com/docs/pages/new-pages-experience/).\n",
        "line_start": 199,
        "line_end": 201
    },
    "38": {
        "content": "Source document: ../data/platform-docs-versions/Facebook_Graph-API/Album Endpoint.md\nParagraph location: \n\tAlbum Photos\n\tReading\n\tExample\n\nContent: \n### Example  \nHTTPPHP SDKJavaScript SDKAndroid SDKiOS SDK[Graph API Explorer](https://developers.facebook.com/tools/explorer/?method=GET&path=%7Balbum-id%7D%2Fphotos&version=v19.0)  \nGET /v19.0/{album-id}/photos HTTP/1.1\nHost: graph.facebook.com  \n/* PHP SDK v5.0.0 */\n/* make the API call */\ntry {\n// Returns a `Facebook\\FacebookResponse` object\n$response = $fb->get(\n'/{album-id}/photos',\n'{access-token}'\n);\n} catch(Facebook\\Exceptions\\FacebookResponseException $e) {\necho 'Graph returned an error: ' . $e->getMessage();\nexit;\n} catch(Facebook\\Exceptions\\FacebookSDKException $e) {\necho 'Facebook SDK returned an error: ' . $e->getMessage();\nexit;\n}\n$graphNode = $response->getGraphNode();\n/* handle the result */  \n/* make the API call */\nFB.api(\n\"/{album-id}/photos\",\nfunction (response) {\nif (response && !response.error) {\n/* handle the result */\n}\n}\n);  \n/* make the API call */\nnew GraphRequest(\nAccessToken.getCurrentAccessToken(),\n\"/{album-id}/photos\",\nnull,\nHttpMethod.GET,\nnew GraphRequest.Callback() {\npublic void onCompleted(GraphResponse response) {\n/* handle the result */\n}\n}\n).executeAsync();  \n/* make the API call */\nFBSDKGraphRequest *request = [[FBSDKGraphRequest alloc]\ninitWithGraphPath:@\"/{album-id}/photos\"\nparameters:params\nHTTPMethod:@\"GET\"];\n[request startWithCompletionHandler:^(FBSDKGraphRequestConnection *connection,\nid result,\nNSError *error) {\n// Handle the result\n}];  \nIf you want to learn how to use the Graph API, read our [Using Graph API guide](https://developers.facebook.com/docs/graph-api/using-graph-api/).\n",
        "line_start": 31,
        "line_end": 84
    },
    "39": {
        "content": "Source document: ../data/platform-docs-versions/Facebook_Graph-API/Album Endpoint.md\nParagraph location: \n\tAlbum Photos\n\tReading\n\tParameters\n\nContent: \n### Parameters  \nThis endpoint doesn't have any parameters.\n",
        "line_start": 92,
        "line_end": 94
    },
    "40": {
        "content": "Source document: ../data/platform-docs-versions/Facebook_Graph-API/Album Endpoint.md\nParagraph location: \n\tAlbum Photos\n\tReading\n\tFields\n\nContent: \n### Fields  \nReading from this edge will return a JSON formatted result:  \n{\n\"`data`\": \\[\\],\n\"`paging`\": {}\n}  \n#### `data`  \nA list of [Photo](https://developers.facebook.com/docs/graph-api/reference/photo/) nodes.  \n#### `paging`  \nFor more details about pagination, see the [Graph API guide](https://developers.facebook.com/docs/graph-api/using-graph-api/#paging).\n",
        "line_start": 96,
        "line_end": 106
    },
    "41": {
        "content": "Source document: ../data/platform-docs-versions/Facebook_Graph-API/Album Endpoint.md\nParagraph location: \n\tAlbum Photos\n\tReading\n\tError Codes\n\nContent: \n### Error Codes  \n| Error | Description |\n| --- | --- |\n| 200 | Permissions error |\n| 80001 | There have been too many calls to this Page account. Wait a bit and try again. For more info, please refer to https://developers.facebook.com/docs/graph-api/overview/rate-limiting. |\n| 100 | Invalid parameter |\n| 190 | Invalid OAuth 2.0 Access Token |\n",
        "line_start": 127,
        "line_end": 134
    },
    "42": {
        "content": "Source document: ../data/platform-docs-versions/Facebook_Graph-API/Album Endpoint.md\nParagraph location: \n\tAlbum Photos\n\tCreating\n\nContent: \n## Creating  \nAnimated photos are not supported, and a photo must be less than 10MB in size.  \nYou can make a POST request to `photos` edge from the following paths:  \n* [`/{album_id}/photos`](https://developers.facebook.com/docs/graph-api/reference/album/photos/)  \nWhen posting to this edge, a\u00a0[Photo](https://developers.facebook.com/docs/graph-api/reference/photo/) will be created.\n",
        "line_start": 135,
        "line_end": 140
    },
    "43": {
        "content": "Source document: ../data/platform-docs-versions/Facebook_Graph-API/Album Endpoint.md\nParagraph location: \n\tAlbum Photos\n\tCreating\n\tParameters\n\nContent: \n### Parameters  \n| Parameter | Description |\n| --- | --- |\n| `aid`<br><br>string | Legacy album ID. Deprecated<br><br>Deprecated |\n| `allow_spherical_photo`<br><br>boolean | Default value: `false`<br><br>Indicates that we should allow this photo to be treated as a spherical photo. This will not change the behavior unless the server is able to interpret the photo as spherical, such as via Photosphere XMP metadata. Regular non-spherical photos will still be treated as regular photos even if this parameter is true. |\n| `alt_text_custom`<br><br>string | Accessible alternative description for an image |\n| `android_key_hash`<br><br>string | Android key hash |\n| `application_id`<br><br>non-empty string | iTunes App ID. This is used by the native Share dialog that's part of iOS |\n| `attempt`<br><br>int64 | Default value: `0`<br><br>Number of attempts that have been made to upload this photo |\n| `audience_exp`<br><br>boolean | Default value: `false`<br><br>Audience exp |\n| `backdated_time`<br><br>datetime | A user-specified creation time for this photo |\n| `backdated_time_granularity`<br><br>enum{year, month, day, hour, min, none} | Default value: `none`<br><br>Use only the part of the `backdated_time` parameter to the specified granularity |\n| `caption`<br><br>UTF-8 string | The description of the photo<br><br>Supports Emoji |\n| `composer_session_id`<br><br>string | Composer session ID |\n| `direct_share_status`<br><br>int64 | The status to allow sponsor directly boost the post. |\n| `feed_targeting`<br><br>feed target | Object that controls [News Feed targeting](https://www.facebook.com/help/352402648173466) for this post. Anyone in these groups will be more likely to see this post. People not in these groups will be less likely to see this post, but may still see it anyway. Any of the targeting fields shown here can be used, but none are required. `feed_targeting` applies to Pages only. |\n| `geo_locations`<br><br>Object |     |\n| `countries`<br><br>list<string> |     |\n| `regions`<br><br>list<Object> |     |\n| `key`<br><br>int64 |     |\n| `cities`<br><br>list<Object> |     |\n| `key`<br><br>int64 |     |\n| `zips`<br><br>list<Object> |     |\n| `key`<br><br>string |     |\n| `locales`<br><br>list<string> | Values for targeted locales. Use `type` of `adlocale` to [find Targeting Options](https://developers.facebook.com/docs/marketing-api/targeting-search) and use the returned key to specify. |\n| `age_min`<br><br>int64 | Must be `13` or higher. Default is 0. |\n| `age_max`<br><br>int64 | Maximum age. |\n| `genders`<br><br>list<int64> | Target specific genders. `1` targets all male viewers and `2` females. Default is to target both. |\n| `college_years`<br><br>list<int64> | Array of integers. Represent graduation years from college. |\n| `education_statuses`<br><br>list<int64> | Array of integers which represent current educational status. Use `1` for high school, `2` for undergraduate, and `3` for alum (or localized equivalents). |\n| `interested_in`<br><br>list<int64> | Deprecated. Please see the [Graph API Changelog](https://developers.facebook.com/docs/graph-api/changelog/breaking-changes#2-7-2018) for more information.<br><br>Deprecated |\n| `relationship_statuses`<br><br>list<int64> | Array of integers for targeting based on relationship status. Use `1` for single, `2` for 'in a relationship', `3` for married, and `4` for engaged. Default is all types. |\n| `interests`<br><br>list<int64> | One or more IDs of pages to target fans of pages.Use `type` of `page` to get possible IDs as [find Targeting Options](https://developers.facebook.com/docs/marketing-api/targeting-search) and use the returned id to specify. |\n| `filter_type`<br><br>int64 | Default value: `-1`<br><br>Unused? |\n| `full_res_is_coming_later`<br><br>boolean | Default value: `false`<br><br>Full res is coming later |\n| `initial_view_heading_override_degrees`<br><br>int64 | Manually specify the initial view heading in degrees from 0 to 360. This overrides any value present in the photo embedded metadata or provided in the spherical\\_metadata parameter |\n| `initial_view_pitch_override_degrees`<br><br>int64 | Manually specify the initial view pitch in degrees from -90 to 90. This overrides any value present in the photo embedded metadata or provided in the spherical\\_metadata parameter |\n| `initial_view_vertical_fov_override_degrees`<br><br>int64 | Manually specify the initial view vertical FOV in degrees from 60 to 120. This overrides any value present in the photo embedded metadata or provided in the spherical\\_metadata parameter |\n| `ios_bundle_id`<br><br>string | iOS Bundle ID |\n| `is_explicit_location`<br><br>boolean | Is this an explicit location? |\n| `is_explicit_place`<br><br>boolean | If set to `true`, the tag is a place, not a person |\n| `manual_privacy`<br><br>boolean | Default value: `false`<br><br>Manual privacy |\n| `message`<br><br>UTF-8 string | Deprecated. Please use the caption param instead.<br><br>DeprecatedSupports Emoji |\n| `name`<br><br>UTF-8 string | Deprecated. Please use the caption param instead.<br><br>DeprecatedSupports Emoji |\n| `no_story`<br><br>boolean | If set to `true`, this will suppress the News Feed story that is automatically generated on a profile when people upload a photo using your app. Useful for adding old photos where you may not want to generate a story |\n| `offline_id`<br><br>int64 | Default value: `0`<br><br>Offline ID |\n| `og_action_type_id`<br><br>numeric string or integer | The Open Graph action type |\n| `og_icon_id`<br><br>numeric string or integer | The Open Graph icon |\n| `og_object_id`<br><br>OG object ID or URL string | The Open Graph object ID |\n| `og_phrase`<br><br>string | The Open Graph phrase |\n| `og_set_profile_badge`<br><br>boolean | Default value: `false`<br><br>Flag to set if the post should create a profile badge |\n| `og_suggestion_mechanism`<br><br>string | The Open Graph suggestion |\n| `place`<br><br>place tag | Page ID of a place associated with the photo |\n| `privacy`<br><br>Privacy Parameter | Determines the privacy settings of the photo. If not supplied, this defaults to the privacy level granted to the app in the Login dialog. This field cannot be used to set a more open privacy setting than the one granted |\n| `profile_id`<br><br>int | Deprecated. Use `target_id` instead<br><br>Deprecated |\n| `proxied_app_id`<br><br>numeric string or integer | Proxied app ID |\n| `published`<br><br>boolean | Default value: `true`<br><br>Set to `false` if you don't want the photo to be published immediately |\n| `qn`<br><br>string | Photos waterfall ID |\n| `scheduled_publish_time`<br><br>int64 | Time at which an unpublished post should be published (Unix ISO-8601 format). Applies to Pages only |\n| `spherical_metadata`<br><br>JSON object | A set of params describing an uploaded spherical photo. This field is not required; if it is not present we will try to generate spherical metadata from the metadata embedded in the image. If it is present, it takes precedence over any embedded metadata. Please click to the left to expand this list and see more information on each parameter. See also the Google Photo Sphere spec for more info on the meaning of the params: https://developers.google.com/streetview/spherical-metadata |\n| `ProjectionType`<br><br>string | Accepted values include equirectangular (full spherical photo), cylindrical (panorama), and cubestrip (also known as cubemap, e.g. for synthetic or rendered content; stacked vertically with 6 faces).<br><br>Required |\n| `CroppedAreaImageWidthPixels`<br><br>int64 | \\--- In equirectangular projection: As described in Google Photo Sphere XMP Metadata spec.<br><br>\\--- In cylindrical projection: Very similar to equirectangular. This value should be equal to the actual width of the image, and together with FullPanoWidthPixels, it describes the horizontal FOV of content of the image: HorizontalFOV = 360 \\* CroppedAreaImageWidthPixels / FullPanoWidthPixels.<br><br>\\--- In cubestrip projection: This has no relationship to the pixel dimensions of the image. It is simply a representation of the horizontal FOV of the content of the image. HorizontalFOV = CroppedAreaImageWidthPixels / PixelsPerDegree, where PixelsPerDegree is defined by FullPanoWidthPixels.<br><br>Required |\n| `CroppedAreaImageHeightPixels`<br><br>int64 | \\--- In equirectangular projection: As described in Google Photo Sphere XMP Metadata spec.<br><br>\\--- In cylindrical projection: This value will NOT be equal to the actual height of the image. Instead, together with FullPanoHeightPixels, it describes the vertical FOV of the image: VerticalFOV = 180 \\* CroppedAreaImageHeightPixels / FullPanoHeightPixels. In other words, this value is equal to the CroppedAreaImageHeightPixels value that this image would have, if it were projected into equirectangular format while maintaining the same FullPanoWidthPixels.<br><br>\\--- In cubestrip projection: This has no relationship to the pixel dimensions of the image. It is simply a representation of the vertical FOV of the content of the image. VerticalFOV = CroppedAreaImageHeightPixels / PixelsPerDegree, where PixelsPerDegree is defined by FullPanoWidthPixels.<br><br>Required |\n| `FullPanoWidthPixels`<br><br>int64 | \\--- In equirectangular projection: As described in Google Photo Sphere XMP Metadata spec.<br><br>\\--- In cylindrical projection: Very similar to equirectangular. This value defines a ratio of horizontal pixels to degrees in the space of the image, and in general the pixel to degree ratio in the scope of the metadata object. Concretely, PixelsPerDegree = FullPanoWidthPixels / 360. This is also equivalent to the circumference of the cylinder used to model this projection.<br><br>\\--- In cubestrip projection: This value has no relationship to the pixel dimensions of the image. It only defines the pixel to degree ratio in the scope of the metadata object. It represents the number of pixels in 360 degrees, so pixels per degree is then given by: PixelsPerDegree = FullPanoWidthPixels / 360. As an example, if FullPanoWidthPixels were chosen to be 3600, we would have PixelsPerDegree = 3600 / 360 = 10. An image with a vertical field of view of 65 degrees would then have a CroppedAreaImageHeightPixels value of 65 \\* 10 = 650.<br><br>Required |\n| `FullPanoHeightPixels`<br><br>int64 | \\--- In equirectangular projection: As described in Google Photo Sphere XMP Metadata spec.<br><br>\\--- In cylindrical projection: This value is equal to the FullPanoHeightPixels value that this image would have, if it were projected into equirectangular format while maintaining the same FullPanoWidthPixels. It is always equal to FullPanoWidthPixels / 2.<br><br>\\--- In cubestrip projection: This value has no relationship to the pixel dimensions of the image. It is a second, redundant representation of PixelsPerDegree. FullPanoHeightPixels = 180 \\* PixelsPerDegree. It must be consistent with FullPanoWidthPixels: FullPanoHeightPixels = FullPanoWidthPixels / 2.<br><br>Required |\n| `CroppedAreaLeftPixels`<br><br>int64 | Default value: `0`<br><br>\\--- In equirectangular projection: As described in Google Photo Sphere XMP Metadata spec.<br><br>\\--- In cylindrical projection: This value is equal to the CroppedAreaLeftPixels value that this image would have, if it were projected into equirectangular format while maintaining the same FullPanoWidthPixels. It is just a representation of the same angular offset that it represents in equirectangular projection in the Google Photo Sphere spec. Concretely, AngularOffsetFromLeftDegrees = CroppedAreaLeftPixels / PixelsPerDegree, where PixelsPerDegree is defined by FullPanoWidthPixels.<br><br>\\--- In cubestrip projection: This value has no relationship to the pixel dimensions of the image. It is just a representation of the same angular offset that it represents in equirectangular projection in the Google Photo Sphere spec. AngularOffsetFromLeftDegrees = CroppedAreaLeftPixels / PixelsPerDegree, where PixelsPerDegree is defined by FullPanoWidthPixels. |\n| `CroppedAreaTopPixels`<br><br>int64 | Default value: `0`<br><br>\\--- In equirectangular projection: As described in Google Photo Sphere XMP Metadata spec.<br><br>\\--- In cylindrical projection: This value is equal to the CroppedAreaTopPixels value that this image would have, if it were projected into equirectangular format while maintaining the same FullPanoWidthPixels. It is just a representation of the same angular offset that it represents in equirectangular projection in the Google Photo Sphere spec. Concretely, AngularOffsetFromTopDegrees = CroppedAreaTopPixels / PixelsPerDegree, where PixelsPerDegree is defined by FullPanoWidthPixels.<br><br>\\--- In cubestrip projection: This value has no relationship to the pixel dimensions of the image. It is just a representation of the same angular offset that it represents in equirectangular projection in the Google Photo Sphere spec. AngularOffsetFromTopDegrees = CroppedAreaTopPixels / PixelsPerDegree, where PixelsPerDegree is defined by FullPanoWidthPixels. |\n| `PoseHeadingDegrees`<br><br>float |     |\n| `PosePitchDegrees`<br><br>float |     |\n| `PoseRollDegrees`<br><br>float |     |\n| `InitialViewHeadingDegrees`<br><br>float |     |\n| `InitialViewPitchDegrees`<br><br>float |     |\n| `InitialViewRollDegrees`<br><br>float | This is not currently supported |\n| `InitialViewVerticalFOVDegrees`<br><br>float | This is deprecated. Please use InitialVerticalFOVDegrees. |\n| `InitialVerticalFOVDegrees`<br><br>float | You can set the intial vertical FOV of the image. You can set either this field or InitialHorizontalFOVDegrees. |\n| `InitialHorizontalFOVDegrees`<br><br>float | You can set the intial horizontal FOV of the image. You can set either this field or InitialVerticalFOVDegrees. |\n| `PreProcessCropLeftPixels`<br><br>int64 |     |\n| `PreProcessCropRightPixels`<br><br>int64 |     |\n| `sponsor_id`<br><br>numeric string or integer | Facebook Page id that is tagged as sponsor in the photo post |\n| `sponsor_relationship`<br><br>int64 | Sponsor Relationship, such as Presented By or Paid PartnershipWith |\n| `tags`<br><br>list<Object> | Tags on this photo |\n| `x`<br><br>float | The x-axis offset for the tag |\n| `y`<br><br>float | The y-axis offset for the tag |\n| `tag_uid`<br><br>int | The user\\_id of the tagged person |\n| `tag_text`<br><br>string | Text associated with the tag |\n| `target_id`<br><br>int | Don't use this. Specifying a `target_id` allows you to post the photo to an object that's not the user in the access token. It only works when posting directly to the `/photos` endpoint. Instead of using this parameter you should be using the edge on an object directly, like `/page/photos`. |\n| `targeting`<br><br>target | Allows you to target posts to specific audiences. Applies to Pages only |\n| `geo_locations`<br><br>Object |     |\n| `countries`<br><br>list<string> |     |\n| `regions`<br><br>list<Object> |     |\n| `key`<br><br>int64 |     |\n| `cities`<br><br>list<Object> |     |\n| `key`<br><br>int64 |     |\n| `zips`<br><br>list<Object> |     |\n| `key`<br><br>string |     |\n| `locales`<br><br>list<string> |     |\n| `excluded_countries`[](#)<br><br>list<string> |     |\n| `excluded_regions`[](#)<br><br>list<int64> |     |\n| `excluded_cities`[](#)<br><br>list<int64> |     |\n| `excluded_zipcodes`[](#)<br><br>list<string> |     |\n| `timezones`[](#)<br><br>list<int64> |     |\n| `age_min`<br><br>enum {13, 15, 18, 21, 25} |     |\n| `time_since_original_post`<br><br>int64 | Same as `backdated_time` but with a time delta instead of absolute time |\n| `uid`<br><br>int | Deprecated |\n| `unpublished_content_type`<br><br>enum {SCHEDULED, SCHEDULED\\_RECURRING, DRAFT, ADS\\_POST, INLINE\\_CREATED, PUBLISHED, REVIEWABLE\\_BRANDED\\_CONTENT} | Content type of the unpublished content type |\n| `url`<br><br>string | The URL of a photo that is already uploaded to the Internet. You must specify this or a file attachment |\n| `user_selected_tags`<br><br>boolean | Default value: `false`<br><br>User selected tags |\n| `vault_image_id`<br><br>numeric string or integer | A vault image ID to use for a photo. You can use only one of `url`, a file attachment, `vault_image_id`, or `sync_object_uuid` |\n",
        "line_start": 92,
        "line_end": 200
    },
    "44": {
        "content": "Source document: ../data/platform-docs-versions/Facebook_Graph-API/Album Endpoint.md\nParagraph location: \n\tAlbum Photos\n\tCreating\n\tReturn Type\n\nContent: \n### Return Type  \nThis endpoint supports [read-after-write](https://developers.facebook.com/docs/graph-api/advanced/#read-after-write) and will read the node represented by `id` in the return type.  \nStruct {  \n`id`: numeric string,  \n`post_id`: token with structure: Post ID,  \n}\n",
        "line_start": 159,
        "line_end": 165
    },
    "45": {
        "content": "Source document: ../data/platform-docs-versions/Facebook_Graph-API/Album Endpoint.md\nParagraph location: \n\tAlbum Photos\n\tCreating\n\tError Codes\n\nContent: \n### Error Codes  \n| Error | Description |\n| --- | --- |\n| 200 | Permissions error |\n| 321 | Album is full |\n| 100 | Invalid parameter |\n| 220 | Album or albums not visible |\n| 368 | The action attempted has been deemed abusive or is otherwise disallowed |\n| 120 | Invalid album id |\n",
        "line_start": 127,
        "line_end": 136
    },
    "46": {
        "content": "Source document: ../data/platform-docs-versions/Facebook_Graph-API/Album Endpoint.md\nParagraph location: \n\tAlbum Photos\n\tUpdating\n\nContent: \n## Updating  \nYou can't perform this operation on this endpoint.\n",
        "line_start": 178,
        "line_end": 180
    },
    "47": {
        "content": "Source document: ../data/platform-docs-versions/Facebook_Graph-API/Album Endpoint.md\nParagraph location: \n\tAlbum Photos\n\tDeleting\n\nContent: \n## Deleting  \nYou can't perform this operation on this endpoint.  \n![](https://www.facebook.com/tr?id=675141479195042&ev=PageView&noscript=1)  \n![](https://www.facebook.com/tr?id=574561515946252&ev=PageView&noscript=1)  \n![](https://www.facebook.com/tr?id=1754628768090156&ev=PageView&noscript=1)\n",
        "line_start": 182,
        "line_end": 187
    },
    "48": {
        "content": "Source document: ../data/platform-docs-versions/Facebook_Graph-API/Album Endpoint.md\nParagraph location: \n\tResource URL: https://developers.facebook.com/docs/graph-api/reference/album/picture/\n\nContent: \n# Resource URL: https://developers.facebook.com/docs/graph-api/reference/album/picture/\n",
        "line_start": 718,
        "line_end": 719
    },
    "49": {
        "content": "Source document: ../data/platform-docs-versions/Facebook_Graph-API/Album Endpoint.md\nParagraph location: \n\tAlbum Picture\n\tReading\n\tExample\n\nContent: \n# Album Picture  \n## Reading  \n### Example  \nHTTPPHP SDKJavaScript SDKAndroid SDKiOS SDK[Graph API Explorer](https://developers.facebook.com/tools/explorer/?method=GET&path=%7Balbum-id%7D%2Fpicture&version=v19.0)  \nGET /v19.0/{album-id}/picture HTTP/1.1\nHost: graph.facebook.com  \n/* PHP SDK v5.0.0 */\n/* make the API call */\ntry {\n// Returns a `Facebook\\FacebookResponse` object\n$response = $fb->get(\n'/{album-id}/picture',\n'{access-token}'\n);\n} catch(Facebook\\Exceptions\\FacebookResponseException $e) {\necho 'Graph returned an error: ' . $e->getMessage();\nexit;\n} catch(Facebook\\Exceptions\\FacebookSDKException $e) {\necho 'Facebook SDK returned an error: ' . $e->getMessage();\nexit;\n}\n$graphNode = $response->getGraphNode();\n/* handle the result */  \n/* make the API call */\nFB.api(\n\"/{album-id}/picture\",\nfunction (response) {\nif (response && !response.error) {\n/* handle the result */\n}\n}\n);  \n/* make the API call */\nnew GraphRequest(\nAccessToken.getCurrentAccessToken(),\n\"/{album-id}/picture\",\nnull,\nHttpMethod.GET,\nnew GraphRequest.Callback() {\npublic void onCompleted(GraphResponse response) {\n/* handle the result */\n}\n}\n).executeAsync();  \n/* make the API call */\nFBSDKGraphRequest *request = [[FBSDKGraphRequest alloc]\ninitWithGraphPath:@\"/{album-id}/picture\"\nparameters:params\nHTTPMethod:@\"GET\"];\n[request startWithCompletionHandler:^(FBSDKGraphRequestConnection *connection,\nid result,\nNSError *error) {\n// Handle the result\n}];  \nIf you want to learn how to use the Graph API, read our [Using Graph API guide](https://developers.facebook.com/docs/graph-api/using-graph-api/).\n",
        "line_start": 719,
        "line_end": 774
    },
    "50": {
        "content": "Source document: ../data/platform-docs-versions/Facebook_Graph-API/Album Endpoint.md\nParagraph location: \n\tAlbum Picture\n\tReading\n\tParameters\n\nContent: \n### Parameters  \n| Parameter | Description |\n| --- | --- |\n| `redirect`<br><br>boolean | Default value: `true`<br><br>By default the picture edge will return a picture instead of a JSON response. If you want the picture edge to return JSON that describes the image set `redirect=0` when you make the request. |\n| `type`<br><br>enum{thumbnail, small, album} | Default value: `album`<br><br>The size of this picture. It can be one of the following values: thumbnail, small, album. |\n",
        "line_start": 92,
        "line_end": 97
    },
    "51": {
        "content": "Source document: ../data/platform-docs-versions/Facebook_Graph-API/Album Endpoint.md\nParagraph location: \n\tAlbum Picture\n\tReading\n\tFields\n\nContent: \n### Fields  \nReading from this edge will return a JSON formatted result:  \n{\n\"`data`\": \\[\\],\n\"`paging`\": {}\n}  \n#### `data`  \nA list of [ProfilePictureSource](https://developers.facebook.com/docs/graph-api/reference/profile-picture-source/) nodes.  \n#### `paging`  \nFor more details about pagination, see the [Graph API guide](https://developers.facebook.com/docs/graph-api/using-graph-api/#paging).\n",
        "line_start": 96,
        "line_end": 106
    },
    "52": {
        "content": "Source document: ../data/platform-docs-versions/Facebook_Graph-API/Album Endpoint.md\nParagraph location: \n\tAlbum Picture\n\tReading\n\tError Codes\n\nContent: \n### Error Codes  \n| Error | Description |\n| --- | --- |\n| 200 | Permissions error |\n| 100 | Invalid parameter |\n",
        "line_start": 127,
        "line_end": 132
    },
    "53": {
        "content": "Source document: ../data/platform-docs-versions/Facebook_Graph-API/Album Endpoint.md\nParagraph location: \n\tAlbum Picture\n\tCreating\n\nContent: \n## Creating  \nYou can't perform this operation on this endpoint.\n",
        "line_start": 135,
        "line_end": 137
    },
    "54": {
        "content": "Source document: ../data/platform-docs-versions/Facebook_Graph-API/Album Endpoint.md\nParagraph location: \n\tAlbum Picture\n\tUpdating\n\nContent: \n## Updating  \nYou can't perform this operation on this endpoint.\n",
        "line_start": 178,
        "line_end": 180
    },
    "55": {
        "content": "Source document: ../data/platform-docs-versions/Facebook_Graph-API/Album Endpoint.md\nParagraph location: \n\tAlbum Picture\n\tDeleting\n\nContent: \n## Deleting  \nYou can't perform this operation on this endpoint.  \n![](https://www.facebook.com/tr?id=675141479195042&ev=PageView&noscript=1)  \n![](https://www.facebook.com/tr?id=574561515946252&ev=PageView&noscript=1)  \n![](https://www.facebook.com/tr?id=1754628768090156&ev=PageView&noscript=1)\n",
        "line_start": 182,
        "line_end": 187
    }
}