{
    "0": {
        "content": "Source document: ../data/platform-docs-versions/Facebook_Graph-API/Canvas Endpoint.md\nParagraph location: \n\tResource URL: https://developers.facebook.com/docs/graph-api/reference/canvas/\n\nContent: \n# Resource URL: https://developers.facebook.com/docs/graph-api/reference/canvas/\n",
        "line_start": 0,
        "line_end": 1
    },
    "1": {
        "content": "Source document: ../data/platform-docs-versions/Facebook_Graph-API/Canvas Endpoint.md\nParagraph location: \n\tCanvas\n\tReading\n\tExample\n\nContent: \n### Example  \nHTTPPHP SDKJavaScript SDKAndroid SDKiOS SDK[Graph API Explorer](https://developers.facebook.com/tools/explorer/?method=GET&path=%7Bcanvas-id%7D&version=v19.0)  \nGET /v19.0/{canvas-id} HTTP/1.1\nHost: graph.facebook.com  \n/* PHP SDK v5.0.0 */\n/* make the API call */\ntry {\n// Returns a `Facebook\\FacebookResponse` object\n$response = $fb->get(\n'/{canvas-id}',\n'{access-token}'\n);\n} catch(Facebook\\Exceptions\\FacebookResponseException $e) {\necho 'Graph returned an error: ' . $e->getMessage();\nexit;\n} catch(Facebook\\Exceptions\\FacebookSDKException $e) {\necho 'Facebook SDK returned an error: ' . $e->getMessage();\nexit;\n}\n$graphNode = $response->getGraphNode();\n/* handle the result */  \n/* make the API call */\nFB.api(\n\"/{canvas-id}\",\nfunction (response) {\nif (response && !response.error) {\n/* handle the result */\n}\n}\n);  \n/* make the API call */\nnew GraphRequest(\nAccessToken.getCurrentAccessToken(),\n\"/{canvas-id}\",\nnull,\nHttpMethod.GET,\nnew GraphRequest.Callback() {\npublic void onCompleted(GraphResponse response) {\n/* handle the result */\n}\n}\n).executeAsync();  \n/* make the API call */\nFBSDKGraphRequest *request = [[FBSDKGraphRequest alloc]\ninitWithGraphPath:@\"/{canvas-id}\"\nparameters:params\nHTTPMethod:@\"GET\"];\n[request startWithCompletionHandler:^(FBSDKGraphRequestConnection *connection,\nid result,\nNSError *error) {\n// Handle the result\n}];  \nIf you want to learn how to use the Graph API, read our [Using Graph API guide](https://developers.facebook.com/docs/graph-api/using-graph-api/).\n",
        "line_start": 7,
        "line_end": 60
    },
    "2": {
        "content": "Source document: ../data/platform-docs-versions/Facebook_Graph-API/Canvas Endpoint.md\nParagraph location: \n\tCanvas\n\tReading\n\tParameters\n\nContent: \n### Parameters  \nThis endpoint doesn't have any parameters.\n",
        "line_start": 68,
        "line_end": 70
    },
    "3": {
        "content": "Source document: ../data/platform-docs-versions/Facebook_Graph-API/Canvas Endpoint.md\nParagraph location: \n\tCanvas\n\tReading\n\tFields\n\nContent: \n### Fields  \n| Field | Description |\n| --- | --- |\n| `id`<br><br>numeric string | ID of the canvas |\n| `background_color`<br><br>string | Background color of the canvas |\n| `body_elements`[](#)<br><br>list<CanvasPhoto\\|CanvasHeader\\|CanvasVideo\\|CanvasText\\|CanvasCarousel\\|CanvasButton\\|CanvasFooter\\|CanvasStoreLocator\\|CanvasProductList\\|CanvasProductSet> | Body element nodes for the canvas |\n| `business_id`<br><br>numeric string | The business id for the canvas product set element |\n| `canvas_link`<br><br>string | The canvas link for the canvas |\n| `collection_hero_image`<br><br>[Photo](https://developers.facebook.com/docs/graph-api/reference/photo/) | First element as photo inside canvas to use as hero media for canvas collection |\n| `collection_hero_video`<br><br>[Video](https://developers.facebook.com/docs/graph-api/reference/video/) | First element as video inside canvas to use as hero media for canvas collection |\n| `collection_thumbnails`<br><br>list<CanvasCollectionThumbnail> | Canvas elements that can be used as thumbnails for canvas collections |\n| `element_payload`<br><br>string | Payload that contains all element |\n| `elements`<br><br>list<RichMediaElement> | Body element nodes for the canvas |\n| `fb_body_elements`<br><br>list<CanvasPhoto\\|CanvasHeader\\|CanvasVideo\\|CanvasText\\|CanvasCarousel\\|CanvasButton\\|CanvasFooter\\|CanvasStoreLocator\\|CanvasProductList\\|CanvasProductSet\\|CanvasDynamicProductSet\\|CanvasTemplateVideo\\|CanvasDynamicPhoto> | Body element nodes for the canvas, used by FB internal apps and includes elements who's API is not public yet |\n| `is_hidden`<br><br>bool | The canvas is hidden or not |\n| `is_published`<br><br>bool | Publish status of the canvas |\n| `last_editor`<br><br>[User](https://developers.facebook.com/docs/graph-api/reference/user/) | User who last edited this canvas |\n| `linked_documents`<br><br>[list<Canvas>](https://developers.facebook.com/docs/graph-api/reference/canvas/) | The canvas documents that are reachable via buttons/links in this document |\n| `name`<br><br>string | Name used to label the canvas<br><br>[Default](https://developers.facebook.com/docs/graph-api/using-graph-api/#fields) |\n| `owner`<br><br>[Page](https://developers.facebook.com/docs/graph-api/reference/page/) | Page that owns this canvas |\n| `property_list`<br><br>list<string> | List of properties for this canvas |\n| `store_url`<br><br>string | The associated app store URL for the canvas |\n| `style_list`<br><br>list<enum> | Canvas level style attributes |\n| `tags`<br><br>list<string> | Tags associated with Canvas |\n| `ui_property_list`<br><br>list<string> | List of UI properties to set when viewing this canvas from creation tools |\n| `unused_body_elements`<br><br>list<CanvasPhoto\\|CanvasHeader\\|CanvasVideo\\|CanvasText\\|CanvasCarousel\\|CanvasButton\\|CanvasFooter\\|CanvasStoreLocator\\|CanvasProductList\\|CanvasProductSet> | Body element nodes that belong to the canvas but are not used |\n| `update_time`<br><br>int32 | Last updated time of the canvas |\n| `use_retailer_item_ids`<br><br>bool | HACK: Flag for whether or not the ad creative that uses this Canvas should use retailer\\_item\\_ids or not |\n",
        "line_start": 72,
        "line_end": 100
    },
    "4": {
        "content": "Source document: ../data/platform-docs-versions/Facebook_Graph-API/Canvas Endpoint.md\nParagraph location: \n\tCanvas\n\tReading\n\tEdges\n\nContent: \n### Edges  \n| Edge | Description |\n| --- | --- |\n| [`preview`](https://developers.facebook.com/docs/graph-api/reference/canvas/preview/) | Get preview HTML embed element |\n| [`previews`](https://developers.facebook.com/docs/graph-api/reference/canvas/previews/)[](#) | Get preview notifications for the canvas |\n",
        "line_start": 102,
        "line_end": 107
    },
    "5": {
        "content": "Source document: ../data/platform-docs-versions/Facebook_Graph-API/Canvas Endpoint.md\nParagraph location: \n\tCanvas\n\tReading\n\tError Codes\n\nContent: \n### Error Codes  \n| Error | Description |\n| --- | --- |\n| 100 | Invalid parameter |\n| 80001 | There have been too many calls to this Page account. Wait a bit and try again. For more info, please refer to https://developers.facebook.com/docs/graph-api/overview/rate-limiting. |\n| 368 | The action attempted has been deemed abusive or is otherwise disallowed |\n",
        "line_start": 109,
        "line_end": 115
    },
    "6": {
        "content": "Source document: ../data/platform-docs-versions/Facebook_Graph-API/Canvas Endpoint.md\nParagraph location: \n\tCanvas\n\tCreating\n\nContent: \n## Creating  \nYou can't perform this operation on this endpoint.\n",
        "line_start": 117,
        "line_end": 119
    },
    "7": {
        "content": "Source document: ../data/platform-docs-versions/Facebook_Graph-API/Canvas Endpoint.md\nParagraph location: \n\tCanvas\n\tUpdating\n\nContent: \n## Updating  \nYou can update a\u00a0[Canvas](https://developers.facebook.com/docs/graph-api/reference/canvas/) by making a POST request to [`/{canvas_id}`](https://developers.facebook.com/docs/graph-api/reference/canvas/).\n",
        "line_start": 121,
        "line_end": 123
    },
    "8": {
        "content": "Source document: ../data/platform-docs-versions/Facebook_Graph-API/Canvas Endpoint.md\nParagraph location: \n\tCanvas\n\tUpdating\n\tParameters\n\nContent: \n### Parameters  \n| Parameter | Description |\n| --- | --- |\n| `background_color`<br><br>string | Background color of the canvas |\n| `body_element_ids`<br><br>list<numeric string or integer> | A list of canvas element ids |\n| `enable_swipe_to_open`<br><br>boolean | Field used to mark if swipe to open is enabled |\n| `is_hidden`<br><br>boolean | Field used to hide a (published) canvas |\n| `is_published`<br><br>boolean | Field used to mark the publish state of the canvas |\n| `name`<br><br>string | Field used to label the canvas |\n| `source_template_id`[](#)<br><br>numeric string or integer | ID of EntRichMediaDocumentTemplate that the Canvas document is created from |\n",
        "line_start": 68,
        "line_end": 78
    },
    "9": {
        "content": "Source document: ../data/platform-docs-versions/Facebook_Graph-API/Canvas Endpoint.md\nParagraph location: \n\tCanvas\n\tUpdating\n\tReturn Type\n\nContent: \n### Return Type  \nThis endpoint supports [read-after-write](https://developers.facebook.com/docs/graph-api/advanced/#read-after-write) and will read the node to which you POSTed.  \nStruct {  \n`success`: bool,  \n}\n",
        "line_start": 137,
        "line_end": 142
    },
    "10": {
        "content": "Source document: ../data/platform-docs-versions/Facebook_Graph-API/Canvas Endpoint.md\nParagraph location: \n\tCanvas\n\tUpdating\n\tError Codes\n\nContent: \n### Error Codes  \n| Error | Description |\n| --- | --- |\n| 100 | Invalid parameter |\n| 200 | Permissions error |\n",
        "line_start": 109,
        "line_end": 114
    },
    "11": {
        "content": "Source document: ../data/platform-docs-versions/Facebook_Graph-API/Canvas Endpoint.md\nParagraph location: \n\tCanvas\n\tDeleting\n\nContent: \n## Deleting  \nYou can't perform this operation on this endpoint.  \n![](https://www.facebook.com/tr?id=675141479195042&ev=PageView&noscript=1)  \n![](https://www.facebook.com/tr?id=574561515946252&ev=PageView&noscript=1)  \n![](https://www.facebook.com/tr?id=1754628768090156&ev=PageView&noscript=1)\n",
        "line_start": 154,
        "line_end": 159
    },
    "12": {
        "content": "Source document: ../data/platform-docs-versions/Facebook_Graph-API/Canvas Endpoint.md\nParagraph location: \n\tResource URL: https://developers.facebook.com/docs/graph-api/reference/canvas/preview/\n\nContent: \n# Resource URL: https://developers.facebook.com/docs/graph-api/reference/canvas/preview/\n",
        "line_start": 164,
        "line_end": 165
    },
    "13": {
        "content": "Source document: ../data/platform-docs-versions/Facebook_Graph-API/Canvas Endpoint.md\nParagraph location: \n\tCanvas Preview\n\tReading\n\tExample\n\nContent: \n### Example  \nHTTPPHP SDKJavaScript SDKAndroid SDKiOS SDK[Graph API Explorer](https://developers.facebook.com/tools/explorer/?method=GET&path=%7Bcanvas-id%7D%2Fpreview&version=v19.0)  \nGET /v19.0/{canvas-id}/preview HTTP/1.1\nHost: graph.facebook.com  \n/* PHP SDK v5.0.0 */\n/* make the API call */\ntry {\n// Returns a `Facebook\\FacebookResponse` object\n$response = $fb->get(\n'/{canvas-id}/preview',\n'{access-token}'\n);\n} catch(Facebook\\Exceptions\\FacebookResponseException $e) {\necho 'Graph returned an error: ' . $e->getMessage();\nexit;\n} catch(Facebook\\Exceptions\\FacebookSDKException $e) {\necho 'Facebook SDK returned an error: ' . $e->getMessage();\nexit;\n}\n$graphNode = $response->getGraphNode();\n/* handle the result */  \n/* make the API call */\nFB.api(\n\"/{canvas-id}/preview\",\nfunction (response) {\nif (response && !response.error) {\n/* handle the result */\n}\n}\n);  \n/* make the API call */\nnew GraphRequest(\nAccessToken.getCurrentAccessToken(),\n\"/{canvas-id}/preview\",\nnull,\nHttpMethod.GET,\nnew GraphRequest.Callback() {\npublic void onCompleted(GraphResponse response) {\n/* handle the result */\n}\n}\n).executeAsync();  \n/* make the API call */\nFBSDKGraphRequest *request = [[FBSDKGraphRequest alloc]\ninitWithGraphPath:@\"/{canvas-id}/preview\"\nparameters:params\nHTTPMethod:@\"GET\"];\n[request startWithCompletionHandler:^(FBSDKGraphRequestConnection *connection,\nid result,\nNSError *error) {\n// Handle the result\n}];  \nIf you want to learn how to use the Graph API, read our [Using Graph API guide](https://developers.facebook.com/docs/graph-api/using-graph-api/).\n",
        "line_start": 7,
        "line_end": 60
    },
    "14": {
        "content": "Source document: ../data/platform-docs-versions/Facebook_Graph-API/Canvas Endpoint.md\nParagraph location: \n\tCanvas Preview\n\tReading\n\tParameters\n\nContent: \n### Parameters  \nThis endpoint doesn't have any parameters.\n",
        "line_start": 68,
        "line_end": 70
    },
    "15": {
        "content": "Source document: ../data/platform-docs-versions/Facebook_Graph-API/Canvas Endpoint.md\nParagraph location: \n\tCanvas Preview\n\tReading\n\tFields\n\nContent: \n### Fields  \nReading from this edge will return a JSON formatted result:  \n{\n\"`data`\": \\[\\],\n\"`paging`\": {}\n}  \n#### `data`  \nA list of CanvasPreview nodes.  \n#### `paging`  \nFor more details about pagination, see the [Graph API guide](https://developers.facebook.com/docs/graph-api/using-graph-api/#paging).\n",
        "line_start": 72,
        "line_end": 82
    },
    "16": {
        "content": "Source document: ../data/platform-docs-versions/Facebook_Graph-API/Canvas Endpoint.md\nParagraph location: \n\tCanvas Preview\n\tReading\n\tError Codes\n\nContent: \n### Error Codes  \n| Error | Description |\n| --- | --- |\n| 100 | Invalid parameter |\n",
        "line_start": 109,
        "line_end": 113
    },
    "17": {
        "content": "Source document: ../data/platform-docs-versions/Facebook_Graph-API/Canvas Endpoint.md\nParagraph location: \n\tCanvas Preview\n\tCreating\n\nContent: \n## Creating  \nYou can't perform this operation on this endpoint.\n",
        "line_start": 117,
        "line_end": 119
    },
    "18": {
        "content": "Source document: ../data/platform-docs-versions/Facebook_Graph-API/Canvas Endpoint.md\nParagraph location: \n\tCanvas Preview\n\tUpdating\n\nContent: \n## Updating  \nYou can't perform this operation on this endpoint.\n",
        "line_start": 121,
        "line_end": 123
    },
    "19": {
        "content": "Source document: ../data/platform-docs-versions/Facebook_Graph-API/Canvas Endpoint.md\nParagraph location: \n\tCanvas Preview\n\tDeleting\n\nContent: \n## Deleting  \nYou can't perform this operation on this endpoint.  \n![](https://www.facebook.com/tr?id=675141479195042&ev=PageView&noscript=1)  \n![](https://www.facebook.com/tr?id=574561515946252&ev=PageView&noscript=1)  \n![](https://www.facebook.com/tr?id=1754628768090156&ev=PageView&noscript=1)\n",
        "line_start": 154,
        "line_end": 159
    },
    "20": {
        "content": "Source document: ../data/platform-docs-versions/Facebook_Graph-API/Canvas Endpoint.md\nParagraph location: \n\tResource URL: https://developers.facebook.com/docs/graph-api/reference/canvas/previews/\n\nContent: \n# Resource URL: https://developers.facebook.com/docs/graph-api/reference/canvas/previews/\n",
        "line_start": 277,
        "line_end": 278
    },
    "21": {
        "content": "Source document: ../data/platform-docs-versions/Facebook_Graph-API/Canvas Endpoint.md\nParagraph location: \n\tCanvas Previews\n\tReading\n\nContent: \n# Canvas Previews  \n## Reading  \nSends a Canvas preview notification to specified page admin ids.\n",
        "line_start": 278,
        "line_end": 281
    },
    "22": {
        "content": "Source document: ../data/platform-docs-versions/Facebook_Graph-API/Canvas Endpoint.md\nParagraph location: \n\tCanvas Previews\n\tReading\n\tExample\n\nContent: \n### Example  \nHTTPPHP SDKJavaScript SDKAndroid SDKiOS SDK[Graph API Explorer](https://developers.facebook.com/tools/explorer/?method=GET&path=%7Bcanvas-id%7D%2Fpreviews&version=v19.0)  \nGET /v19.0/{canvas-id}/previews HTTP/1.1\nHost: graph.facebook.com  \n/* PHP SDK v5.0.0 */\n/* make the API call */\ntry {\n// Returns a `Facebook\\FacebookResponse` object\n$response = $fb->get(\n'/{canvas-id}/previews',\n'{access-token}'\n);\n} catch(Facebook\\Exceptions\\FacebookResponseException $e) {\necho 'Graph returned an error: ' . $e->getMessage();\nexit;\n} catch(Facebook\\Exceptions\\FacebookSDKException $e) {\necho 'Facebook SDK returned an error: ' . $e->getMessage();\nexit;\n}\n$graphNode = $response->getGraphNode();\n/* handle the result */  \n/* make the API call */\nFB.api(\n\"/{canvas-id}/previews\",\nfunction (response) {\nif (response && !response.error) {\n/* handle the result */\n}\n}\n);  \n/* make the API call */\nnew GraphRequest(\nAccessToken.getCurrentAccessToken(),\n\"/{canvas-id}/previews\",\nnull,\nHttpMethod.GET,\nnew GraphRequest.Callback() {\npublic void onCompleted(GraphResponse response) {\n/* handle the result */\n}\n}\n).executeAsync();  \n/* make the API call */\nFBSDKGraphRequest *request = [[FBSDKGraphRequest alloc]\ninitWithGraphPath:@\"/{canvas-id}/previews\"\nparameters:params\nHTTPMethod:@\"GET\"];\n[request startWithCompletionHandler:^(FBSDKGraphRequestConnection *connection,\nid result,\nNSError *error) {\n// Handle the result\n}];  \nIf you want to learn how to use the Graph API, read our [Using Graph API guide](https://developers.facebook.com/docs/graph-api/using-graph-api/).\n",
        "line_start": 7,
        "line_end": 60
    },
    "23": {
        "content": "Source document: ../data/platform-docs-versions/Facebook_Graph-API/Canvas Endpoint.md\nParagraph location: \n\tCanvas Previews\n\tReading\n\tParameters\n\nContent: \n### Parameters  \n| Parameter | Description |\n| --- | --- |\n| `user_ids`<br><br>list<int> | SELF\\_EXPLANATORY |\n",
        "line_start": 68,
        "line_end": 72
    },
    "24": {
        "content": "Source document: ../data/platform-docs-versions/Facebook_Graph-API/Canvas Endpoint.md\nParagraph location: \n\tCanvas Previews\n\tReading\n\tFields\n\nContent: \n### Fields  \nReading from this edge will return a JSON formatted result:  \n{\n\"`data`\": \\[\\],\n\"`paging`\": {}\n}  \n#### `data`  \nA list of TextWithEntities nodes.  \n#### `paging`  \nFor more details about pagination, see the [Graph API guide](https://developers.facebook.com/docs/graph-api/using-graph-api/#paging).\n",
        "line_start": 72,
        "line_end": 82
    },
    "25": {
        "content": "Source document: ../data/platform-docs-versions/Facebook_Graph-API/Canvas Endpoint.md\nParagraph location: \n\tCanvas Previews\n\tReading\n\tError Codes\n\nContent: \n### Error Codes  \n| Error | Description |\n| --- | --- |\n| 100 | Invalid parameter |\n",
        "line_start": 109,
        "line_end": 113
    },
    "26": {
        "content": "Source document: ../data/platform-docs-versions/Facebook_Graph-API/Canvas Endpoint.md\nParagraph location: \n\tCanvas Previews\n\tCreating\n\nContent: \n## Creating  \nYou can't perform this operation on this endpoint.\n",
        "line_start": 117,
        "line_end": 119
    },
    "27": {
        "content": "Source document: ../data/platform-docs-versions/Facebook_Graph-API/Canvas Endpoint.md\nParagraph location: \n\tCanvas Previews\n\tUpdating\n\nContent: \n## Updating  \nYou can't perform this operation on this endpoint.\n",
        "line_start": 121,
        "line_end": 123
    },
    "28": {
        "content": "Source document: ../data/platform-docs-versions/Facebook_Graph-API/Canvas Endpoint.md\nParagraph location: \n\tCanvas Previews\n\tDeleting\n\nContent: \n## Deleting  \nYou can't perform this operation on this endpoint.  \n![](https://www.facebook.com/tr?id=675141479195042&ev=PageView&noscript=1)  \n![](https://www.facebook.com/tr?id=574561515946252&ev=PageView&noscript=1)  \n![](https://www.facebook.com/tr?id=1754628768090156&ev=PageView&noscript=1)\n",
        "line_start": 154,
        "line_end": 159
    },
    "29": {
        "content": "Source document: ../data/platform-docs-versions/Facebook_Graph-API/Canvas Endpoint.md\nParagraph location: \n\tResource URL: https://developers.facebook.com/docs/graph-api/reference/canvas-button/\n\nContent: \n# Resource URL: https://developers.facebook.com/docs/graph-api/reference/canvas-button/\n",
        "line_start": 392,
        "line_end": 393
    },
    "30": {
        "content": "Source document: ../data/platform-docs-versions/Facebook_Graph-API/Canvas Endpoint.md\nParagraph location: \n\tCanvas Button\n\tReading\n\nContent: \n# Canvas Button  \n## Reading  \nA button inside the canvas\n",
        "line_start": 393,
        "line_end": 396
    },
    "31": {
        "content": "Source document: ../data/platform-docs-versions/Facebook_Graph-API/Canvas Endpoint.md\nParagraph location: \n\tCanvas Button\n\tReading\n\tExample\n\nContent: \n### Example  \nPHP Business SDKcURL  \nuse FacebookAds\\Api;\nuse FacebookAds\\Http\\RequestInterface;  \n$params = array(\n'fields' => array(\n'action',\n'id',\n'name',\n'rich_text',\n),\n);  \n$data = Api::instance()->call(\n'/' . <CANVAS_BUTTON_ID>,\nRequestInterface::METHOD_GET,\n$params)->getContent();  \ncurl -G \\\n--data-urlencode 'fields=[\n\"action\",\n\"id\",\n\"name\",\n\"rich_text\"\n]' \\\n-d 'access_token=<ACCESS_TOKEN>' \\\nhttps://graph.facebook.com/v2.11/<CANVAS_BUTTON_ID>\n",
        "line_start": 7,
        "line_end": 32
    },
    "32": {
        "content": "Source document: ../data/platform-docs-versions/Facebook_Graph-API/Canvas Endpoint.md\nParagraph location: \n\tCanvas Button\n\tReading\n\tParameters\n\nContent: \n### Parameters  \nThis endpoint doesn't have any parameters.\n",
        "line_start": 68,
        "line_end": 70
    },
    "33": {
        "content": "Source document: ../data/platform-docs-versions/Facebook_Graph-API/Canvas Endpoint.md\nParagraph location: \n\tCanvas Button\n\tReading\n\tFields\n\nContent: \n### Fields  \n| Field | Description |\n| --- | --- |\n| `id`<br><br>numeric string | The id of the element |\n| `action`<br><br>CanvasOpenURLAction | The action associated with the button |\n| `background_color`<br><br>string | Color of the button background |\n| `bottom_padding`<br><br>numeric string | The padding below the element |\n| `button_color`<br><br>string | Color of the button |\n| `button_style`<br><br>enum | The style of the button |\n| `deep_link`<br><br>string | Deep link destination only for mobile apps (used for mobile install or engagement ads, and app link is supported) |\n| `element_group_key`<br><br>string | The element group key to bundle multiple elements in editing |\n| `element_type`<br><br>enum | The type of the element<br><br>[Default](https://developers.facebook.com/docs/graph-api/using-graph-api/#fields) |\n| `font_family`<br><br>string | The font family |\n| `font_size`<br><br>numeric string | The size of the font for the text |\n| `line_height`<br><br>numeric string | The line height of the text |\n| `name`<br><br>string | The name of the element<br><br>[Default](https://developers.facebook.com/docs/graph-api/using-graph-api/#fields) |\n| `rich_text`<br><br>[CanvasRichText](https://developers.facebook.com/docs/graph-api/reference/canvas-rich-text/) | The text inside the button |\n| `text_alignment`<br><br>enum | The alignment of the text |\n| `text_color`<br><br>string | The color of the text |\n| `top_padding`<br><br>numeric string | The padding above the element |\n",
        "line_start": 72,
        "line_end": 92
    },
    "34": {
        "content": "Source document: ../data/platform-docs-versions/Facebook_Graph-API/Canvas Endpoint.md\nParagraph location: \n\tCanvas Button\n\tReading\n\tError Codes\n\nContent: \n### Error Codes  \n| Error | Description |\n| --- | --- |\n| 80001 | There have been too many calls to this Page account. Wait a bit and try again. For more info, please refer to https://developers.facebook.com/docs/graph-api/overview/rate-limiting. |\n",
        "line_start": 109,
        "line_end": 113
    },
    "35": {
        "content": "Source document: ../data/platform-docs-versions/Facebook_Graph-API/Canvas Endpoint.md\nParagraph location: \n\tCanvas Button\n\tCreating\n\nContent: \n## Creating  \nYou can't perform this operation on this endpoint.\n",
        "line_start": 117,
        "line_end": 119
    },
    "36": {
        "content": "Source document: ../data/platform-docs-versions/Facebook_Graph-API/Canvas Endpoint.md\nParagraph location: \n\tCanvas Button\n\tUpdating\n\nContent: \n## Updating  \nYou can't perform this operation on this endpoint.\n",
        "line_start": 121,
        "line_end": 123
    },
    "37": {
        "content": "Source document: ../data/platform-docs-versions/Facebook_Graph-API/Canvas Endpoint.md\nParagraph location: \n\tCanvas Button\n\tDeleting\n\nContent: \n## Deleting  \nYou can't perform this operation on this endpoint.  \n![](https://www.facebook.com/tr?id=675141479195042&ev=PageView&noscript=1)  \n![](https://www.facebook.com/tr?id=574561515946252&ev=PageView&noscript=1)  \n![](https://www.facebook.com/tr?id=1754628768090156&ev=PageView&noscript=1)\n",
        "line_start": 154,
        "line_end": 159
    },
    "38": {
        "content": "Source document: ../data/platform-docs-versions/Facebook_Graph-API/Canvas Endpoint.md\nParagraph location: \n\tResource URL: https://developers.facebook.com/docs/graph-api/reference/canvas-carousel/\n\nContent: \n# Resource URL: https://developers.facebook.com/docs/graph-api/reference/canvas-carousel/\n",
        "line_start": 480,
        "line_end": 481
    },
    "39": {
        "content": "Source document: ../data/platform-docs-versions/Facebook_Graph-API/Canvas Endpoint.md\nParagraph location: \n\tCanvas Carousel\n\tReading\n\nContent: \n# Canvas Carousel  \n## Reading  \nA carousel inside a canvas\n",
        "line_start": 481,
        "line_end": 484
    },
    "40": {
        "content": "Source document: ../data/platform-docs-versions/Facebook_Graph-API/Canvas Endpoint.md\nParagraph location: \n\tCanvas Carousel\n\tReading\n\tExample\n\nContent: \n### Example  \nPHP Business SDKcURL  \nuse FacebookAds\\Api;\nuse FacebookAds\\Http\\RequestInterface;  \n$params = array(\n'fields' => array(\n'child_elements',\n'id',\n'name',\n),\n);  \n$data = Api::instance()->call(\n'/' . <CANVAS_CAROUSEL_ID>,\nRequestInterface::METHOD_GET,\n$params)->getContent();  \ncurl -G \\\n--data-urlencode 'fields=[\n\"child_elements\",\n\"id\",\n\"name\"\n]' \\\n-d 'access_token=<ACCESS_TOKEN>' \\\nhttps://graph.facebook.com/v2.11/<CANVAS_CAROUSEL_ID>\n",
        "line_start": 7,
        "line_end": 30
    },
    "41": {
        "content": "Source document: ../data/platform-docs-versions/Facebook_Graph-API/Canvas Endpoint.md\nParagraph location: \n\tCanvas Carousel\n\tReading\n\tParameters\n\nContent: \n### Parameters  \nThis endpoint doesn't have any parameters.\n",
        "line_start": 68,
        "line_end": 70
    },
    "42": {
        "content": "Source document: ../data/platform-docs-versions/Facebook_Graph-API/Canvas Endpoint.md\nParagraph location: \n\tCanvas Carousel\n\tReading\n\tFields\n\nContent: \n### Fields  \n| Field | Description |\n| --- | --- |\n| `id`<br><br>numeric string | The id of the element |\n| `bottom_padding`<br><br>numeric string | The padding below the element |\n| `child_elements`<br><br>list<CanvasPhoto\\|CanvasDynamicPhoto> | The child elements of the carousel |\n| `element_group_key`<br><br>string | The element group key to bundle multiple elements in editing |\n| `element_type`<br><br>enum | The type of the element<br><br>[Default](https://developers.facebook.com/docs/graph-api/using-graph-api/#fields) |\n| `name`<br><br>string | The name of the element<br><br>[Default](https://developers.facebook.com/docs/graph-api/using-graph-api/#fields) |\n| `style`<br><br>enum | The presentation style of the carousel |\n| `top_padding`<br><br>numeric string | The padding above the element |\n",
        "line_start": 72,
        "line_end": 83
    },
    "43": {
        "content": "Source document: ../data/platform-docs-versions/Facebook_Graph-API/Canvas Endpoint.md\nParagraph location: \n\tCanvas Carousel\n\tReading\n\tError Codes\n\nContent: \n### Error Codes  \n| Error | Description |\n| --- | --- |\n| 100 | Invalid parameter |\n",
        "line_start": 109,
        "line_end": 113
    },
    "44": {
        "content": "Source document: ../data/platform-docs-versions/Facebook_Graph-API/Canvas Endpoint.md\nParagraph location: \n\tCanvas Carousel\n\tCreating\n\nContent: \n## Creating  \nYou can't perform this operation on this endpoint.\n",
        "line_start": 117,
        "line_end": 119
    },
    "45": {
        "content": "Source document: ../data/platform-docs-versions/Facebook_Graph-API/Canvas Endpoint.md\nParagraph location: \n\tCanvas Carousel\n\tUpdating\n\nContent: \n## Updating  \nYou can't perform this operation on this endpoint.\n",
        "line_start": 121,
        "line_end": 123
    },
    "46": {
        "content": "Source document: ../data/platform-docs-versions/Facebook_Graph-API/Canvas Endpoint.md\nParagraph location: \n\tCanvas Carousel\n\tDeleting\n\nContent: \n## Deleting  \nYou can't perform this operation on this endpoint.  \n![](https://www.facebook.com/tr?id=675141479195042&ev=PageView&noscript=1)  \n![](https://www.facebook.com/tr?id=574561515946252&ev=PageView&noscript=1)  \n![](https://www.facebook.com/tr?id=1754628768090156&ev=PageView&noscript=1)\n",
        "line_start": 154,
        "line_end": 159
    },
    "47": {
        "content": "Source document: ../data/platform-docs-versions/Facebook_Graph-API/Canvas Endpoint.md\nParagraph location: \n\tResource URL: https://developers.facebook.com/docs/graph-api/reference/canvas-footer/\n\nContent: \n# Resource URL: https://developers.facebook.com/docs/graph-api/reference/canvas-footer/\n",
        "line_start": 557,
        "line_end": 558
    },
    "48": {
        "content": "Source document: ../data/platform-docs-versions/Facebook_Graph-API/Canvas Endpoint.md\nParagraph location: \n\tCanvas Footer\n\tReading\n\nContent: \n# Canvas Footer  \n## Reading  \nA footer of the canvas\n",
        "line_start": 558,
        "line_end": 561
    },
    "49": {
        "content": "Source document: ../data/platform-docs-versions/Facebook_Graph-API/Canvas Endpoint.md\nParagraph location: \n\tCanvas Footer\n\tReading\n\tExample\n\nContent: \n### Example  \nPHP Business SDKcURL  \nuse FacebookAds\\Api;\nuse FacebookAds\\Http\\RequestInterface;  \n$params = array(\n'fields' => array(\n'child_elements',\n'id',\n'name',\n),\n);  \n$data = Api::instance()->call(\n'/' . <CANVAS_FOOTER_ID>,\nRequestInterface::METHOD_GET,\n$params)->getContent();  \ncurl -G \\\n--data-urlencode 'fields=[\n\"child_elements\",\n\"id\",\n\"name\"\n]' \\\n-d 'access_token=<ACCESS_TOKEN>' \\\nhttps://graph.facebook.com/v2.11/<CANVAS_FOOTER_ID>\n",
        "line_start": 7,
        "line_end": 30
    },
    "50": {
        "content": "Source document: ../data/platform-docs-versions/Facebook_Graph-API/Canvas Endpoint.md\nParagraph location: \n\tCanvas Footer\n\tReading\n\tParameters\n\nContent: \n### Parameters  \nThis endpoint doesn't have any parameters.\n",
        "line_start": 68,
        "line_end": 70
    },
    "51": {
        "content": "Source document: ../data/platform-docs-versions/Facebook_Graph-API/Canvas Endpoint.md\nParagraph location: \n\tCanvas Footer\n\tReading\n\tFields\n\nContent: \n### Fields  \n| Field | Description |\n| --- | --- |\n| `id`<br><br>numeric string | The id of the element |\n| `background_color`<br><br>string | Background color of the button |\n| `bottom_padding`<br><br>numeric string | The padding below the element |\n| `child_elements`<br><br>list<CanvasButton> | The child elements inside a footer |\n| `element_group_key`<br><br>string | The element group key to bundle multiple elements in editing |\n| `element_type`<br><br>enum | The type of the element<br><br>[Default](https://developers.facebook.com/docs/graph-api/using-graph-api/#fields) |\n| `name`<br><br>string | The name of the element<br><br>[Default](https://developers.facebook.com/docs/graph-api/using-graph-api/#fields) |\n| `top_padding`<br><br>numeric string | The padding above the element |\n",
        "line_start": 72,
        "line_end": 83
    },
    "52": {
        "content": "Source document: ../data/platform-docs-versions/Facebook_Graph-API/Canvas Endpoint.md\nParagraph location: \n\tCanvas Footer\n\tReading\n\tError Codes\n\nContent: \n### Error Codes  \n| Error | Description |\n| --- | --- |\n| 80001 | There have been too many calls to this Page account. Wait a bit and try again. For more info, please refer to https://developers.facebook.com/docs/graph-api/overview/rate-limiting. |\n",
        "line_start": 109,
        "line_end": 113
    },
    "53": {
        "content": "Source document: ../data/platform-docs-versions/Facebook_Graph-API/Canvas Endpoint.md\nParagraph location: \n\tCanvas Footer\n\tCreating\n\nContent: \n## Creating  \nYou can't perform this operation on this endpoint.\n",
        "line_start": 117,
        "line_end": 119
    },
    "54": {
        "content": "Source document: ../data/platform-docs-versions/Facebook_Graph-API/Canvas Endpoint.md\nParagraph location: \n\tCanvas Footer\n\tUpdating\n\nContent: \n## Updating  \nYou can't perform this operation on this endpoint.\n",
        "line_start": 121,
        "line_end": 123
    },
    "55": {
        "content": "Source document: ../data/platform-docs-versions/Facebook_Graph-API/Canvas Endpoint.md\nParagraph location: \n\tCanvas Footer\n\tDeleting\n\nContent: \n## Deleting  \nYou can delete a\u00a0[CanvasFooter](https://developers.facebook.com/docs/graph-api/reference/canvas-footer/) by making a DELETE request to [`/{canvas_footer_id}`](https://developers.facebook.com/docs/graph-api/reference/canvas-footer/).\n",
        "line_start": 154,
        "line_end": 156
    },
    "56": {
        "content": "Source document: ../data/platform-docs-versions/Facebook_Graph-API/Canvas Endpoint.md\nParagraph location: \n\tCanvas Footer\n\tDeleting\n\tParameters\n\nContent: \n### Parameters  \nThis endpoint doesn't have any parameters.\n",
        "line_start": 68,
        "line_end": 70
    },
    "57": {
        "content": "Source document: ../data/platform-docs-versions/Facebook_Graph-API/Canvas Endpoint.md\nParagraph location: \n\tCanvas Footer\n\tDeleting\n\tError Codes\n\nContent: \n### Error Codes  \n| Error | Description |\n| --- | --- |\n| 100 | Invalid parameter |  \n![](https://www.facebook.com/tr?id=675141479195042&ev=PageView&noscript=1)  \n![](https://www.facebook.com/tr?id=574561515946252&ev=PageView&noscript=1)  \n![](https://www.facebook.com/tr?id=1754628768090156&ev=PageView&noscript=1)\n",
        "line_start": 109,
        "line_end": 116
    },
    "58": {
        "content": "Source document: ../data/platform-docs-versions/Facebook_Graph-API/Canvas Endpoint.md\nParagraph location: \n\tResource URL: https://developers.facebook.com/docs/graph-api/reference/canvas-product-list/\n\nContent: \n# Resource URL: https://developers.facebook.com/docs/graph-api/reference/canvas-product-list/\n",
        "line_start": 652,
        "line_end": 653
    },
    "59": {
        "content": "Source document: ../data/platform-docs-versions/Facebook_Graph-API/Canvas Endpoint.md\nParagraph location: \n\tCanvas Product List\n\nContent: \n# Canvas Product List  \n**Only E-commerce and travel hotel vertical catalogs are currently supported.**\n",
        "line_start": 653,
        "line_end": 655
    },
    "60": {
        "content": "Source document: ../data/platform-docs-versions/Facebook_Graph-API/Canvas Endpoint.md\nParagraph location: \n\tCanvas Product List\n\tReading\n\nContent: \n## Reading  \nA product list inside the canvas  \nSelect a product catalog and then manually provide the product ID, name and color variations to promote in a collection's ad creative. Use this option if you or your advertiser does not want to set-up a product set from a catalog feed. This option makes creating of ads from product catalog simpler. **Note that we do not save selected products as a product set for later reuse.**  \nUse this option to select which item colors you want to show in an ad and control the order products appear. **Because this is a manual ordering, we do not dynamically rank or display products based on popularity or relevancy to each viewer.**\n",
        "line_start": 3,
        "line_end": 7
    },
    "61": {
        "content": "Source document: ../data/platform-docs-versions/Facebook_Graph-API/Canvas Endpoint.md\nParagraph location: \n\tCanvas Product List\n\tReading\n\tExample\n\nContent: \n### Example  \nHTTPPHP SDKJavaScript SDKAndroid SDKiOS SDK[Graph API Explorer](https://developers.facebook.com/tools/explorer/?method=GET&path=%7Bcanvas-product-list-id%7D&version=v19.0)  \nGET /v19.0/{canvas-product-list-id} HTTP/1.1\nHost: graph.facebook.com  \n/* PHP SDK v5.0.0 */\n/* make the API call */\ntry {\n// Returns a `Facebook\\FacebookResponse` object\n$response = $fb->get(\n'/{canvas-product-list-id}',\n'{access-token}'\n);\n} catch(Facebook\\Exceptions\\FacebookResponseException $e) {\necho 'Graph returned an error: ' . $e->getMessage();\nexit;\n} catch(Facebook\\Exceptions\\FacebookSDKException $e) {\necho 'Facebook SDK returned an error: ' . $e->getMessage();\nexit;\n}\n$graphNode = $response->getGraphNode();\n/* handle the result */  \n/* make the API call */\nFB.api(\n\"/{canvas-product-list-id}\",\nfunction (response) {\nif (response && !response.error) {\n/* handle the result */\n}\n}\n);  \n/* make the API call */\nnew GraphRequest(\nAccessToken.getCurrentAccessToken(),\n\"/{canvas-product-list-id}\",\nnull,\nHttpMethod.GET,\nnew GraphRequest.Callback() {\npublic void onCompleted(GraphResponse response) {\n/* handle the result */\n}\n}\n).executeAsync();  \n/* make the API call */\nFBSDKGraphRequest *request = [[FBSDKGraphRequest alloc]\ninitWithGraphPath:@\"/{canvas-product-list-id}\"\nparameters:params\nHTTPMethod:@\"GET\"];\n[request startWithCompletionHandler:^(FBSDKGraphRequestConnection *connection,\nid result,\nNSError *error) {\n// Handle the result\n}];  \nIf you want to learn how to use the Graph API, read our [Using Graph API guide](https://developers.facebook.com/docs/graph-api/using-graph-api/).\n",
        "line_start": 7,
        "line_end": 60
    },
    "62": {
        "content": "Source document: ../data/platform-docs-versions/Facebook_Graph-API/Canvas Endpoint.md\nParagraph location: \n\tCanvas Product List\n\tReading\n\tParameters\n\nContent: \n### Parameters  \nThis endpoint doesn't have any parameters.\n",
        "line_start": 68,
        "line_end": 70
    },
    "63": {
        "content": "Source document: ../data/platform-docs-versions/Facebook_Graph-API/Canvas Endpoint.md\nParagraph location: \n\tCanvas Product List\n\tReading\n\tFields\n\nContent: \n### Fields  \n| Field | Description |\n| --- | --- |\n| `id`<br><br>numeric string | The id of the element |\n| `bottom_padding`<br><br>numeric string | The padding below the element |\n| `element_group_key`<br><br>string | The element group key to bundle multiple elements in editing |\n| `element_type`<br><br>enum | The type of the element<br><br>[Default](https://developers.facebook.com/docs/graph-api/using-graph-api/#fields) |\n| `item_description`<br><br>string | A token to represent which field from the product to show in the product description |\n| `item_headline`<br><br>string | A token to represent which field from the product to show in the product headline |\n| `name`<br><br>string | The name of the element<br><br>[Default](https://developers.facebook.com/docs/graph-api/using-graph-api/#fields) |\n| `product_id_list`<br><br>list<integer> | A list of product ids inside the canvas |\n| `top_padding`<br><br>numeric string | The padding above the element |\n",
        "line_start": 72,
        "line_end": 84
    },
    "64": {
        "content": "Source document: ../data/platform-docs-versions/Facebook_Graph-API/Canvas Endpoint.md\nParagraph location: \n\tCanvas Product List\n\tReading\n\tError Codes\n\nContent: \n### Error Codes  \n| Error | Description |\n| --- | --- |\n| 100 | Invalid parameter |\n",
        "line_start": 109,
        "line_end": 113
    },
    "65": {
        "content": "Source document: ../data/platform-docs-versions/Facebook_Graph-API/Canvas Endpoint.md\nParagraph location: \n\tCanvas Product List\n\tCreating\n\nContent: \n## Creating  \nYou can't perform this operation on this endpoint.\n",
        "line_start": 117,
        "line_end": 119
    },
    "66": {
        "content": "Source document: ../data/platform-docs-versions/Facebook_Graph-API/Canvas Endpoint.md\nParagraph location: \n\tCanvas Product List\n\tUpdating\n\nContent: \n## Updating  \nProvide a list of products for the element. This must include more than four IDs. IDs must be from Dynamic Ads product catalog or Dynamic Ads for Travel, hotel catalog.  \n`curl \\ -F 'bottom_padding=8' \\ -F 'name=Product List Name' \\ -F 'product_id_list=[product_id_1, product_id_2, product_id_3, product_id_4]' \\ -F 'item_headline=See more at {{product.url}}' \\ -F 'item_description={{product.current_price}}' \\ -F 'top_padding=24' \\ -F 'access_token=TOKEN' \\ https://graph.facebook.com/VERSION/CANVAS_ELEMENT_PRODUCT_LIST_ID`  \nYou can update a\u00a0[CanvasProductList](https://developers.facebook.com/docs/graph-api/reference/canvas-product-list/) by making a POST request to [`/{canvas_product_list_id}`](https://developers.facebook.com/docs/graph-api/reference/canvas-product-list/).\n",
        "line_start": 121,
        "line_end": 125
    },
    "67": {
        "content": "Source document: ../data/platform-docs-versions/Facebook_Graph-API/Canvas Endpoint.md\nParagraph location: \n\tCanvas Product List\n\tUpdating\n\tParameters\n\nContent: \n### Parameters  \n| Parameter | Description |\n| --- | --- |\n| `bottom_padding`<br><br>float | The padding below the product list |\n| `item_description`<br><br>string | A token to represent which field from the product to show in the product description |\n| `item_headline`<br><br>string | A token to represent which field from the product to show in the product headline |\n| `name`<br><br>string | Name of the product list element |\n| `product_id_list`<br><br>list<int64> | A list of product ids inside the canvas<br><br>Required |\n| `top_padding`<br><br>float | The padding above the product list |\n",
        "line_start": 68,
        "line_end": 77
    },
    "68": {
        "content": "Source document: ../data/platform-docs-versions/Facebook_Graph-API/Canvas Endpoint.md\nParagraph location: \n\tCanvas Product List\n\tUpdating\n\tReturn Type\n\nContent: \n### Return Type  \nThis endpoint supports [read-after-write](https://developers.facebook.com/docs/graph-api/advanced/#read-after-write) and will read the node to which you POSTed.  \nStruct {  \n`success`: bool,  \n}\n",
        "line_start": 137,
        "line_end": 142
    },
    "69": {
        "content": "Source document: ../data/platform-docs-versions/Facebook_Graph-API/Canvas Endpoint.md\nParagraph location: \n\tCanvas Product List\n\tUpdating\n\tError Codes\n\nContent: \n### Error Codes  \n| Error | Description |\n| --- | --- |\n| 100 | Invalid parameter |\n",
        "line_start": 109,
        "line_end": 113
    },
    "70": {
        "content": "Source document: ../data/platform-docs-versions/Facebook_Graph-API/Canvas Endpoint.md\nParagraph location: \n\tCanvas Product List\n\tDeleting\n\nContent: \n## Deleting  \nYou can delete a\u00a0[CanvasProductList](https://developers.facebook.com/docs/graph-api/reference/canvas-product-list/) by making a DELETE request to [`/{canvas_product_list_id}`](https://developers.facebook.com/docs/graph-api/reference/canvas-product-list/).\n",
        "line_start": 154,
        "line_end": 156
    },
    "71": {
        "content": "Source document: ../data/platform-docs-versions/Facebook_Graph-API/Canvas Endpoint.md\nParagraph location: \n\tCanvas Product List\n\tDeleting\n\tParameters\n\nContent: \n### Parameters  \nThis endpoint doesn't have any parameters.\n",
        "line_start": 68,
        "line_end": 70
    },
    "72": {
        "content": "Source document: ../data/platform-docs-versions/Facebook_Graph-API/Canvas Endpoint.md\nParagraph location: \n\tCanvas Product List\n\tDeleting\n\tReturn Type\n\nContent: \n### Return Type  \nStruct {  \n`success`: bool,  \n}  \n![](https://www.facebook.com/tr?id=675141479195042&ev=PageView&noscript=1)  \n![](https://www.facebook.com/tr?id=574561515946252&ev=PageView&noscript=1)  \n![](https://www.facebook.com/tr?id=1754628768090156&ev=PageView&noscript=1)\n",
        "line_start": 137,
        "line_end": 144
    },
    "73": {
        "content": "Source document: ../data/platform-docs-versions/Facebook_Graph-API/Canvas Endpoint.md\nParagraph location: \n\tResource URL: https://developers.facebook.com/docs/graph-api/reference/canvas-product-set/\n\nContent: \n# Resource URL: https://developers.facebook.com/docs/graph-api/reference/canvas-product-set/\n",
        "line_start": 814,
        "line_end": 815
    },
    "74": {
        "content": "Source document: ../data/platform-docs-versions/Facebook_Graph-API/Canvas Endpoint.md\nParagraph location: \n\tCanvas Product Set\n\tReading\n\nContent: \n# Canvas Product Set  \n## Reading  \nA product set inside the canvas  \nStarting September 14, 2021, the following fields will throw an error for version 12.0+ calls made by apps that lack the endpoint's required permissions. This change will apply to all versions on December 13, 2021.  \n* `storefront_settings`\n",
        "line_start": 815,
        "line_end": 820
    },
    "75": {
        "content": "Source document: ../data/platform-docs-versions/Facebook_Graph-API/Canvas Endpoint.md\nParagraph location: \n\tCanvas Product Set\n\tReading\n\tExample\n\nContent: \n### Example  \nPHP Business SDKcURL  \nuse FacebookAds\\Api;\nuse FacebookAds\\Http\\RequestInterface;  \n$params = array(\n'fields' => array(\n'id',\n'name',\n'product_set_id',\n),\n);  \n$data = Api::instance()->call(\n'/' . <CANVAS_PRODUCT_SET_ID>,\nRequestInterface::METHOD_GET,\n$params)->getContent();  \ncurl -G \\\n--data-urlencode 'fields=[\n\"id\",\n\"name\",\n\"product_set_id\"\n]' \\\n-d 'access_token=<ACCESS_TOKEN>' \\\nhttps://graph.facebook.com/v2.11/<CANVAS_PRODUCT_SET_ID>\n",
        "line_start": 7,
        "line_end": 30
    },
    "76": {
        "content": "Source document: ../data/platform-docs-versions/Facebook_Graph-API/Canvas Endpoint.md\nParagraph location: \n\tCanvas Product Set\n\tReading\n\tParameters\n\nContent: \n### Parameters  \nThis endpoint doesn't have any parameters.\n",
        "line_start": 68,
        "line_end": 70
    },
    "77": {
        "content": "Source document: ../data/platform-docs-versions/Facebook_Graph-API/Canvas Endpoint.md\nParagraph location: \n\tCanvas Product Set\n\tReading\n\tFields\n\nContent: \n### Fields  \n| Field | Description |\n| --- | --- |\n| `id`<br><br>numeric string | The id of the element |\n| `bottom_padding`<br><br>numeric string | The padding below the element |\n| `element_group_key`<br><br>string | The element group key to bundle multiple elements in editing |\n| `element_type`<br><br>enum | The type of the element<br><br>[Default](https://developers.facebook.com/docs/graph-api/using-graph-api/#fields) |\n| `image_overlay_spec`[](#)<br><br>[AdCreativeLinkDataImageOverlaySpec](https://developers.facebook.com/docs/marketing-api/reference/ad-creative-link-data-image-overlay-spec/) | How to render overlays over a product item |\n| `item_description`<br><br>string | A token to represent which field from the product to show in the product description |\n| `item_headline`<br><br>string | A token to represent which field from the product to show in the product headline |\n| `max_products`<br><br>unsigned int32 | Maximum number of products to show |\n| `name`<br><br>string | The name of the element<br><br>[Default](https://developers.facebook.com/docs/graph-api/using-graph-api/#fields) |\n| `product_set_id`<br><br>numeric string | The product set id which contains a subset of products within a product catalog |\n| `retailer_item_ids`<br><br>list<string> | An array of items that should be shown first in the product set element. If this is not set then products will be dynamically chosen |\n| `show_in_feed`<br><br>bool | A flag that products should be shown in feed unit |\n| `top_padding`<br><br>numeric string | The padding above the element |\n",
        "line_start": 72,
        "line_end": 88
    },
    "78": {
        "content": "Source document: ../data/platform-docs-versions/Facebook_Graph-API/Canvas Endpoint.md\nParagraph location: \n\tCanvas Product Set\n\tReading\n\tError Codes\n\nContent: \n### Error Codes  \n| Error | Description |\n| --- | --- |\n| 80001 | There have been too many calls to this Page account. Wait a bit and try again. For more info, please refer to https://developers.facebook.com/docs/graph-api/overview/rate-limiting. |\n| 100 | Invalid parameter |\n",
        "line_start": 109,
        "line_end": 114
    },
    "79": {
        "content": "Source document: ../data/platform-docs-versions/Facebook_Graph-API/Canvas Endpoint.md\nParagraph location: \n\tCanvas Product Set\n\tCreating\n\nContent: \n## Creating  \nYou can't perform this operation on this endpoint.\n",
        "line_start": 117,
        "line_end": 119
    },
    "80": {
        "content": "Source document: ../data/platform-docs-versions/Facebook_Graph-API/Canvas Endpoint.md\nParagraph location: \n\tCanvas Product Set\n\tUpdating\n\nContent: \n## Updating  \nYou can't perform this operation on this endpoint.\n",
        "line_start": 121,
        "line_end": 123
    },
    "81": {
        "content": "Source document: ../data/platform-docs-versions/Facebook_Graph-API/Canvas Endpoint.md\nParagraph location: \n\tCanvas Product Set\n\tDeleting\n\nContent: \n## Deleting  \nYou can't perform this operation on this endpoint.\n",
        "line_start": 154,
        "line_end": 156
    },
    "82": {
        "content": "Source document: ../data/platform-docs-versions/Facebook_Graph-API/Canvas Endpoint.md\nParagraph location: \n\tCanvas Product Set\n\tDeleting\n\tCreate a Collection Ads Product Set\n\nContent: \n### Create a Collection Ads Product Set  \nTo create a product set used in Collection ads from a set of products in Dynamic Ads:  \n`curl -F 'canvas_product_set={ \"bottom_padding\": 8, \"max_items\": 50, \"name\": \"Collection Product Set Name\", \"product_set_id\": \"PRODUCT_SET_ID\", \"show_in_feed\": true, \"item_headline\": \"See more at {{product.brand | titleize}}\", \"item_description\": \"{{product.price}}\", \"retailer_item_ids\": [ \"RETAILER_ID_1\", \"RETAILER_ID_2\", \"RETAILER_ID_3\", \"RETAILER_ID_4\", ], \"top_padding\": 24 }' \\ -F 'access_token=ACCESS_TOKEN' \\ https://graph.facebook.com/VERSION/PAGE_ID/canvas_elements`  \n![](https://www.facebook.com/tr?id=675141479195042&ev=PageView&noscript=1)  \n![](https://www.facebook.com/tr?id=574561515946252&ev=PageView&noscript=1)  \n![](https://www.facebook.com/tr?id=1754628768090156&ev=PageView&noscript=1)\n",
        "line_start": 896,
        "line_end": 902
    },
    "83": {
        "content": "Source document: ../data/platform-docs-versions/Facebook_Graph-API/Canvas Endpoint.md\nParagraph location: \n\tResource URL: https://developers.facebook.com/docs/graph-api/reference/canvas-text/\n\nContent: \n# Resource URL: https://developers.facebook.com/docs/graph-api/reference/canvas-text/\n",
        "line_start": 908,
        "line_end": 909
    },
    "84": {
        "content": "Source document: ../data/platform-docs-versions/Facebook_Graph-API/Canvas Endpoint.md\nParagraph location: \n\tCanvas Text\n\tReading\n\nContent: \n# Canvas Text  \n## Reading  \nText element of the canvas\n",
        "line_start": 909,
        "line_end": 912
    },
    "85": {
        "content": "Source document: ../data/platform-docs-versions/Facebook_Graph-API/Canvas Endpoint.md\nParagraph location: \n\tCanvas Text\n\tReading\n\tExample\n\nContent: \n### Example  \nPHP Business SDKcURL  \nuse FacebookAds\\Api;\nuse FacebookAds\\Http\\RequestInterface;  \n$params = array(\n'fields' => array(\n'id',\n'name',\n'rich_text',\n),\n);  \n$data = Api::instance()->call(\n'/' . <CANVAS_TEXT_ID>,\nRequestInterface::METHOD_GET,\n$params)->getContent();  \ncurl -G \\\n--data-urlencode 'fields=[\n\"id\",\n\"name\",\n\"rich_text\"\n]' \\\n-d 'access_token=<ACCESS_TOKEN>' \\\nhttps://graph.facebook.com/v2.11/<CANVAS_TEXT_ID>\n",
        "line_start": 7,
        "line_end": 30
    },
    "86": {
        "content": "Source document: ../data/platform-docs-versions/Facebook_Graph-API/Canvas Endpoint.md\nParagraph location: \n\tCanvas Text\n\tReading\n\tParameters\n\nContent: \n### Parameters  \nThis endpoint doesn't have any parameters.\n",
        "line_start": 68,
        "line_end": 70
    },
    "87": {
        "content": "Source document: ../data/platform-docs-versions/Facebook_Graph-API/Canvas Endpoint.md\nParagraph location: \n\tCanvas Text\n\tReading\n\tFields\n\nContent: \n### Fields  \n| Field | Description |\n| --- | --- |\n| `id`<br><br>numeric string | The id of the element |\n| `background_color`<br><br>string | The color of the background for the element |\n| `bottom_padding`<br><br>numeric string | The padding below the element |\n| `element_group_key`<br><br>string | The element group key to bundle multiple elements in editing |\n| `element_type`<br><br>enum | The type of the element<br><br>[Default](https://developers.facebook.com/docs/graph-api/using-graph-api/#fields) |\n| `font_family`<br><br>string | The font family |\n| `font_size`<br><br>numeric string | The size of the font for the text |\n| `line_height`<br><br>numeric string | The line height of the text |\n| `name`<br><br>string | The name of the element<br><br>[Default](https://developers.facebook.com/docs/graph-api/using-graph-api/#fields) |\n| `rich_text`<br><br>[CanvasRichText](https://developers.facebook.com/docs/graph-api/reference/canvas-rich-text/) | The text content of the element |\n| `text_alignment`<br><br>enum | The alignment of the text |\n| `text_color`<br><br>string | The color of the text |\n| `top_padding`<br><br>numeric string | The padding above the element |\n",
        "line_start": 72,
        "line_end": 88
    },
    "88": {
        "content": "Source document: ../data/platform-docs-versions/Facebook_Graph-API/Canvas Endpoint.md\nParagraph location: \n\tCanvas Text\n\tReading\n\tError Codes\n\nContent: \n### Error Codes  \n| Error | Description |\n| --- | --- |\n| 100 | Invalid parameter |\n",
        "line_start": 109,
        "line_end": 113
    },
    "89": {
        "content": "Source document: ../data/platform-docs-versions/Facebook_Graph-API/Canvas Endpoint.md\nParagraph location: \n\tCanvas Text\n\tCreating\n\nContent: \n## Creating  \nYou can't perform this operation on this endpoint.\n",
        "line_start": 117,
        "line_end": 119
    },
    "90": {
        "content": "Source document: ../data/platform-docs-versions/Facebook_Graph-API/Canvas Endpoint.md\nParagraph location: \n\tCanvas Text\n\tUpdating\n\nContent: \n## Updating  \nYou can't perform this operation on this endpoint.\n",
        "line_start": 121,
        "line_end": 123
    },
    "91": {
        "content": "Source document: ../data/platform-docs-versions/Facebook_Graph-API/Canvas Endpoint.md\nParagraph location: \n\tCanvas Text\n\tDeleting\n\nContent: \n## Deleting  \nYou can delete a\u00a0[CanvasText](https://developers.facebook.com/docs/graph-api/reference/canvas-text/) by making a DELETE request to [`/{canvas_text_id}`](https://developers.facebook.com/docs/graph-api/reference/canvas-text/).\n",
        "line_start": 154,
        "line_end": 156
    },
    "92": {
        "content": "Source document: ../data/platform-docs-versions/Facebook_Graph-API/Canvas Endpoint.md\nParagraph location: \n\tCanvas Text\n\tDeleting\n\tParameters\n\nContent: \n### Parameters  \nThis endpoint doesn't have any parameters.\n",
        "line_start": 68,
        "line_end": 70
    },
    "93": {
        "content": "Source document: ../data/platform-docs-versions/Facebook_Graph-API/Canvas Endpoint.md\nParagraph location: \n\tCanvas Text\n\tDeleting\n\tError Codes\n\nContent: \n### Error Codes  \n| Error | Description |\n| --- | --- |\n| 210 | User not visible |  \n![](https://www.facebook.com/tr?id=675141479195042&ev=PageView&noscript=1)  \n![](https://www.facebook.com/tr?id=574561515946252&ev=PageView&noscript=1)  \n![](https://www.facebook.com/tr?id=1754628768090156&ev=PageView&noscript=1)\n",
        "line_start": 109,
        "line_end": 116
    },
    "94": {
        "content": "Source document: ../data/platform-docs-versions/Facebook_Graph-API/Canvas Endpoint.md\nParagraph location: \n\tResource URL: https://developers.facebook.com/docs/graph-api/reference/canvas-video/\n\nContent: \n# Resource URL: https://developers.facebook.com/docs/graph-api/reference/canvas-video/\n",
        "line_start": 1008,
        "line_end": 1009
    },
    "95": {
        "content": "Source document: ../data/platform-docs-versions/Facebook_Graph-API/Canvas Endpoint.md\nParagraph location: \n\tCanvas Video\n\tReading\n\nContent: \n# Canvas Video  \n## Reading  \nA video inside canvas\n",
        "line_start": 1009,
        "line_end": 1012
    },
    "96": {
        "content": "Source document: ../data/platform-docs-versions/Facebook_Graph-API/Canvas Endpoint.md\nParagraph location: \n\tCanvas Video\n\tReading\n\tExample\n\nContent: \n### Example  \nPHP Business SDKcURL  \nuse FacebookAds\\Api;\nuse FacebookAds\\Http\\RequestInterface;  \n$params = array(\n'fields' => array(\n'id',\n'name',\n'video',\n),\n);  \n$data = Api::instance()->call(\n'/' . <CANVAS_VIDEO_ID>,\nRequestInterface::METHOD_GET,\n$params)->getContent();  \ncurl -G \\\n--data-urlencode 'fields=[\n\"id\",\n\"name\",\n\"video\"\n]' \\\n-d 'access_token=<ACCESS_TOKEN>' \\\nhttps://graph.facebook.com/v2.11/<CANVAS_VIDEO_ID>\n",
        "line_start": 7,
        "line_end": 30
    },
    "97": {
        "content": "Source document: ../data/platform-docs-versions/Facebook_Graph-API/Canvas Endpoint.md\nParagraph location: \n\tCanvas Video\n\tReading\n\tParameters\n\nContent: \n### Parameters  \nThis endpoint doesn't have any parameters.\n",
        "line_start": 68,
        "line_end": 70
    },
    "98": {
        "content": "Source document: ../data/platform-docs-versions/Facebook_Graph-API/Canvas Endpoint.md\nParagraph location: \n\tCanvas Video\n\tReading\n\tFields\n\nContent: \n### Fields  \n| Field | Description |\n| --- | --- |\n| `id`<br><br>numeric string | The id of the element |\n| `bottom_padding`<br><br>numeric string | The padding below the element |\n| `element_group_key`<br><br>string | The element group key to bundle multiple elements in editing |\n| `element_type`<br><br>enum | The type of the element<br><br>[Default](https://developers.facebook.com/docs/graph-api/using-graph-api/#fields) |\n| `name`<br><br>string | The name of the element<br><br>[Default](https://developers.facebook.com/docs/graph-api/using-graph-api/#fields) |\n| `style`<br><br>enum | The presentation style of the video |\n| `top_padding`<br><br>numeric string | The padding above the element |\n| `video`<br><br>[Video](https://developers.facebook.com/docs/graph-api/reference/video/) | The facebook video node |\n",
        "line_start": 72,
        "line_end": 83
    },
    "99": {
        "content": "Source document: ../data/platform-docs-versions/Facebook_Graph-API/Canvas Endpoint.md\nParagraph location: \n\tCanvas Video\n\tReading\n\tError Codes\n\nContent: \n### Error Codes  \n| Error | Description |\n| --- | --- |\n| 80001 | There have been too many calls to this Page account. Wait a bit and try again. For more info, please refer to https://developers.facebook.com/docs/graph-api/overview/rate-limiting. |\n",
        "line_start": 109,
        "line_end": 113
    },
    "100": {
        "content": "Source document: ../data/platform-docs-versions/Facebook_Graph-API/Canvas Endpoint.md\nParagraph location: \n\tCanvas Video\n\tCreating\n\nContent: \n## Creating  \nYou can't perform this operation on this endpoint.\n",
        "line_start": 117,
        "line_end": 119
    },
    "101": {
        "content": "Source document: ../data/platform-docs-versions/Facebook_Graph-API/Canvas Endpoint.md\nParagraph location: \n\tCanvas Video\n\tUpdating\n\nContent: \n## Updating  \nYou can't perform this operation on this endpoint.\n",
        "line_start": 121,
        "line_end": 123
    },
    "102": {
        "content": "Source document: ../data/platform-docs-versions/Facebook_Graph-API/Canvas Endpoint.md\nParagraph location: \n\tCanvas Video\n\tDeleting\n\nContent: \n## Deleting  \nYou can delete a\u00a0[CanvasVideo](https://developers.facebook.com/docs/graph-api/reference/canvas-video/) by making a DELETE request to [`/{canvas_video_id}`](https://developers.facebook.com/docs/graph-api/reference/canvas-video/).\n",
        "line_start": 154,
        "line_end": 156
    },
    "103": {
        "content": "Source document: ../data/platform-docs-versions/Facebook_Graph-API/Canvas Endpoint.md\nParagraph location: \n\tCanvas Video\n\tDeleting\n\tParameters\n\nContent: \n### Parameters  \nThis endpoint doesn't have any parameters.\n",
        "line_start": 68,
        "line_end": 70
    },
    "104": {
        "content": "Source document: ../data/platform-docs-versions/Facebook_Graph-API/Canvas Endpoint.md\nParagraph location: \n\tCanvas Video\n\tDeleting\n\tError Codes\n\nContent: \n### Error Codes  \n| Error | Description |\n| --- | --- |\n| 210 | User not visible |  \n![](https://www.facebook.com/tr?id=675141479195042&ev=PageView&noscript=1)  \n![](https://www.facebook.com/tr?id=574561515946252&ev=PageView&noscript=1)  \n![](https://www.facebook.com/tr?id=1754628768090156&ev=PageView&noscript=1)\n",
        "line_start": 109,
        "line_end": 116
    }
}