{
    "0": {
        "content": "Source document: ../data/platform-docs-versions/Facebook_Graph-API/Cpas advertiser partnership recommendation Endpoint.md\nParagraph location: \n\tResource URL: https://developers.facebook.com/docs/graph-api/reference/cpas-advertiser-partnership-recommendation/\n\nContent: \n# Resource URL: https://developers.facebook.com/docs/graph-api/reference/cpas-advertiser-partnership-recommendation/\n",
        "line_start": 0,
        "line_end": 1
    },
    "1": {
        "content": "Source document: ../data/platform-docs-versions/Facebook_Graph-API/Cpas advertiser partnership recommendation Endpoint.md\nParagraph location: \n\tCPASAdvertiser Partnership Recommendation\n\tReading\n\nContent: \n# CPASAdvertiser Partnership Recommendation  \n## Reading  \nReturns a recommendation of a single retailer for a specific brand. This endpoint returns a retailer-brand pair and an advertiser who can advertise on behalf of the producer.  \nThis endpoint is mainly for Facebook\u2019s Marketing Partners using [Collaborative Ads](https://developers.facebook.com/docs/marketing-api/collaborative-ads).\n",
        "line_start": 1,
        "line_end": 5
    },
    "2": {
        "content": "Source document: ../data/platform-docs-versions/Facebook_Graph-API/Cpas advertiser partnership recommendation Endpoint.md\nParagraph location: \n\tCPASAdvertiser Partnership Recommendation\n\tReading\n\tExample\n\nContent: \n### Example  \nHTTPPHP SDKJavaScript SDKAndroid SDKiOS SDK[Graph API Explorer](https://developers.facebook.com/tools/explorer/?method=GET&path=%7Bcpas-advertiser-partnership-recommendation-id%7D&version=v19.0)  \nGET /v19.0/{cpas-advertiser-partnership-recommendation-id} HTTP/1.1\nHost: graph.facebook.com  \n/* PHP SDK v5.0.0 */\n/* make the API call */\ntry {\n// Returns a `Facebook\\FacebookResponse` object\n$response = $fb->get(\n'/{cpas-advertiser-partnership-recommendation-id}',\n'{access-token}'\n);\n} catch(Facebook\\Exceptions\\FacebookResponseException $e) {\necho 'Graph returned an error: ' . $e->getMessage();\nexit;\n} catch(Facebook\\Exceptions\\FacebookSDKException $e) {\necho 'Facebook SDK returned an error: ' . $e->getMessage();\nexit;\n}\n$graphNode = $response->getGraphNode();\n/* handle the result */  \n/* make the API call */\nFB.api(\n\"/{cpas-advertiser-partnership-recommendation-id}\",\nfunction (response) {\nif (response && !response.error) {\n/* handle the result */\n}\n}\n);  \n/* make the API call */\nnew GraphRequest(\nAccessToken.getCurrentAccessToken(),\n\"/{cpas-advertiser-partnership-recommendation-id}\",\nnull,\nHttpMethod.GET,\nnew GraphRequest.Callback() {\npublic void onCompleted(GraphResponse response) {\n/* handle the result */\n}\n}\n).executeAsync();  \n/* make the API call */\nFBSDKGraphRequest *request = [[FBSDKGraphRequest alloc]\ninitWithGraphPath:@\"/{cpas-advertiser-partnership-recommendation-id}\"\nparameters:params\nHTTPMethod:@\"GET\"];\n[request startWithCompletionHandler:^(FBSDKGraphRequestConnection *connection,\nid result,\nNSError *error) {\n// Handle the result\n}];  \nIf you want to learn how to use the Graph API, read our [Using Graph API guide](https://developers.facebook.com/docs/graph-api/using-graph-api/).\n",
        "line_start": 9,
        "line_end": 62
    },
    "3": {
        "content": "Source document: ../data/platform-docs-versions/Facebook_Graph-API/Cpas advertiser partnership recommendation Endpoint.md\nParagraph location: \n\tCPASAdvertiser Partnership Recommendation\n\tReading\n\tParameters\n\nContent: \n### Parameters  \nThis endpoint doesn't have any parameters.\n",
        "line_start": 70,
        "line_end": 72
    },
    "4": {
        "content": "Source document: ../data/platform-docs-versions/Facebook_Graph-API/Cpas advertiser partnership recommendation Endpoint.md\nParagraph location: \n\tCPASAdvertiser Partnership Recommendation\n\tReading\n\tFields\n\nContent: \n### Fields  \n| Field | Description |\n| --- | --- |\n| `id`<br><br>numeric string | ID of the recommendation object. |\n| `advertiser_business_id`<br><br>numeric string | Recommended advertiser for this partnership. |\n| `brand_business_id`<br><br>numeric string | Recommended brand for this partnership. |\n| `brands`<br><br>list<string> | Brands that can be advertised for in this partnership. |\n| `countries`<br><br>list<string> | Countries in which the partnership could run ads. |\n| `merchant_business_id`<br><br>numeric string | Recommended retailer for this partnership. |\n| `merchant_categories`<br><br>list<string> | Categories associated with the retailer's products. |\n| `status`<br><br>enum | Current status of this recommendation based on actions taken on it. |\n| `status_reason`<br><br>enum | Reason why this recommendation has its current status. |\n",
        "line_start": 74,
        "line_end": 86
    },
    "5": {
        "content": "Source document: ../data/platform-docs-versions/Facebook_Graph-API/Cpas advertiser partnership recommendation Endpoint.md\nParagraph location: \n\tCPASAdvertiser Partnership Recommendation\n\tReading\n\tError Codes\n\nContent: \n### Error Codes  \n| Error | Description |\n| --- | --- |\n| 100 | Invalid parameter |\n",
        "line_start": 88,
        "line_end": 92
    },
    "6": {
        "content": "Source document: ../data/platform-docs-versions/Facebook_Graph-API/Cpas advertiser partnership recommendation Endpoint.md\nParagraph location: \n\tCPASAdvertiser Partnership Recommendation\n\tCreating\n\nContent: \n## Creating  \nYou can't perform this operation on this endpoint.\n",
        "line_start": 94,
        "line_end": 96
    },
    "7": {
        "content": "Source document: ../data/platform-docs-versions/Facebook_Graph-API/Cpas advertiser partnership recommendation Endpoint.md\nParagraph location: \n\tCPASAdvertiser Partnership Recommendation\n\tUpdating\n\nContent: \n## Updating  \nYou can't perform this operation on this endpoint.\n",
        "line_start": 98,
        "line_end": 100
    },
    "8": {
        "content": "Source document: ../data/platform-docs-versions/Facebook_Graph-API/Cpas advertiser partnership recommendation Endpoint.md\nParagraph location: \n\tCPASAdvertiser Partnership Recommendation\n\tDeleting\n\nContent: \n## Deleting  \nYou can't perform this operation on this endpoint.  \n![](https://www.facebook.com/tr?id=675141479195042&ev=PageView&noscript=1)  \n![](https://www.facebook.com/tr?id=574561515946252&ev=PageView&noscript=1)  \n![](https://www.facebook.com/tr?id=1754628768090156&ev=PageView&noscript=1)\n",
        "line_start": 102,
        "line_end": 107
    }
}