{
    "0": {
        "content": "Source document: ../data/platform-docs-versions/Facebook_Graph-API/Graph API Reference.md\nParagraph location: \n\tResource URL: https://developers.facebook.com/docs/graph-api/reference\n\nContent: \n# Resource URL: https://developers.facebook.com/docs/graph-api/reference\n",
        "line_start": 0,
        "line_end": 1
    },
    "1": {
        "content": "Source document: ../data/platform-docs-versions/Facebook_Graph-API/Graph API Reference.md\nParagraph location: \n\tGraph API Reference\n\tGraph API Root Nodes\n\nContent: \n# Graph API Reference  \n### Graph API Root Nodes  \nThis is a full list of the Graph API root nodes. The main difference between a root node and a non-root node is that root nodes can be queried directly, while non-root nodes can be queried via root nodes or edges. If you want to learn how to use the Graph API, read our [Using Graph API guide](https://developers.facebook.com/docs/graph-api/using-graph-api/), and if you want to know which APIs can solve some frequent issues, try our [Common Scenarios guide](https://developers.facebook.com/docs/graph-api/common-scenarios/).  \n| Node | Description |\n| --- | --- |\n| [`Album`](https://developers.facebook.com/docs/graph-api/reference/album) | Get [Fields](#fields) and [Edges](#edges) on an Album. |\n| [`App Link Host`](https://developers.facebook.com/docs/graph-api/reference/app-link-host) | An individual app link host object created by an app |\n| [`Application`](https://developers.facebook.com/docs/graph-api/reference/application) | A Facebook app |\n| [`CPASAdvertiser Partnership Recommendation`](https://developers.facebook.com/docs/graph-api/reference/cpas-advertiser-partnership-recommendation) | Returns a recommendation of a single retailer for a specific brand. This endpoint returns a retailer-brand pair and an advertiser who can advertise on behalf of the producer.<br><br>This endpoint is mainly for Facebook\u2019s Marketing Partners using [Collaborative Ads](https://developers.facebook.com/docs/marketing-api/collaborative-ads). |\n| [`Canvas`](https://developers.facebook.com/docs/graph-api/reference/canvas) | A canvas document |\n| [`Canvas Button`](https://developers.facebook.com/docs/graph-api/reference/canvas-button) | A button inside the canvas |\n| [`Canvas Carousel`](https://developers.facebook.com/docs/graph-api/reference/canvas-carousel) | A carousel inside a canvas |\n| [`Canvas Footer`](https://developers.facebook.com/docs/graph-api/reference/canvas-footer) | A footer of the canvas |\n| [`Canvas Header`](https://developers.facebook.com/docs/graph-api/reference/canvas-header) | A header inside the canvas. |\n| [`Canvas Photo`](https://developers.facebook.com/docs/graph-api/reference/canvas-photo) | A photo inside a canvas |\n| [`Canvas Product List`](https://developers.facebook.com/docs/graph-api/reference/canvas-product-list) | A product list inside the canvas |\n| [`Canvas Product Set`](https://developers.facebook.com/docs/graph-api/reference/canvas-product-set) | A product set inside the canvas |\n| [`Canvas Text`](https://developers.facebook.com/docs/graph-api/reference/canvas-text) | Text element of the canvas |\n| [`Canvas Video`](https://developers.facebook.com/docs/graph-api/reference/canvas-video) | A video inside canvas |\n| [`Collaborative Ads Directory`](https://developers.facebook.com/docs/graph-api/reference/collaborative-ads-directory) | Directory of businesses that use collaborative ads |\n| [`Comment`](https://developers.facebook.com/docs/graph-api/reference/comment) | A comment can be made on various types of content on Facebook. Most Graph API nodes have a /comments edge that lists all the comments on that object. The /comment node returns a single comment. |\n| [`Commerce Merchant Settings`](https://developers.facebook.com/docs/graph-api/reference/commerce-merchant-settings) | Commerce Merchant Settings object |\n| [`Conversation`](https://developers.facebook.com/docs/graph-api/reference/conversation) | Graph API Reference Conversation /conversation |\n| [`Event`](https://developers.facebook.com/docs/graph-api/reference/event) | Get fields and edges on an Event. |\n| [`Games IAPProduct`](https://developers.facebook.com/docs/graph-api/reference/games-iap-product) | An in-app-purchaseable product |\n| [`Group`](https://developers.facebook.com/docs/graph-api/reference/group) | A Facebook group. |\n| [`Group Doc`](https://developers.facebook.com/docs/graph-api/reference/groupdoc) | Graph API Reference Group Doc /group-doc |\n| [`Group Message`](https://developers.facebook.com/docs/graph-api/reference/group-message) | GroupMessage |\n| [`Image Copyright`](https://developers.facebook.com/docs/graph-api/reference/image-copyright) | Represents a copyright on an image asset. |\n| [`Instagram Oembed`](https://developers.facebook.com/docs/graph-api/reference/instagram-oembed) | InstagramOembed |\n| [`Link`](https://developers.facebook.com/docs/graph-api/reference/link) | A link shared on a wall. |\n| [`Live Video`](https://developers.facebook.com/docs/graph-api/reference/live-video) | Get fields and edges on a LiveVideo. |\n| [`Live Video Input Stream`](https://developers.facebook.com/docs/graph-api/reference/live-video-input-stream) | An ingest stream for a live video |\n| [`Mailing Address`](https://developers.facebook.com/docs/graph-api/reference/mailing-address) | A mailing address object |\n| [`Media Fingerprint`](https://developers.facebook.com/docs/graph-api/reference/media-fingerprint) | Media fingerprint |\n| [`Message`](https://developers.facebook.com/docs/graph-api/reference/message) | An individual message in the Facebook messaging system. |\n| [`Milestone`](https://developers.facebook.com/docs/graph-api/reference/milestone) | Graph API Reference Milestone /milestone |\n| [`Object Comments`](https://developers.facebook.com/docs/graph-api/reference/object/comments) | This reference describes the `/comments` edge that is common to multiple Graph API nodes. The structure and operations are the same for each node. |\n| [`Object Likes`](https://developers.facebook.com/docs/graph-api/reference/object/likes) | This reference describes the `/likes` edge that is common to multiple Graph API nodes. The structure and operations are the same for each node. |\n| [`Object Private Replies`](https://developers.facebook.com/docs/graph-api/reference/object/private_replies) | Private replies for an object |\n| [`Object Reactions`](https://developers.facebook.com/docs/graph-api/reference/object/reactions) | First revision to publish |\n| [`Object Sharedposts`](https://developers.facebook.com/docs/graph-api/reference/object/sharedposts) | Graph API Reference /object/sharedposts |\n| [`Oembed Page`](https://developers.facebook.com/docs/graph-api/reference/oembed-page) | OembedPage |\n| [`Oembed Post`](https://developers.facebook.com/docs/graph-api/reference/oembed-post) | OembedPost |\n| [`Oembed Video`](https://developers.facebook.com/docs/graph-api/reference/oembed-video) | OembedVideo |\n| [`Offline Conversion Data Set Upload`](https://developers.facebook.com/docs/graph-api/reference/offline-conversion-data-set-upload) | A subset of Offline Event Data Set |\n| [`Page`](https://developers.facebook.com/docs/graph-api/reference/page) | Get groups a Page is a member of. |\n| [`Page Call To Action`](https://developers.facebook.com/docs/graph-api/reference/page-call-to-action) | Page's call-to-action |\n| [`Page Post`](https://developers.facebook.com/docs/graph-api/reference/page-post) | A Facebook Feed story |\n| [`Page Upcoming Change`](https://developers.facebook.com/docs/graph-api/reference/page-upcoming-change) | Notification of page upcoming changes. |\n| [`Page/insights`](https://developers.facebook.com/docs/graph-api/reference/insights) | This object represents a single Insights metric that is tied to another particular Graph API object (Page, App, Post, etc.). |\n| [`Payment`](https://developers.facebook.com/docs/graph-api/reference/payment) | Graph API Reference Payment /payment |\n| [`Photo`](https://developers.facebook.com/docs/graph-api/reference/photo) | This represents a Photo on Facebook. |\n| [`Place`](https://developers.facebook.com/docs/graph-api/reference/place) | A place |\n| [`Place Topic`](https://developers.facebook.com/docs/graph-api/reference/place-topic) | The category of a place Page |\n| [`Post`](https://developers.facebook.com/docs/graph-api/reference/post) | A Facebook Feed story |\n| [`Profile`](https://developers.facebook.com/docs/graph-api/reference/profile) | Graph API Reference Profile /profile |\n| [`Request`](https://developers.facebook.com/docs/graph-api/reference/request) | Graph API Reference Request /request |\n| [`Test User`](https://developers.facebook.com/docs/graph-api/reference/test-user) | Graph API Reference Test User /test-user |\n| [`Thread`](https://developers.facebook.com/docs/graph-api/reference/thread) | Graph API Reference Thread /thread |\n| [`User`](https://developers.facebook.com/docs/graph-api/reference/user) | Get fields and edges on a User. |\n| [`Video`](https://developers.facebook.com/docs/graph-api/reference/video) | A Video |\n| [`Video Copyright`](https://developers.facebook.com/docs/graph-api/reference/video-copyright) | A video copyright |\n| [`Video List`](https://developers.facebook.com/docs/graph-api/reference/video-list) | A playlist for videos |\n| [`Video Poll`](https://developers.facebook.com/docs/graph-api/reference/video-poll) | Embedded video poll |\n| [`Video Poll Option`](https://developers.facebook.com/docs/graph-api/reference/video-poll-option) | Represents a single poll option that may be selected by the user |\n| [`Whats App Business Account`](https://developers.facebook.com/docs/graph-api/reference/whats-app-business-account) | Returns the account information of a WhatsApp Business Account |\n| [`Whats App Business HSM`](https://developers.facebook.com/docs/graph-api/reference/whats-app-business-hsm) | Retrieves information about the message template |\n",
        "line_start": 1,
        "line_end": 69
    },
    "2": {
        "content": "Source document: ../data/platform-docs-versions/Facebook_Graph-API/Graph API Reference.md\nParagraph location: \n\tGraph API Reference\n\tGraph API Root Edges\n\nContent: \n### Graph API Root Edges  \nRoot edges are edges that can be queried directly. They allow you to access collections of nodes that are not on a parent node.  \n| Node | Description |\n| --- | --- |\n| [`Ads Archive`](https://developers.facebook.com/docs/graph-api/reference/ads_archive/) | Returns archived ads based on your search. |\n| [`Branded Content Search`](https://developers.facebook.com/docs/graph-api/reference/branded_content_search/) | Returns branded content based on your search. By default we only return content that is currently available on Facebook or Instagram, and content that was created on or after August 17, 2023. |\n| [`Debug Token`](https://developers.facebook.com/docs/graph-api/reference/debug_token/) | Metadata about a particular access token |  \n![](https://www.facebook.com/tr?id=675141479195042&ev=PageView&noscript=1)  \n![](https://www.facebook.com/tr?id=574561515946252&ev=PageView&noscript=1)  \n![](https://www.facebook.com/tr?id=1754628768090156&ev=PageView&noscript=1)\n",
        "line_start": 73,
        "line_end": 83
    }
}