{
    "0": {
        "content": "Source document: ../data/platform-docs-versions/Facebook_Graph-API/Groupdoc Endpoint.md\nParagraph location: \n\tResource URL: https://developers.facebook.com/docs/graph-api/reference/v18.0/groupdoc\n\nContent: \n# Resource URL: https://developers.facebook.com/docs/graph-api/reference/v18.0/groupdoc\nThis document refers to an outdated version of Graph API.\u00a0Please [use the latest version.](https://developers.facebook.com/docs/graph-api/reference/v19.0/groupdoc)\n",
        "line_start": 0,
        "line_end": 2
    },
    "1": {
        "content": "Source document: ../data/platform-docs-versions/Facebook_Graph-API/Groupdoc Endpoint.md\nParagraph location: \n\tGroup Doc `/{group-doc-id}`\n\nContent: \n# Group Doc `/{group-doc-id}`  \nRepresents a doc within a Facebook group. The `/{group-doc-id}` node returns a single doc.\n",
        "line_start": 3,
        "line_end": 5
    },
    "2": {
        "content": "Source document: ../data/platform-docs-versions/Facebook_Graph-API/Groupdoc Endpoint.md\nParagraph location: \n\tGroup Doc `/{group-doc-id}`\n\tReading\n\nContent: \n## Reading  \nHTTPPHP SDKJavaScript SDKAndroid SDKiOS SDK[Graph API Explorer](https://developers.facebook.com/tools/explorer/?method=GET&path=%7Bgroup-doc-id%7D&version=v19.0)  \nGET /v19.0/{group-doc-id} HTTP/1.1\nHost: graph.facebook.com  \n/* PHP SDK v5.0.0 */\n/* make the API call */\ntry {\n// Returns a `Facebook\\FacebookResponse` object\n$response = $fb->get(\n'/{group-doc-id}',\n'{access-token}'\n);\n} catch(Facebook\\Exceptions\\FacebookResponseException $e) {\necho 'Graph returned an error: ' . $e->getMessage();\nexit;\n} catch(Facebook\\Exceptions\\FacebookSDKException $e) {\necho 'Facebook SDK returned an error: ' . $e->getMessage();\nexit;\n}\n$graphNode = $response->getGraphNode();\n/* handle the result */  \n/* make the API call */\nFB.api(\n\"/{group-doc-id}\",\nfunction (response) {\nif (response && !response.error) {\n/* handle the result */\n}\n}\n);  \n/* make the API call */\nnew GraphRequest(\nAccessToken.getCurrentAccessToken(),\n\"/{group-doc-id}\",\nnull,\nHttpMethod.GET,\nnew GraphRequest.Callback() {\npublic void onCompleted(GraphResponse response) {\n/* handle the result */\n}\n}\n).executeAsync();  \n/* make the API call */\nFBSDKGraphRequest *request = [[FBSDKGraphRequest alloc]\ninitWithGraphPath:@\"/{group-doc-id}\"\nparameters:params\nHTTPMethod:@\"GET\"];\n[request startWithCompletionHandler:^(FBSDKGraphRequestConnection *connection,\nid result,\nNSError *error) {\n// Handle the result\n}];\n",
        "line_start": 7,
        "line_end": 59
    },
    "3": {
        "content": "Source document: ../data/platform-docs-versions/Facebook_Graph-API/Groupdoc Endpoint.md\nParagraph location: \n\tGroup Doc `/{group-doc-id}`\n\tReading\n\tPermissions\n\nContent: \n### Permissions  \n* Any valid access token if the group is public (i.e. the group's privacy setting is `OPEN`)\n",
        "line_start": 66,
        "line_end": 68
    },
    "4": {
        "content": "Source document: ../data/platform-docs-versions/Facebook_Graph-API/Groupdoc Endpoint.md\nParagraph location: \n\tGroup Doc `/{group-doc-id}`\n\tReading\n\tFields\n\nContent: \n### Fields  \n| Property Name | Description | Type |\n| --- | --- | --- |\n| `id` | The group doc ID. | `string` |\n| `from` | The profile that created this doc. | [`User`](https://developers.facebook.com/docs/graph-api/reference/user/)`\\|`[`Page`](https://developers.facebook.com/docs/graph-api/reference/page/) |\n| `subject` | The title of the doc. | `string` |\n| `message` | The body of the doc. This string will contain HTML for any formatting in the doc, and will be HTML encoded. | `string` |\n| `icon` | The URL for the doc's icon | `string` |\n| `created_time` | When the doc was created. | `datetime` |\n| `updated_time` | The last time the doc was changed. | `datetime` |\n| `revision` | An ID representing the current doc revision. | `int` |\n| `can_edit` | Whether the session user can edit this doc. | `boolean` |\n| `can_delete` | Whether the session user can delete this doc (on Facebook.com). | `boolean` |\n| `embedded_urls` | URLs for document embeds | `[string]` |\n",
        "line_start": 71,
        "line_end": 85
    },
    "5": {
        "content": "Source document: ../data/platform-docs-versions/Facebook_Graph-API/Groupdoc Endpoint.md\nParagraph location: \n\tGroup Doc `/{group-doc-id}`\n\tPublishing\n\nContent: \n## Publishing  \nYou cannot create docs via the Graph API.\n",
        "line_start": 87,
        "line_end": 89
    },
    "6": {
        "content": "Source document: ../data/platform-docs-versions/Facebook_Graph-API/Groupdoc Endpoint.md\nParagraph location: \n\tGroup Doc `/{group-doc-id}`\n\tDeleting\n\nContent: \n## Deleting  \nYou cannot delete docs via the Graph API.\n",
        "line_start": 91,
        "line_end": 93
    },
    "7": {
        "content": "Source document: ../data/platform-docs-versions/Facebook_Graph-API/Groupdoc Endpoint.md\nParagraph location: \n\tGroup Doc `/{group-doc-id}`\n\tUpdating\n\nContent: \n## Updating  \nYou cannot update docs via the Graph API.  \n![](https://www.facebook.com/tr?id=675141479195042&ev=PageView&noscript=1)  \n![](https://www.facebook.com/tr?id=574561515946252&ev=PageView&noscript=1)  \n![](https://www.facebook.com/tr?id=1754628768090156&ev=PageView&noscript=1)\n",
        "line_start": 95,
        "line_end": 100
    }
}