{
    "0": {
        "content": "Source document: ../data/platform-docs-versions/Facebook_Graph-API/Live video input stream Endpoint.md\nParagraph location: \n\tResource URL: https://developers.facebook.com/docs/graph-api/reference/live-video-input-stream/\n\nContent: \n# Resource URL: https://developers.facebook.com/docs/graph-api/reference/live-video-input-stream/\n",
        "line_start": 0,
        "line_end": 1
    },
    "1": {
        "content": "Source document: ../data/platform-docs-versions/Facebook_Graph-API/Live video input stream Endpoint.md\nParagraph location: \n\tLive Video Input Stream\n\nContent: \n# Live Video Input Stream  \nRepresents a live video broadcast ingest stream.\n",
        "line_start": 1,
        "line_end": 3
    },
    "2": {
        "content": "Source document: ../data/platform-docs-versions/Facebook_Graph-API/Live video input stream Endpoint.md\nParagraph location: \n\tLive Video Input Stream\n\tReading\n\tExample\n\nContent: \n### Example  \nHTTPPHP SDKJavaScript SDKAndroid SDKiOS SDK[Graph API Explorer](https://developers.facebook.com/tools/explorer/?method=GET&path=%7Blive-video-input-stream-id%7D&version=v19.0)  \nGET /v19.0/{live-video-input-stream-id} HTTP/1.1\nHost: graph.facebook.com  \n/* PHP SDK v5.0.0 */\n/* make the API call */\ntry {\n// Returns a `Facebook\\FacebookResponse` object\n$response = $fb->get(\n'/{live-video-input-stream-id}',\n'{access-token}'\n);\n} catch(Facebook\\Exceptions\\FacebookResponseException $e) {\necho 'Graph returned an error: ' . $e->getMessage();\nexit;\n} catch(Facebook\\Exceptions\\FacebookSDKException $e) {\necho 'Facebook SDK returned an error: ' . $e->getMessage();\nexit;\n}\n$graphNode = $response->getGraphNode();\n/* handle the result */  \n/* make the API call */\nFB.api(\n\"/{live-video-input-stream-id}\",\nfunction (response) {\nif (response && !response.error) {\n/* handle the result */\n}\n}\n);  \n/* make the API call */\nnew GraphRequest(\nAccessToken.getCurrentAccessToken(),\n\"/{live-video-input-stream-id}\",\nnull,\nHttpMethod.GET,\nnew GraphRequest.Callback() {\npublic void onCompleted(GraphResponse response) {\n/* handle the result */\n}\n}\n).executeAsync();  \n/* make the API call */\nFBSDKGraphRequest *request = [[FBSDKGraphRequest alloc]\ninitWithGraphPath:@\"/{live-video-input-stream-id}\"\nparameters:params\nHTTPMethod:@\"GET\"];\n[request startWithCompletionHandler:^(FBSDKGraphRequestConnection *connection,\nid result,\nNSError *error) {\n// Handle the result\n}];  \nIf you want to learn how to use the Graph API, read our [Using Graph API guide](https://developers.facebook.com/docs/graph-api/using-graph-api/).\n",
        "line_start": 9,
        "line_end": 62
    },
    "3": {
        "content": "Source document: ../data/platform-docs-versions/Facebook_Graph-API/Live video input stream Endpoint.md\nParagraph location: \n\tLive Video Input Stream\n\tReading\n\tParameters\n\nContent: \n### Parameters  \n| Parameter | Description |\n| --- | --- |\n| `target_token`<br><br>string | A target token recently returned by the speed test API |\n",
        "line_start": 70,
        "line_end": 74
    },
    "4": {
        "content": "Source document: ../data/platform-docs-versions/Facebook_Graph-API/Live video input stream Endpoint.md\nParagraph location: \n\tLive Video Input Stream\n\tReading\n\tFields\n\nContent: \n### Fields  \n| Field | Description |\n| --- | --- |\n| `id`<br><br>numeric string | The ID of the input stream |\n| `dash_ingest_url`<br><br>string | The dash ingest stream URL of this stream<br><br>[Default](https://developers.facebook.com/docs/graph-api/using-graph-api/#fields) |\n| `dash_preview_url`<br><br>string | Preview URL for input to use with dash player<br><br>[Default](https://developers.facebook.com/docs/graph-api/using-graph-api/#fields) |\n| `is_master`<br><br>bool | Set to true if this is input is being served to viewers<br><br>[Default](https://developers.facebook.com/docs/graph-api/using-graph-api/#fields) |\n| `secure_stream_url`<br><br>string | The RTMPS URL for this stream<br><br>[Default](https://developers.facebook.com/docs/graph-api/using-graph-api/#fields) |\n| `stream_health`<br><br>LiveVideoStreamHealth | Parameters indicating the input stream health<br><br>[Default](https://developers.facebook.com/docs/graph-api/using-graph-api/#fields) |\n| `stream_id`<br><br>numeric string | 0-indexed ID for this ingest stream<br><br>[Default](https://developers.facebook.com/docs/graph-api/using-graph-api/#fields) |\n| `stream_url`<br><br>string | The ingest RTMP URL for this stream<br><br>[Default](https://developers.facebook.com/docs/graph-api/using-graph-api/#fields) |\n",
        "line_start": 76,
        "line_end": 87
    },
    "5": {
        "content": "Source document: ../data/platform-docs-versions/Facebook_Graph-API/Live video input stream Endpoint.md\nParagraph location: \n\tLive Video Input Stream\n\tReading\n\tError Codes\n\nContent: \n### Error Codes  \n| Error | Description |\n| --- | --- |\n| 100 | Invalid parameter |\n",
        "line_start": 89,
        "line_end": 93
    },
    "6": {
        "content": "Source document: ../data/platform-docs-versions/Facebook_Graph-API/Live video input stream Endpoint.md\nParagraph location: \n\tLive Video Input Stream\n\tCreating\n\nContent: \n## Creating  \nYou can make a POST request to `input_streams` edge from the following paths:  \n* [`/{live_video_id}/input_streams`](https://developers.facebook.com/docs/graph-api/reference/live-video/input_streams/)  \nWhen posting to this edge, a\u00a0[LiveVideoInputStream](https://developers.facebook.com/docs/graph-api/reference/live-video-input-stream/) will be created.\n",
        "line_start": 95,
        "line_end": 99
    },
    "7": {
        "content": "Source document: ../data/platform-docs-versions/Facebook_Graph-API/Live video input stream Endpoint.md\nParagraph location: \n\tLive Video Input Stream\n\tCreating\n\tParameters\n\nContent: \n### Parameters  \nThis endpoint doesn't have any parameters.\n",
        "line_start": 70,
        "line_end": 72
    },
    "8": {
        "content": "Source document: ../data/platform-docs-versions/Facebook_Graph-API/Live video input stream Endpoint.md\nParagraph location: \n\tLive Video Input Stream\n\tCreating\n\tReturn Type\n\nContent: \n### Return Type  \nThis endpoint supports [read-after-write](https://developers.facebook.com/docs/graph-api/advanced/#read-after-write) and will read the node represented by `id` in the return type.  \nStruct {  \n`id`: numeric string,  \n}\n",
        "line_start": 107,
        "line_end": 112
    },
    "9": {
        "content": "Source document: ../data/platform-docs-versions/Facebook_Graph-API/Live video input stream Endpoint.md\nParagraph location: \n\tLive Video Input Stream\n\tCreating\n\tError Codes\n\nContent: \n### Error Codes  \n| Error | Description |\n| --- | --- |\n| 200 | Permissions error |\n",
        "line_start": 89,
        "line_end": 93
    },
    "10": {
        "content": "Source document: ../data/platform-docs-versions/Facebook_Graph-API/Live video input stream Endpoint.md\nParagraph location: \n\tLive Video Input Stream\n\tUpdating\n\nContent: \n## Updating  \nYou can't perform this operation on this endpoint.\n",
        "line_start": 123,
        "line_end": 125
    },
    "11": {
        "content": "Source document: ../data/platform-docs-versions/Facebook_Graph-API/Live video input stream Endpoint.md\nParagraph location: \n\tLive Video Input Stream\n\tDeleting\n\nContent: \n## Deleting  \nYou can't perform this operation on this endpoint.  \n![](https://www.facebook.com/tr?id=675141479195042&ev=PageView&noscript=1)  \n![](https://www.facebook.com/tr?id=574561515946252&ev=PageView&noscript=1)  \n![](https://www.facebook.com/tr?id=1754628768090156&ev=PageView&noscript=1)\n",
        "line_start": 127,
        "line_end": 132
    }
}