{
    "0": {
        "content": "Source document: ../data/platform-docs-versions/Facebook_Graph-API/Milestone Endpoint.md\nParagraph location: \n\tResource URL: https://developers.facebook.com/docs/graph-api/reference/v18.0/milestone\n\nContent: \n# Resource URL: https://developers.facebook.com/docs/graph-api/reference/v18.0/milestone\nThis document refers to an outdated version of Graph API.\u00a0Please [use the latest version.](https://developers.facebook.com/docs/graph-api/reference/v19.0/milestone)\n",
        "line_start": 0,
        "line_end": 2
    },
    "1": {
        "content": "Source document: ../data/platform-docs-versions/Facebook_Graph-API/Milestone Endpoint.md\nParagraph location: \n\tMilestone `/{milestone-id}`\n\nContent: \n# Milestone `/{milestone-id}`  \nThis represents a milestone on a Facebook Page.\n",
        "line_start": 3,
        "line_end": 5
    },
    "2": {
        "content": "Source document: ../data/platform-docs-versions/Facebook_Graph-API/Milestone Endpoint.md\nParagraph location: \n\tMilestone `/{milestone-id}`\n\tRelated Guides\n\nContent: \n### Related Guides  \n* [Adding Milestones to Pages using the Graph API](https://developers.facebook.com/docs/graph-api/reference/page/milestones/)\n",
        "line_start": 7,
        "line_end": 9
    },
    "3": {
        "content": "Source document: ../data/platform-docs-versions/Facebook_Graph-API/Milestone Endpoint.md\nParagraph location: \n\tMilestone `/{milestone-id}`\n\tReading\n\nContent: \n## Reading  \nHTTPPHP SDKJavaScript SDKAndroid SDKiOS SDK[Graph API Explorer](https://developers.facebook.com/tools/explorer/?method=GET&path=%7Bmilestone-id%7D&version=v19.0)  \nGET /v19.0/{milestone-id} HTTP/1.1\nHost: graph.facebook.com  \n/* PHP SDK v5.0.0 */\n/* make the API call */\ntry {\n// Returns a `Facebook\\FacebookResponse` object\n$response = $fb->get(\n'/{milestone-id}',\n'{access-token}'\n);\n} catch(Facebook\\Exceptions\\FacebookResponseException $e) {\necho 'Graph returned an error: ' . $e->getMessage();\nexit;\n} catch(Facebook\\Exceptions\\FacebookSDKException $e) {\necho 'Facebook SDK returned an error: ' . $e->getMessage();\nexit;\n}\n$graphNode = $response->getGraphNode();\n/* handle the result */  \n/* make the API call */\nFB.api(\n\"/{milestone-id}\",\nfunction (response) {\nif (response && !response.error) {\n/* handle the result */\n}\n}\n);  \n/* make the API call */\nnew GraphRequest(\nAccessToken.getCurrentAccessToken(),\n\"/{milestone-id}\",\nnull,\nHttpMethod.GET,\nnew GraphRequest.Callback() {\npublic void onCompleted(GraphResponse response) {\n/* handle the result */\n}\n}\n).executeAsync();  \n/* make the API call */\nFBSDKGraphRequest *request = [[FBSDKGraphRequest alloc]\ninitWithGraphPath:@\"/{milestone-id}\"\nparameters:params\nHTTPMethod:@\"GET\"];\n[request startWithCompletionHandler:^(FBSDKGraphRequestConnection *connection,\nid result,\nNSError *error) {\n// Handle the result\n}];\n",
        "line_start": 12,
        "line_end": 64
    },
    "4": {
        "content": "Source document: ../data/platform-docs-versions/Facebook_Graph-API/Milestone Endpoint.md\nParagraph location: \n\tMilestone `/{milestone-id}`\n\tReading\n\tPermissions\n\nContent: \n### Permissions  \nTo view publicly shared milestones of any Page, you will need:  \n* A valid app or user access token  \n* The [Public Page Content Access feature](https://developers.facebook.com/docs/pages/overview-1#features)  \nTo view milestones of Pages you manage, you will need:  \n* A Page access token  \n* The [`pages_read_engagement` permission](https://developers.facebook.com/permissions)\n",
        "line_start": 71,
        "line_end": 78
    },
    "5": {
        "content": "Source document: ../data/platform-docs-versions/Facebook_Graph-API/Milestone Endpoint.md\nParagraph location: \n\tMilestone `/{milestone-id}`\n\tReading\n\tFields\n\nContent: \n### Fields  \n| Name | Description | Type |\n| --- | --- | --- |\n| `id` | The ID of a milestone event | `string` |\n| `title` | The title of the milestone | `string` |\n| `from` | The Page that posted the milestone. | [`Page`](https://developers.facebook.com/docs/graph-api/reference/page/) |\n| `description` | The description of the milestone | `string` |\n| `created_time` | The creation time of the milestone | `datetime` |\n| `updated_time` | The update time of the milestone | `datetime` |\n| `start_time` | The start time of the milestone | `datetime` |\n| `end_time` | The end time of the milestone. Page milestones have the same start and end time | `datetime` |\n",
        "line_start": 87,
        "line_end": 98
    },
    "6": {
        "content": "Source document: ../data/platform-docs-versions/Facebook_Graph-API/Milestone Endpoint.md\nParagraph location: \n\tMilestone `/{milestone-id}`\n\tCreating\n\nContent: \n## Creating  \nYou can't perform this operation on this endpoint.  \nUse the [`/{page-id}/milestones`](https://developers.facebook.com/docs/graph-api/reference/page/milestones/) endpoint to create new milestones for a Page.\n",
        "line_start": 100,
        "line_end": 103
    },
    "7": {
        "content": "Source document: ../data/platform-docs-versions/Facebook_Graph-API/Milestone Endpoint.md\nParagraph location: \n\tMilestone `/{milestone-id}`\n\tDeleting\n\tPermissions\n\nContent: \n## Deleting  \n### Permissions  \nTo delete a milestone of Pages you manage, you will need:  \n* A Page access token  \n* The [`pages_manage_posts` permission](https://developers.facebook.com/docs/pages/overview-1#permissions)  \nHTTPPHP SDKJavaScript SDKAndroid SDKiOS SDK  \nDELETE /v19.0/{milestone-id} HTTP/1.1\nHost: graph.facebook.com  \n/* PHP SDK v5.0.0 */\n/* make the API call */\ntry {\n// Returns a `Facebook\\FacebookResponse` object\n$response = $fb->delete(\n'/{milestone-id}',\narray (),\n'{access-token}'\n);\n} catch(Facebook\\Exceptions\\FacebookResponseException $e) {\necho 'Graph returned an error: ' . $e->getMessage();\nexit;\n} catch(Facebook\\Exceptions\\FacebookSDKException $e) {\necho 'Facebook SDK returned an error: ' . $e->getMessage();\nexit;\n}\n$graphNode = $response->getGraphNode();\n/* handle the result */  \n/* make the API call */\nFB.api(\n\"/{milestone-id}\",\n\"DELETE\",\nfunction (response) {\nif (response && !response.error) {\n/* handle the result */\n}\n}\n);  \n/* make the API call */\nnew GraphRequest(\nAccessToken.getCurrentAccessToken(),\n\"/{milestone-id}\",\nnull,\nHttpMethod.DELETE,\nnew GraphRequest.Callback() {\npublic void onCompleted(GraphResponse response) {\n/* handle the result */\n}\n}\n).executeAsync();  \n/* make the API call */\nFBSDKGraphRequest *request = [[FBSDKGraphRequest alloc]\ninitWithGraphPath:@\"/{milestone-id}\"\nparameters:params\nHTTPMethod:@\"DELETE\"];\n[request startWithCompletionHandler:^(FBSDKGraphRequestConnection *connection,\nid result,\nNSError *error) {\n// Handle the result\n}];\n",
        "line_start": 106,
        "line_end": 164
    },
    "8": {
        "content": "Source document: ../data/platform-docs-versions/Facebook_Graph-API/Milestone Endpoint.md\nParagraph location: \n\tMilestone `/{milestone-id}`\n\tDeleting\n\tResponse\n\nContent: \n### Response  \nIf successful:  \n{\n\"success\": true\n}  \nOtherwise a relevant error message will be returned.\n",
        "line_start": 180,
        "line_end": 186
    },
    "9": {
        "content": "Source document: ../data/platform-docs-versions/Facebook_Graph-API/Milestone Endpoint.md\nParagraph location: \n\tMilestone `/{milestone-id}`\n\tUpdating\n\tPermissions\n\nContent: \n## Updating  \n### Permissions  \nYou can't perform this operation on this endpoint.\n",
        "line_start": 190,
        "line_end": 193
    },
    "10": {
        "content": "Source document: ../data/platform-docs-versions/Facebook_Graph-API/Milestone Endpoint.md\nParagraph location: \n\tMilestone `/{milestone-id}`\n\tEdges\n\nContent: \n## Edges  \n| Name | Description |\n| --- | --- |\n| [`/likes`](https://developers.facebook.com/docs/graph-api/reference/object/likes) | A list of the likes. |\n| [`/comments`](https://developers.facebook.com/docs/graph-api/reference/object/comments) | A list of the comments. |  \n![](https://www.facebook.com/tr?id=675141479195042&ev=PageView&noscript=1)  \n![](https://www.facebook.com/tr?id=574561515946252&ev=PageView&noscript=1)  \n![](https://www.facebook.com/tr?id=1754628768090156&ev=PageView&noscript=1)\n",
        "line_start": 196,
        "line_end": 204
    }
}