{
    "0": {
        "content": "Source document: ../data/platform-docs-versions/Facebook_Graph-API/Permissions Reference.md\nParagraph location: \n\tResource URL: https://developers.facebook.com/docs/permissions\n\nContent: \n# Resource URL: https://developers.facebook.com/docs/permissions\n",
        "line_start": 0,
        "line_end": 1
    },
    "1": {
        "content": "Source document: ../data/platform-docs-versions/Facebook_Graph-API/Permissions Reference.md\nParagraph location: \n\tPermissions Reference for Meta Technologies APIs\n\nContent: \n# Permissions Reference for Meta Technologies APIs  \nPermissions are a form of granular, user-granted Graph API authorization. Before your app can use an endpoint to access an app user's data, the app user must grant your app all permissions required by that endpoint.  \nStarting on or after October 27, 2023, if your app requests permission to use an endpoint to access an app user\u2019s data, you may need to complete [data handling questions](https://developers.facebook.com/docs/development/release/data-handling-questions/questions-preview). See this [blog post](https://developers.facebook.com/blog/post/2023/04/05/data-handling-questions/) and [FAQs](https://developers.facebook.com/docs/development/release/data-handling-questions/faqs) for more information.  \nBeginning September 5, some developers may also be required to answer data handling questions during their annual [Data Use Checkup](https://developers.facebook.com/docs/development/maintaining-data-access/data-use-checkup).  \nYou may also use any permission granted to your app to request analytics insights to improve your app and for marketing or advertising purposes, through the use of aggregated and de-identified or anonymized information (provided such data cannot be re-identified).\n",
        "line_start": 1,
        "line_end": 6
    },
    "2": {
        "content": "Source document: ../data/platform-docs-versions/Facebook_Graph-API/Permissions Reference.md\nParagraph location: \n\tPermissions Reference for Meta Technologies APIs\n\tRequirements\n\nContent: \n### Requirements  \n* [App Review ![](https://scontent-cdg4-2.xx.fbcdn.net/v/t39.2365-6/310307727_3347317042262105_1088877051262827250_n.png?_nc_cat=107&ccb=1-7&_nc_sid=e280be&_nc_ohc=6zzb9-5bY8QAX_nY52g&_nc_ht=scontent-cdg4-2.xx&oh=00_AfBRGSoDbMfUe1dC6xxUblU-wz3raGSpfpjPYKA-ck1AaA&oe=65D572A2)](https://developers.facebook.com/docs/app-review) is required for **all permissions** except for `email` and `public_profile` if your app needs access to data that you do not own or manage  \n* [Business Verification ![](https://scontent-cdg4-2.xx.fbcdn.net/v/t39.2365-6/310307727_3347317042262105_1088877051262827250_n.png?_nc_cat=107&ccb=1-7&_nc_sid=e280be&_nc_ohc=6zzb9-5bY8QAX_nY52g&_nc_ht=scontent-cdg4-2.xx&oh=00_AfBRGSoDbMfUe1dC6xxUblU-wz3raGSpfpjPYKA-ck1AaA&oe=65D572A2)](https://developers.facebook.com/docs/development/release/business-verification) is required for all apps making requests for [Advanced Access ![](https://scontent-cdg4-2.xx.fbcdn.net/v/t39.2365-6/310307727_3347317042262105_1088877051262827250_n.png?_nc_cat=107&ccb=1-7&_nc_sid=e280be&_nc_ohc=6zzb9-5bY8QAX_nY52g&_nc_ht=scontent-cdg4-2.xx&oh=00_AfBRGSoDbMfUe1dC6xxUblU-wz3raGSpfpjPYKA-ck1AaA&oe=65D572A2)](https://developers.facebook.com/docs/graph-api/overview/access-levels/#advanced-access)  \n* Only select permissions that your app needs to function as intended. Selecting unneeded permissions is a common reason for rejection during app review\n",
        "line_start": 11,
        "line_end": 15
    },
    "3": {
        "content": "Source document: ../data/platform-docs-versions/Facebook_Graph-API/Permissions Reference.md\nParagraph location: \n\tPermissions Reference for Meta Technologies APIs\n\tWays to ask for a permission\n\nContent: \n### Ways to ask for a permission  \nWhen users log onto your app, they receive a request to grant the permissions your app has requested. Users can grant or deny the requested permissions or any subset of them.  \n* [Facebook Login ![](https://scontent-cdg4-2.xx.fbcdn.net/v/t39.2365-6/310307727_3347317042262105_1088877051262827250_n.png?_nc_cat=107&ccb=1-7&_nc_sid=e280be&_nc_ohc=6zzb9-5bY8QAX_nY52g&_nc_ht=scontent-cdg4-2.xx&oh=00_AfBRGSoDbMfUe1dC6xxUblU-wz3raGSpfpjPYKA-ck1AaA&oe=65D572A2)](https://developers.facebook.com/docs/facebook-login)  \n* [Facebook Login for Business ![](https://scontent-cdg4-2.xx.fbcdn.net/v/t39.2365-6/310307727_3347317042262105_1088877051262827250_n.png?_nc_cat=107&ccb=1-7&_nc_sid=e280be&_nc_ohc=6zzb9-5bY8QAX_nY52g&_nc_ht=scontent-cdg4-2.xx&oh=00_AfBRGSoDbMfUe1dC6xxUblU-wz3raGSpfpjPYKA-ck1AaA&oe=65D572A2)](https://developers.facebook.com/docs/facebook-login/facebook-login-for-business/)  \n* [Business Login for Instagram ![](https://scontent-cdg4-2.xx.fbcdn.net/v/t39.2365-6/310307727_3347317042262105_1088877051262827250_n.png?_nc_cat=107&ccb=1-7&_nc_sid=e280be&_nc_ohc=6zzb9-5bY8QAX_nY52g&_nc_ht=scontent-cdg4-2.xx&oh=00_AfBRGSoDbMfUe1dC6xxUblU-wz3raGSpfpjPYKA-ck1AaA&oe=65D572A2)](https://developers.facebook.com/docs/instagram/business-login-for-instagram)  \n* [Meta Business Manager ![](https://scontent-cdg4-2.xx.fbcdn.net/v/t39.2365-6/310307727_3347317042262105_1088877051262827250_n.png?_nc_cat=107&ccb=1-7&_nc_sid=e280be&_nc_ohc=6zzb9-5bY8QAX_nY52g&_nc_ht=scontent-cdg4-2.xx&oh=00_AfBRGSoDbMfUe1dC6xxUblU-wz3raGSpfpjPYKA-ck1AaA&oe=65D572A2)](https://developers.facebook.com/docs/business-manager-api)  \nIf your app does not use a permission for 90 days, usually due to user inactivity, the app user must regrant your app that permission.\n",
        "line_start": 20,
        "line_end": 27
    },
    "4": {
        "content": "Source document: ../data/platform-docs-versions/Facebook_Graph-API/Permissions Reference.md\nParagraph location: \n\tPermissions Reference for Meta Technologies APIs\n\tRemove a permission\n\nContent: \n### Remove a permission  \nYou can use the app dashboard to remove a permission your app no longer uses or to remove a permission that has been deprecated.\n",
        "line_start": 35,
        "line_end": 37
    },
    "5": {
        "content": "Source document: ../data/platform-docs-versions/Facebook_Graph-API/Permissions Reference.md\nParagraph location: \n\tPermissions Reference for Meta Technologies APIs\n\tA\n\nContent: \n## A  \n| Permission | Description |\n| --- | --- |\n| [](#)<br><br>`ads_management` | The **ads\\_management** permission allows your app to both read and manage the Ads account it owns, or has been granted access to, by the Ad account owner.<br><br>_**Allowed Usage**_<br><br>* Programmatically create campaigns, manage ads, and fetch metrics.<br>    <br>* Build ad management tools that provide innovative solutions and differentiated value for advertisers. |\n| [](#)<br><br>`ads_read` | The **ads\\_read** permission allows your app to access the [Ads Insights API](https://developers.facebook.com/docs/marketing-api/read-access-onboarding) to pull Ads report information for Ad accounts you own or have been granted access to by the owner or owners of other ad accounts through this permission. This permissions also grants your app access to the [Server-Side API](https://developers.facebook.com/docs/marketing-api/facebook-pixel/server-side-api) to allow advertisers to send web events from their servers directly to Facebook.<br><br>_**Allowed Usage**_<br><br>* Provide API access to your ad performance data for use in custom dashboards and data analytics.<br>    <br>* Send web events from your server directly to Facebook. |\n| [](#)<br><br>`attribution_read` | The **attribution\\_read** permission grants your app access to the Attribution API to pull attribution report data for lines of business you own or have been granted access to by the owner or owners of other lines of business.<br><br>_**Allowed Usage**_<br><br>* Provides the ability for your app to access ads performance data from Attribution for use in custom dashboards and data analytics. |\n",
        "line_start": 39,
        "line_end": 45
    },
    "6": {
        "content": "Source document: ../data/platform-docs-versions/Facebook_Graph-API/Permissions Reference.md\nParagraph location: \n\tPermissions Reference for Meta Technologies APIs\n\tB\n\nContent: \n## B  \n| Permission | Description |\n| --- | --- |\n| [](#)<br><br>`business_management` | The **business\\_management** permission allows your app to read and write with the Business Manager API.<br><br>_**Allowed Usage**_<br><br>* Manage business assets such as an ad account.<br>    <br>* Claim ad accounts. |\n",
        "line_start": 47,
        "line_end": 51
    },
    "7": {
        "content": "Source document: ../data/platform-docs-versions/Facebook_Graph-API/Permissions Reference.md\nParagraph location: \n\tPermissions Reference for Meta Technologies APIs\n\tC\n\nContent: \n## C  \n| Permission | Description |\n| --- | --- |\n| [](#)<br><br>`catalog_management` | The **catalog\\_management** permission allows your app to create, read, update and delete business-owned product catalogs that the user is an admin of.<br><br>_**Allowed Usage**_<br><br>* Build commerce-related solutions like ecommerce platforms, travel platforms and dynamic ads.<br>    <br>* Build inventory type management solutions like product inventory, hotel inventory or car inventory. |\n",
        "line_start": 53,
        "line_end": 57
    },
    "8": {
        "content": "Source document: ../data/platform-docs-versions/Facebook_Graph-API/Permissions Reference.md\nParagraph location: \n\tPermissions Reference for Meta Technologies APIs\n\tE\n\nContent: \n## E  \n| Permission | Description |\n| --- | --- |\n| [](#)<br><br>`email` | The **email** permission allows your app to read a person's primary email address.<br><br>_**Allowed Usage**_<br><br>* Communicating with people and letting them log into your app with the email address associated with their Facebook profile. |\n",
        "line_start": 59,
        "line_end": 63
    },
    "9": {
        "content": "Source document: ../data/platform-docs-versions/Facebook_Graph-API/Permissions Reference.md\nParagraph location: \n\tPermissions Reference for Meta Technologies APIs\n\tG\n\nContent: \n## G  \n| Permission | Description |\n| --- | --- |\n| [](#)<br><br>`gaming_user_locale` | The **gaming\\_user\\_locale** permission allows your app to get a user's preferred language while the user plays a game on Facebook (for example, Instant Games or Cloud Gaming).<br><br>_**Allowed Usage**_<br><br>* Display a game interface in the user's preferred language. |\n| [](#)<br><br>`groups_access_member_info` | _Deprecated for v19.0. Will be removed for all version April 22, 2024._<br><br>  <br>The **groups\\_access\\_member\\_info** permission allows your app to read publicly available group member information like name and ID if the post author has granted your app access.<br><br>_**Allowed Usage**_<br><br>* Allow apps to get content posted in their group with user details.<br>    <br>* Help admins get aggregated insights about activity happening in their group. |\n",
        "line_start": 65,
        "line_end": 70
    },
    "10": {
        "content": "Source document: ../data/platform-docs-versions/Facebook_Graph-API/Permissions Reference.md\nParagraph location: \n\tPermissions Reference for Meta Technologies APIs\n\tI\n\nContent: \n## I  \n| Permission | Description |\n| --- | --- |\n| [](#)<br><br>`instagram_basic` | The **instagram\\_basic** permission allows your app to read an Instagram account profile's info and media.<br><br>_**Allowed Usage**_<br><br>* Get basic metadata of an Instagram Business account profile, for example username and ID. |\n| [](#)<br><br>`instagram_content_publish` | The **instagram\\_content\\_publish** permission allows your app to create organic feed photo and video posts on behalf of a business user.<br><br>_**Allowed Usage**_<br><br>* Managing organic content creation process for Instagram (for example, post photos and videos to main feed) on behalf of a business. |\n| [](#)<br><br>`instagram_graph_user_media` | The **instagram\\_graph\\_user\\_media** permission allows your app to read the Media node, which represents an image, video, or album and the node\u2019s edges.<br><br>_**Allowed Usage**_<br><br>* Creating physical or digital books from the app user's photos, including exporting photos for printing.<br>    <br>* Displaying the app users photos to other app users within the app, for example with social or dating apps.<br>    <br>* Editing or creating new photos or videos based on the app user's existing photos and videos, (e.g. for photo or video Editing Apps).<br>    <br>* Displaying the app user's photos and videos in an external device such as a TV or digital photo frame. |\n| [](#)<br><br>`instagram_graph_user_profile` | The **instagram\\_graph\\_user\\_profile** permission allows your app to read the app user's profile.<br><br>_**Allowed Usage**_<br><br>* Read fields in an Instagram [user profile](https://developers.facebook.com/docs/instagram-basic-display-api/reference/user), for example user ID and account type. |\n| [](#)<br><br>`instagram_manage_comments` | The **instagram\\_manage\\_comments** permission allows your app to create, delete and hide comments on behalf of the Instagram account linked to a Page. Your app can also read and respond to public media and comments that a business has been photo tagged or @mentioned in.<br><br>_**Allowed Usage**_<br><br>* Read, update and delete comments of Instagram Business accounts.<br>    <br>* Read media objects, such as stories, of Instagram Business accounts. |\n| [](#)<br><br>`instagram_manage_insights` | The **instagram\\_manage\\_insights** permission allows your app to get access to insights for the Instagram account linked to a Facebook Page. Your app can also discover and read the profile info and media of other business profiles.<br><br>_**Allowed Usage**_<br><br>* Get metadata of an Instagram Business account.<br>    <br>* Get data insights of an Instagram Business account.<br>    <br>* Get story insights of an Instagram Business account. |\n| [](#)<br><br>`instagram_manage_messages` | The **instagram\\_manage\\_messages** permission allows business users to read and respond to Instagram Direct messages.<br><br>_**Allowed Usage**_<br><br>* Business that want to retrieve threads and messages from its Direct inbox.<br>    <br>* Business that want to manage messages with their customer.<br>    <br>* Business that want to use third-party customer relationship management (CRM) tools to manage its IG Direct inbox. |\n| [](#)<br><br>`instagram_shopping_tag_products` | The **instagram\\_shopping\\_tag\\_products** permission allows an app to tag Instagram media with product tags and appeal product rejections.<br><br>_**Allowed Usage**_<br><br>* Check eligibility for product tagging<br>    <br>* Get catalogs and products<br>    <br>* Tag media with product tags<br>    <br>* Manage existing product tags<br>    <br>* Appeal product rejections |\n",
        "line_start": 72,
        "line_end": 83
    },
    "11": {
        "content": "Source document: ../data/platform-docs-versions/Facebook_Graph-API/Permissions Reference.md\nParagraph location: \n\tPermissions Reference for Meta Technologies APIs\n\tL\n\nContent: \n## L  \n| Permission | Description |\n| --- | --- |\n| [](#)<br><br>`leads_retrieval` | The **leads\\_retrieval** permission allows your app to retrieve and read all information captured by a lead ads form associated with an ad created in Ads Manager or the Marketing API.<br><br>_**Allowed Usage**_<br><br>* Reach out to the people who followed up your lead ad form requesting more information. For example, an auto dealer reaching out to a potential customer (lead) that responded to their ad with quotes for a car.<br>    <br>* For advertiser authorized CRM platforms to pull the lead data on behalf of the advertisers. These advertisers can then use the lead information to reach out to the user. |\n",
        "line_start": 85,
        "line_end": 89
    },
    "12": {
        "content": "Source document: ../data/platform-docs-versions/Facebook_Graph-API/Permissions Reference.md\nParagraph location: \n\tPermissions Reference for Meta Technologies APIs\n\tM\n\nContent: \n## M  \n| Permission | Description |\n| --- | --- |\n| [](#)<br><br>`manage_fundraisers` | The **manage\\_fundraisers** permission allows an app to create, update, and read a fundraiser and its donations on behalf of a user.<br><br>_**Allowed Usage**_<br><br>* Help fundraiser creators to expand their reach on Facebook.<br>    <br>* Sync the amount raised displayed on the fundraiser's website and the linked Facebook fundraiser. |\n",
        "line_start": 91,
        "line_end": 95
    },
    "13": {
        "content": "Source document: ../data/platform-docs-versions/Facebook_Graph-API/Permissions Reference.md\nParagraph location: \n\tPermissions Reference for Meta Technologies APIs\n\tP\n\nContent: \n## P  \n| Permission | Description |\n| --- | --- |\n| [](#)<br><br>`pages_events` | The **page\\_events** permissions allows your app permission to log events on behalf of Facebook Pages administered by people using your app and to send those events to Facebook for ads targeting, optimization and reporting.<br><br>_**Allowed Usage**_<br><br>* Send businesses related activities (for example purchase, add-to-cart, lead) on behalf of Pages owned by the people who use your app. |\n| [](#)<br><br>`pages_manage_ads` | The **pages\\_manage\\_ads** permission allows your app to manage ads associated with the Page.<br><br>_**Allowed Usage**_<br><br>* Create ads for your Page.<br>    <br>* Manage ads for your Page. |\n| [](#)<br><br>`pages_manage_cta` | The **pages\\_manage\\_cta** permission allows your app to carry out POST and DELETE functions on endpoints used to manage call-to-action buttons on a Facebook Page.<br><br>_**Allowed Usage**_<br><br>* Provide API access to manage call-to-action buttons on Pages that you manage. |\n| [](#)<br><br>`pages_manage_instant_articles` | The **pages\\_manage\\_instant\\_articles** permission allows your app to manage Instant Articles on behalf of Facebook Pages administered by people using your app.<br><br>_**Allowed Usage**_<br><br>* Create and update Instant Articles for Pages owned by the people who use your app. |\n| [](#)<br><br>`pages_manage_engagement` | The **pages\\_manage\\_engagement** permission allows your app to create, edit and delete comments posted on the Page.<br><br>_**Allowed Usage**_<br><br>* Publish a comment on a Page post.<br>    <br>* Update your comment on a Page post.<br>    <br>* Delete a comment on a Page post.<br>    <br>* Like a Page post or remove your Like from a Page post. |\n| [](#)<br><br>`pages_manage_metadata` | The **pages\\_manage\\_metadata** permission allows your app to subscribe and receive webhooks about activity on the Page, and to update settings on the Page.<br><br>_**Allowed Usage**_<br><br>* Subscribe to receive webhooks of your Page.<br>    <br>* Update settings of your Page. |\n| [](#)<br><br>`pages_manage_posts` | The **pages\\_manage\\_posts** permission allows your app to create, edit and delete your Page posts.<br><br>_**Allowed Usage**_<br><br>* Publish a post, photo, or video to your Page.<br>    <br>* Update a post, photo, or video on your Page.<br>    <br>* Delete a post, photo, or video on your Page. |\n| [](#)<br><br>`pages_messaging` | The **pages\\_messaging** permission allows your app to manage and access Page conversations in Messenger.<br><br>_**Allowed Usage**_<br><br>* Create interactive experiences initiated by a user.<br>    <br>* Confirm customer interactions such as purchases, orders and bookings.<br>    <br>* Send customer support messages. |\n| [](#)<br><br>`pages_read_engagement` | The **pages\\_read\\_engagement** permission allows your app to read content (posts, photos, videos, events) posted by the Page, read followers data (including name, PSID), and profile picture, and read metadata and other insights about the Page.<br><br>_**Allowed Usage**_<br><br>* Get content posted by your Page.<br>    <br>* Get names, PSIDs, and profile pictures of your Page followers.<br>    <br>* Get metadata about your Page. |\n| [](#)<br><br>`pages_read_user_content` | The **pages\\_read\\_user\\_content** permission allows your app to read user generated content on the Page, such as posts, comments, and ratings by users or other Pages, and to delete user comments on Page posts.<br><br>_**Allowed Usage**_<br><br>* Get user generated content on your Page.<br>    <br>* Get posts that your Page is tagged in.<br>    <br>* Delete comments posted by users on your Page. |\n| [](#)<br><br>`pages_show_list` | The **pages\\_show\\_list** permission allows your app to access the list of Pages a person manages.<br><br>_**Allowed Usage**_<br><br>* Show a person the list of Pages they manage.<br>    <br>* Verify that a person manages a Page. |\n| [](#)<br><br>`pages_user_gender` | The **pages\\_user\\_gender** permission allows your app to access a user's gender through the Page your app is connected to.<br><br>_**Allowed Usage**_<br><br>* Personalize experiences or recommendations based on gender.<br>    <br>* Use gendered language such as correct pronouns and titles. |\n| [](#)<br><br>`pages_user_locale` | The **pages\\_user\\_locale** permission allows your app to access a user's locale through the Page your app is connected to.<br><br>_**Allowed Usage**_<br><br>* Personalize experiences based on the locale of a person by surfacing locale specific content.<br>    <br>* Send responses in the preferred language of the person.<br>    <br>* Display numbers, times, and dates correctly for the locale of the person. |\n| [](#)<br><br>`pages_user_timezone` | The **pages\\_user\\_timezone** permission grants your app access to a user's time zone through the Page your app is connected to.<br><br>_**Allowed Usage**_<br><br>* Prevent messages from being sent at an inconvenient time.<br>    <br>* Send time sensitive content or recurring news at a specific time.<br>    <br>* Provide tailored content based on time.<br>    <br>* Send time appropriate greetings. |\n| [](#)<br><br>`private_computation_access` | The **private\\_computation\\_access** permission allows an app to access the Meta Private Computation products.<br><br>_**Allowed Usage**_<br><br>* Monitor private attribution datasets for a business.<br>    <br>* Monitor instances for private attribution datasets for a business.<br>    <br>* Create and manage instances for private attribution datasets for a business. |\n| [](#)<br><br>`public_profile` | The **public\\_profile** permission allows an app to read the [Default Public Profile Fields](https://developers.facebook.com/docs/graph-api/reference/user/#default-public-profile-fields) on the [User](https://developers.facebook.com/docs/graph-api/reference/user/) node. This permission is automatically granted to all apps.<br><br>_**Allowed Usage**_<br><br>* Authenticate app users and provide them with a personalized in-app experience. |\n| [](#)<br><br>`publish_to_groups` | _Deprecated for v19.0. Will be removed for all version April 22, 2024._<br><br>  <br>The **publish\\_to\\_groups** permission allows your app to post content into a Group on behalf of a person if they've granted your app access.<br><br>_**Allowed Usage**_<br><br>* Allow people to publish content from your app to their Facebook group.<br>    <br>* Help people manage the content published to their group. |\n| [](#)<br><br>`publish_video` | The **publish\\_video** permission allows your app to publish live videos to an app user's timeline, group, event or Page.<br><br>_**Allowed Usage**_<br><br>* Grants an app permission to live-video stream to an app user's timeline, group, event or Page. |\n",
        "line_start": 97,
        "line_end": 118
    },
    "14": {
        "content": "Source document: ../data/platform-docs-versions/Facebook_Graph-API/Permissions Reference.md\nParagraph location: \n\tPermissions Reference for Meta Technologies APIs\n\tR\n\nContent: \n## R  \n| Permission | Description |\n| --- | --- |\n| [](#)<br><br>`read_insights` | The **read\\_insights** permission allows your app to read the Insights data for Pages, apps and web domains the person owns.<br><br>_**Allowed Usage**_<br><br>* Integrate Facebook's app, page or domain insights into your own analytics tools. |\n",
        "line_start": 120,
        "line_end": 124
    },
    "15": {
        "content": "Source document: ../data/platform-docs-versions/Facebook_Graph-API/Permissions Reference.md\nParagraph location: \n\tPermissions Reference for Meta Technologies APIs\n\tU\n\nContent: \n## U  \n| Permission | Description |\n| --- | --- |\n| [](#)<br><br>`user_age_range` | The **user\\_age\\_range** permission allows your app to access a person's age range as listed in their Facebook profile.<br><br>_**Allowed Usage**_<br><br>* Your app is legally required to be age-gated.<br>    <br>* Your app contains content that is not suitable for the general Facebook user base, for example dating, violent or mature content. |\n| [](#)<br><br>`user_birthday` | The **user\\_birthday** permission allows your app to read a person's birthday as listed in their Facebook profile.<br><br>_**Allowed Usage**_<br><br>* Provide age-relevant content to people when their age range is not sufficient. |\n| [](#)<br><br>`user_friends` | The **user\\_friends** permission allows your app to get a list of a person's friends using that app.<br><br>_**Allowed Usage**_<br><br>* Provide Facebook-related content to personalize a person's experience. |\n| [](#)<br><br>`user_gender` | The **user\\_gender** permission allows your app to read a person's gender as listed in their Facebook profile.<br><br>_**Allowed Usage**_<br><br>* To render pronouns.<br>    <br>* Personalize a person's experience based on gender, for example dating, shopping and fashion apps. |\n| [](#)<br><br>`user_hometown` | The **user\\_hometown** permission allows your app to read a person's hometown location from their Facebook profile.<br><br>_**Allowed Usage**_<br><br>* Provide a personalized experience based on where a person lived or grew up. |\n| [](#)<br><br>`user_likes` | The **user\\_likes** permission allows your app to read a list of all Facebook Pages that a user has liked.<br><br>_**Allowed Usage**_<br><br>* Provide a personalized experience by correlating or surfacing content related to the person\u2019s likes. This includes curating content at scale to customize apps with large amounts of content and to enable people to share their likes with others, such as in the case of dating and music apps.<br>    <br>* Allow parental access controls and monitoring apps to analyze user likes for potential safety and wellbeing issues for people under 18 years old, as used solely by parents and guardians for under 18 year old dependents and limited to youth social media analysis as presented in the app\u2019s user interface. |\n| [](#)<br><br>`user_link` | The **user\\_link** permission allows your app to access the Facebook profile URL of the person using your app.<br><br>_**Allowed Usage**_<br><br>* Provide a way for someone who uses your app to visit another person's Facebook profile. |\n| [](#)<br><br>`user_location` | The **user\\_location** permission allows your app to read the city name as listed in the location field of a person's Facebook profile.<br><br>_**Allowed Usage**_<br><br>* Provide a personalized experience based on the city name as listed in the location field of a person's Facebook profile. |\n| [](#)<br><br>`user_messenger_contact` | The **user\\_messenger\\_contact** permission allows a business to contact a person via Messenger upon their approval or initiation of a chat thread with the business's Page.<br><br>_**Allowed Usage**_<br><br>* For a Page to send a person an initial message, post-purchase updates and account updates. |\n| [](#)<br><br>`user_photos` | The **user\\_photos** permission allows your app to read the photos a person has uploaded to Facebook.<br><br>_**Allowed Usage**_<br><br>* Create physical or digital books or albums of a person's photos, which includes permitting people to export photos for printing.<br>    <br>* Provide people with the ability to display their photos with other app users, for example in dating or social apps.<br>    <br>* Provide people with the ability to edit or create new photo content based on existing photos. |\n| [](#)<br><br>`user_posts` | The **user\\_posts** permission allows your app to access the posts that a user has made on their timeline.<br><br>_**Allowed Usage**_<br><br>* Enable people to create physical or digital books or albums of their timelines, and to share memories from their timeline on Facebook or on other social apps.<br>    <br>* Allow parental access controls and monitoring apps to analyze a post's content to detect potential risk to safety or wellbeing for people under 18 years old, as used solely by parents and guardians for under 18 year old dependents and limited to youth social media analysis as presented in the app\u2019s user interface. |\n| [](#)<br><br>`user_videos` | The **user\\_videos** permission allows your app to read a list of videos uploaded by a person.<br><br>_**Allowed Usage**_<br><br>* Display a person's videos on a TV via a set-top box or in a digital photo frame.<br>    <br>* Provide people with the ability to edit or create new video content using existing videos.<br>    <br>* Provide people with the ability to display their video with owners within their app, for example in dating or social apps. |\n",
        "line_start": 126,
        "line_end": 141
    },
    "16": {
        "content": "Source document: ../data/platform-docs-versions/Facebook_Graph-API/Permissions Reference.md\nParagraph location: \n\tPermissions Reference for Meta Technologies APIs\n\tW\n\nContent: \n## W  \n| Permission | Description |\n| --- | --- |\n| [](#)<br><br>`whatsapp_business_management` | The **whatsapp\\_business\\_management** permission allows your app to read and/or manage WhatsApp business assets you own or have been granted access to by other businesses through this permission. These business assets include WhatsApp business accounts, phone numbers, message templates, QR codes and their associated messages, and webhook subscriptions.<br><br>_**Allowed Usage**_<br><br>* Manage WhatsApp business assets.<br>    <br>* Display WhatsApp Business Account analytics in your customer portal. |\n| [](#)<br><br>`whatsapp_business_messaging` | The **whatsapp\\_business\\_messaging** permission allows an app to send WhatsApp messages to a specific phone number, upload and retrieve media from messages, manage and get WhatsApp business profile information, and to register those phone numbers with Meta.<br><br>_**Allowed Usage**_<br><br>* Send WhatsApp messages to a specific phone number<br>    <br>* Upload and retrieve media from messages<br>    <br>* Manage and get WhatsApp business profile information<br>    <br>* Register a phone number with Meta |\n",
        "line_start": 143,
        "line_end": 148
    },
    "17": {
        "content": "Source document: ../data/platform-docs-versions/Facebook_Graph-API/Permissions Reference.md\nParagraph location: \n\tPermissions Reference for Meta Technologies APIs\n\tPermission Dependencies\n\nContent: \n## Permission Dependencies  \nTo use certain permissions when your app goes live, your app must also be approved for additional permissions. These dependent permissions must have been approved either during the same app review submission or a in previous submission.  \n| Permission | Dependent on |\n| --- | --- |\n| `ads_management` | `pages_read_engagement`<br><br>  <br><br>`pages_show_list` |\n| `instagram_basic` | `pages_read_engagement`<br><br>  <br><br>`pages_show_list` |\n| `leads_retrieval` | `pages_manage_ads`<br><br>  <br><br>`pages_read_engagement`<br><br>  <br><br>`pages_show_list` |\n| `pages_manage_ads` | `pages_show_list` |\n| `pages_manage_engagement` | `pages_read_user_content`<br><br>  <br><br>`pages_show_list` |\n| `pages_manage_metadata` | `pages_show_list` |\n| `pages_manage_posts` | `pages_read_engagement`<br><br>  <br><br>`pages_show_list` |\n| `pages_messaging` | `pages_manage_metadata`<br><br>  <br><br>`pages_show_list` |\n| `pages_read_engagement` | `pages_show_list` |\n| `pages_read_user_content` | `pages_show_list` |\n",
        "line_start": 150,
        "line_end": 164
    },
    "18": {
        "content": "Source document: ../data/platform-docs-versions/Facebook_Graph-API/Permissions Reference.md\nParagraph location: \n\tPermissions Reference for Meta Technologies APIs\n\tLearn More\n\nContent: \n## Learn More  \n* [Access Tokens](https://developers.facebook.com/docs/facebook-login/guides/access-tokens)\n* [Maintaining Data Access](https://developers.facebook.com/docs/development/maintaining-data-access)\n* [Secure Requests](https://developers.facebook.com/docs/graph-api/guides/secure-requests)\n* [Terms and Policies](https://developers.facebook.com/docs/development/terms-and-policies)  \n![](https://www.facebook.com/tr?id=675141479195042&ev=PageView&noscript=1)  \n![](https://www.facebook.com/tr?id=574561515946252&ev=PageView&noscript=1)  \n![](https://www.facebook.com/tr?id=1754628768090156&ev=PageView&noscript=1)\n",
        "line_start": 167,
        "line_end": 175
    }
}