{
    "0": {
        "content": "Source document: ../data/platform-docs-versions/Facebook_Graph-API/Place topic Endpoint.md\nParagraph location: \n\tResource URL: https://developers.facebook.com/docs/graph-api/reference/place-topic/\n\nContent: \n# Resource URL: https://developers.facebook.com/docs/graph-api/reference/place-topic/\n",
        "line_start": 0,
        "line_end": 1
    },
    "1": {
        "content": "Source document: ../data/platform-docs-versions/Facebook_Graph-API/Place topic Endpoint.md\nParagraph location: \n\tPlace Topic\n\tReading\n\nContent: \n# Place Topic  \n## Reading  \nThe category of a place Page\n",
        "line_start": 1,
        "line_end": 4
    },
    "2": {
        "content": "Source document: ../data/platform-docs-versions/Facebook_Graph-API/Place topic Endpoint.md\nParagraph location: \n\tPlace Topic\n\tReading\n\tNew Page Experience\n\nContent: \n### New Page Experience  \nThis endpoint is supported for [New Page Experience](https://developers.facebook.com/docs/pages/new-pages-experience/).\n",
        "line_start": 7,
        "line_end": 9
    },
    "3": {
        "content": "Source document: ../data/platform-docs-versions/Facebook_Graph-API/Place topic Endpoint.md\nParagraph location: \n\tPlace Topic\n\tReading\n\tFeature Permissions\n\nContent: \n### Feature Permissions  \n| Name | Description |\n| --- | --- |\n| Page Public Content Access | This [feature permission](https://developers.facebook.com/docs/apps/review/feature/) may be required. |\n",
        "line_start": 11,
        "line_end": 15
    },
    "4": {
        "content": "Source document: ../data/platform-docs-versions/Facebook_Graph-API/Place topic Endpoint.md\nParagraph location: \n\tPlace Topic\n\tReading\n\tExample\n\nContent: \n### Example  \nHTTPPHP SDKJavaScript SDKAndroid SDKiOS SDK[Graph API Explorer](https://developers.facebook.com/tools/explorer/?method=GET&path=%7Bplace-topic-id%7D&version=v19.0)  \nGET /v19.0/{place-topic-id} HTTP/1.1\nHost: graph.facebook.com  \n/* PHP SDK v5.0.0 */\n/* make the API call */\ntry {\n// Returns a `Facebook\\FacebookResponse` object\n$response = $fb->get(\n'/{place-topic-id}',\n'{access-token}'\n);\n} catch(Facebook\\Exceptions\\FacebookResponseException $e) {\necho 'Graph returned an error: ' . $e->getMessage();\nexit;\n} catch(Facebook\\Exceptions\\FacebookSDKException $e) {\necho 'Facebook SDK returned an error: ' . $e->getMessage();\nexit;\n}\n$graphNode = $response->getGraphNode();\n/* handle the result */  \n/* make the API call */\nFB.api(\n\"/{place-topic-id}\",\nfunction (response) {\nif (response && !response.error) {\n/* handle the result */\n}\n}\n);  \n/* make the API call */\nnew GraphRequest(\nAccessToken.getCurrentAccessToken(),\n\"/{place-topic-id}\",\nnull,\nHttpMethod.GET,\nnew GraphRequest.Callback() {\npublic void onCompleted(GraphResponse response) {\n/* handle the result */\n}\n}\n).executeAsync();  \n/* make the API call */\nFBSDKGraphRequest *request = [[FBSDKGraphRequest alloc]\ninitWithGraphPath:@\"/{place-topic-id}\"\nparameters:params\nHTTPMethod:@\"GET\"];\n[request startWithCompletionHandler:^(FBSDKGraphRequestConnection *connection,\nid result,\nNSError *error) {\n// Handle the result\n}];  \nIf you want to learn how to use the Graph API, read our [Using Graph API guide](https://developers.facebook.com/docs/graph-api/using-graph-api/).\n",
        "line_start": 17,
        "line_end": 70
    },
    "5": {
        "content": "Source document: ../data/platform-docs-versions/Facebook_Graph-API/Place topic Endpoint.md\nParagraph location: \n\tPlace Topic\n\tReading\n\tParameters\n\nContent: \n### Parameters  \n| Parameter | Description |\n| --- | --- |\n| `icon_size`<br><br>enum{24, 36, 48, 72} | The size of the icon to get, one of 36, 48, or 72 |\n",
        "line_start": 78,
        "line_end": 82
    },
    "6": {
        "content": "Source document: ../data/platform-docs-versions/Facebook_Graph-API/Place topic Endpoint.md\nParagraph location: \n\tPlace Topic\n\tReading\n\tFields\n\nContent: \n### Fields  \n| Field | Description |\n| --- | --- |\n| `id`<br><br>numeric string | The topic ID |\n| `count`<br><br>unsigned int32 | How many Pages have this category |\n| `has_children`<br><br>bool | Whether there are subcategories of this category |\n| `icon_url`<br><br>string | The URL for the icon representing this category |\n| `name`<br><br>string | Localized name of the category<br><br>[Default](https://developers.facebook.com/docs/graph-api/using-graph-api/#fields) |\n| `parent_ids`<br><br>list<id> | IDs of any parent categories that this is a subcategory of |\n| `plural_name`<br><br>string | Localized plural name of the category |\n| `top_subtopic_names`<br><br>list<string> | Names of the subtopics associated with the most pages |\n",
        "line_start": 84,
        "line_end": 95
    },
    "7": {
        "content": "Source document: ../data/platform-docs-versions/Facebook_Graph-API/Place topic Endpoint.md\nParagraph location: \n\tPlace Topic\n\tReading\n\tError Codes\n\nContent: \n### Error Codes  \n| Error | Description |\n| --- | --- |\n| 200 | Permissions error |\n| 100 | Invalid parameter |\n| 190 | Invalid OAuth 2.0 Access Token |\n",
        "line_start": 97,
        "line_end": 103
    },
    "8": {
        "content": "Source document: ../data/platform-docs-versions/Facebook_Graph-API/Place topic Endpoint.md\nParagraph location: \n\tPlace Topic\n\tCreating\n\nContent: \n## Creating  \nYou can't perform this operation on this endpoint.\n",
        "line_start": 105,
        "line_end": 107
    },
    "9": {
        "content": "Source document: ../data/platform-docs-versions/Facebook_Graph-API/Place topic Endpoint.md\nParagraph location: \n\tPlace Topic\n\tUpdating\n\nContent: \n## Updating  \nYou can't perform this operation on this endpoint.\n",
        "line_start": 109,
        "line_end": 111
    },
    "10": {
        "content": "Source document: ../data/platform-docs-versions/Facebook_Graph-API/Place topic Endpoint.md\nParagraph location: \n\tPlace Topic\n\tDeleting\n\nContent: \n## Deleting  \nYou can't perform this operation on this endpoint.  \n![](https://www.facebook.com/tr?id=675141479195042&ev=PageView&noscript=1)  \n![](https://www.facebook.com/tr?id=574561515946252&ev=PageView&noscript=1)  \n![](https://www.facebook.com/tr?id=1754628768090156&ev=PageView&noscript=1)\n",
        "line_start": 113,
        "line_end": 118
    }
}