{
    "0": {
        "content": "Source document: ../data/platform-docs-versions/Facebook_Graph-API/Place tag Endpoint.md\nParagraph location: \n\tResource URL: https://developers.facebook.com/docs/graph-api/reference/place-tag/\n\nContent: \n# Resource URL: https://developers.facebook.com/docs/graph-api/reference/place-tag/\n",
        "line_start": 0,
        "line_end": 1
    },
    "1": {
        "content": "Source document: ../data/platform-docs-versions/Facebook_Graph-API/Place tag Endpoint.md\nParagraph location: \n\t`/{place-tag-id}`\n\nContent: \n# `/{place-tag-id}`  \nAn instance of a person being tagged at a place in a photo, video, post, status or link.\n",
        "line_start": 1,
        "line_end": 3
    },
    "2": {
        "content": "Source document: ../data/platform-docs-versions/Facebook_Graph-API/Place tag Endpoint.md\nParagraph location: \n\t`/{place-tag-id}`\n\tReading\n\nContent: \n## Reading  \nHTTPPHP SDKJavaScript SDKAndroid SDKiOS SDK[Graph API Explorer](https://developers.facebook.com/tools/explorer/?method=GET&path=%7Bplace-tag-id%7D&version=v19.0)  \nGET /v19.0/{place-tag-id} HTTP/1.1\nHost: graph.facebook.com  \n/* PHP SDK v5.0.0 */\n/* make the API call */\ntry {\n// Returns a `Facebook\\FacebookResponse` object\n$response = $fb->get(\n'/{place-tag-id}',\n'{access-token}'\n);\n} catch(Facebook\\Exceptions\\FacebookResponseException $e) {\necho 'Graph returned an error: ' . $e->getMessage();\nexit;\n} catch(Facebook\\Exceptions\\FacebookSDKException $e) {\necho 'Facebook SDK returned an error: ' . $e->getMessage();\nexit;\n}\n$graphNode = $response->getGraphNode();\n/* handle the result */  \n/* make the API call */\nFB.api(\n\"/{place-tag-id}\",\nfunction (response) {\nif (response && !response.error) {\n/* handle the result */\n}\n}\n);  \n/* make the API call */\nnew GraphRequest(\nAccessToken.getCurrentAccessToken(),\n\"/{place-tag-id}\",\nnull,\nHttpMethod.GET,\nnew GraphRequest.Callback() {\npublic void onCompleted(GraphResponse response) {\n/* handle the result */\n}\n}\n).executeAsync();  \n/* make the API call */\nFBSDKGraphRequest *request = [[FBSDKGraphRequest alloc]\ninitWithGraphPath:@\"/{place-tag-id}\"\nparameters:params\nHTTPMethod:@\"GET\"];\n[request startWithCompletionHandler:^(FBSDKGraphRequestConnection *connection,\nid result,\nNSError *error) {\n// Handle the result\n}];\n",
        "line_start": 5,
        "line_end": 57
    },
    "3": {
        "content": "Source document: ../data/platform-docs-versions/Facebook_Graph-API/Place tag Endpoint.md\nParagraph location: \n\t`/{place-tag-id}`\n\tReading\n\tPermissions\n\nContent: \n### Permissions  \n* A user access token with `user_tagged_places` permission is required to see any tags involving that person.\n",
        "line_start": 64,
        "line_end": 66
    },
    "4": {
        "content": "Source document: ../data/platform-docs-versions/Facebook_Graph-API/Place tag Endpoint.md\nParagraph location: \n\t`/{place-tag-id}`\n\tReading\n\tFields\n\nContent: \n### Fields  \n| Name | Description | Type |\n| --- | --- | --- |\n| `id` | The ID of this place tag. | `string` |\n| `created_time` | When the tag was created. | `datetime` |\n| `place` | The Facebook Page representing the place. | [`Page`](https://developers.facebook.com/docs/graph-api/reference/page/) |\n",
        "line_start": 69,
        "line_end": 75
    },
    "5": {
        "content": "Source document: ../data/platform-docs-versions/Facebook_Graph-API/Place tag Endpoint.md\nParagraph location: \n\t`/{place-tag-id}`\n\tPublishing\n\nContent: \n## Publishing  \nUse the [`/{user-id}/feed`](https://developers.facebook.com/docs/graph-api/reference/user/feed/) edge to create posts with place tagging.\n",
        "line_start": 77,
        "line_end": 79
    },
    "6": {
        "content": "Source document: ../data/platform-docs-versions/Facebook_Graph-API/Place tag Endpoint.md\nParagraph location: \n\t`/{place-tag-id}`\n\tDeleting\n\nContent: \n## Deleting  \nYou can't delete place tags, however if the original content that created the tag is removed, the place tag will also be removed.\n",
        "line_start": 81,
        "line_end": 83
    },
    "7": {
        "content": "Source document: ../data/platform-docs-versions/Facebook_Graph-API/Place tag Endpoint.md\nParagraph location: \n\t`/{place-tag-id}`\n\tUpdating\n\nContent: \n## Updating  \nYou can't update using this node.  \n![](https://www.facebook.com/tr?id=675141479195042&ev=PageView&noscript=1)  \n![](https://www.facebook.com/tr?id=574561515946252&ev=PageView&noscript=1)  \n![](https://www.facebook.com/tr?id=1754628768090156&ev=PageView&noscript=1)\n",
        "line_start": 85,
        "line_end": 90
    }
}