{
    "0": {
        "content": "Source document: ../data/platform-docs-versions/Facebook_Graph-API/Post Endpoint.md\nParagraph location: \n\tResource URL: https://developers.facebook.com/docs/graph-api/reference/post/\n\nContent: \n# Resource URL: https://developers.facebook.com/docs/graph-api/reference/post/\n",
        "line_start": 0,
        "line_end": 1
    },
    "1": {
        "content": "Source document: ../data/platform-docs-versions/Facebook_Graph-API/Post Endpoint.md\nParagraph location: \n\tPost\n\nContent: \n# Post  \nAn individual post in a profile's feed. The profile could be a user, page, app, or group.\n",
        "line_start": 1,
        "line_end": 3
    },
    "2": {
        "content": "Source document: ../data/platform-docs-versions/Facebook_Graph-API/Post Endpoint.md\nParagraph location: \n\tPost\n\tReading\n\tNew Page Experience\n\nContent: \n### New Page Experience  \nThis endpoint is supported for [New Page Experience](https://developers.facebook.com/docs/pages/new-pages-experience/).\n",
        "line_start": 9,
        "line_end": 11
    },
    "3": {
        "content": "Source document: ../data/platform-docs-versions/Facebook_Graph-API/Post Endpoint.md\nParagraph location: \n\tPost\n\tReading\n\tFeature Permissions\n\nContent: \n### Feature Permissions  \n| Name | Description |\n| --- | --- |\n| Page Public Content Access | This [feature permission](https://developers.facebook.com/docs/apps/review/feature/) may be required. |\n",
        "line_start": 13,
        "line_end": 17
    },
    "4": {
        "content": "Source document: ../data/platform-docs-versions/Facebook_Graph-API/Post Endpoint.md\nParagraph location: \n\tPost\n\tReading\n\tPermissions\n\nContent: \n### Permissions  \n* A page access token can read all posts posted to or posted by that Page.  \n* A page access token with the [`pages_manage_posts` permission](https://developers.facebook.com/docs/pages/overview/permissions-features) and [Page Public Content Access Feature](https://developers.facebook.com/docs/apps/review/feature/#reference-PAGES_ACCESS) are required to read publicly shared Page posts. The person requesting the access token must be an admin of the Page.  \n* A user access token can read any post your application created on behalf of that user.  \n* A user's post can be read if the owner has granted the `user_posts` permission.  \n* A user access token may read a post that user is tagged in if they have granted the `user_posts` permission. However, in some cases the post's owner's privacy settings may not allow your application to access it.\n",
        "line_start": 19,
        "line_end": 25
    },
    "5": {
        "content": "Source document: ../data/platform-docs-versions/Facebook_Graph-API/Post Endpoint.md\nParagraph location: \n\tPost\n\tReading\n\tLimitations\n\nContent: \n### Limitations  \nThe following fields for `/page/feed`, `/page/posts`, `/pageposts`, and `/page/published_posts` were deprecated in v3.3:  \n* `caption`\n* `description`\n* `link`\n* `name`\n* `object_id`\n* `source`\n* `type`\n",
        "line_start": 32,
        "line_end": 41
    },
    "6": {
        "content": "Source document: ../data/platform-docs-versions/Facebook_Graph-API/Post Endpoint.md\nParagraph location: \n\tPost\n\tReading\n\tExample\n\nContent: \n### Example  \nHTTPPHP SDKJavaScript SDKAndroid SDKiOS SDK[Graph API Explorer](https://developers.facebook.com/tools/explorer/?method=GET&path=%7Bpost-id%7D&version=v19.0)  \nGET /v19.0/{post-id} HTTP/1.1\nHost: graph.facebook.com  \n/* PHP SDK v5.0.0 */\n/* make the API call */\ntry {\n// Returns a `Facebook\\FacebookResponse` object\n$response = $fb->get(\n'/{post-id}',\n'{access-token}'\n);\n} catch(Facebook\\Exceptions\\FacebookResponseException $e) {\necho 'Graph returned an error: ' . $e->getMessage();\nexit;\n} catch(Facebook\\Exceptions\\FacebookSDKException $e) {\necho 'Facebook SDK returned an error: ' . $e->getMessage();\nexit;\n}\n$graphNode = $response->getGraphNode();\n/* handle the result */  \n/* make the API call */\nFB.api(\n\"/{post-id}\",\nfunction (response) {\nif (response && !response.error) {\n/* handle the result */\n}\n}\n);  \n/* make the API call */\nnew GraphRequest(\nAccessToken.getCurrentAccessToken(),\n\"/{post-id}\",\nnull,\nHttpMethod.GET,\nnew GraphRequest.Callback() {\npublic void onCompleted(GraphResponse response) {\n/* handle the result */\n}\n}\n).executeAsync();  \n/* make the API call */\nFBSDKGraphRequest *request = [[FBSDKGraphRequest alloc]\ninitWithGraphPath:@\"/{post-id}\"\nparameters:params\nHTTPMethod:@\"GET\"];\n[request startWithCompletionHandler:^(FBSDKGraphRequestConnection *connection,\nid result,\nNSError *error) {\n// Handle the result\n}];  \nIf you want to learn how to use the Graph API, read our [Using Graph API guide](https://developers.facebook.com/docs/graph-api/using-graph-api/).\n",
        "line_start": 44,
        "line_end": 97
    },
    "7": {
        "content": "Source document: ../data/platform-docs-versions/Facebook_Graph-API/Post Endpoint.md\nParagraph location: \n\tPost\n\tReading\n\tParameters\n\nContent: \n### Parameters  \nThis endpoint doesn't have any parameters.\n",
        "line_start": 105,
        "line_end": 107
    },
    "8": {
        "content": "Source document: ../data/platform-docs-versions/Facebook_Graph-API/Post Endpoint.md\nParagraph location: \n\tPost\n\tReading\n\tFields\n\nContent: \n### Fields  \n| Field | Description |\n| --- | --- |\n| `id`<br><br>token with structure: Post ID | The post ID. |\n| `actions`<br><br>list | Action links |\n| `admin_creator`<br><br>BusinessUser\\|User\\|Application | The admin creator of a Page Post. Only available if there exists more than one admin for the page. |\n| `allowed_advertising_objectives`<br><br>list<string> | The only objectives under which this post can be advertised |\n| `application`<br><br>[Application](https://developers.facebook.com/docs/graph-api/reference/application/) | Information about the app this post was published by. |\n| `backdated_time`<br><br>datetime | The backdated time for backdate post. For regular post, this field will be set to null. |\n| `call_to_action`<br><br>struct with keys: type, value | The call to action type used in any Page posts for mobile app engagement ads. |\n| `can_reply_privately`<br><br>bool | Whether the page viewer can send a private reply to this post |\n| `caption`<br><br>string | The caption of a link in the post (appears beneath the name). |\n| `child_attachments`<br><br>list | Sub-shares of a multi-link share post |\n| `comments_mirroring_domain`<br><br>string | If comments are being mirrored to an external site, this function returns the domain of that external site. |\n| `coordinates`<br><br>struct with keys: checkin\\_id, author\\_uid, page\\_id, target\\_id, target\\_href, coords, tagged\\_uids, timestamp, message, target\\_type | An array of information about the attachment to the post |\n| `created_time`<br><br>datetime | The time the post was published, expressed as UNIX timestamp<br><br>[Default](https://developers.facebook.com/docs/graph-api/using-graph-api/#fields) |\n| `description`<br><br>string | A description of a link in the post (appears beneath the caption). |\n| `event`[](#)<br><br>[Event](https://developers.facebook.com/docs/graph-api/reference/event/) | If this Post has a place, the event associated with the place |\n| `expanded_height`<br><br>unsigned int32 | An array of information about the attachment to the post |\n| `expanded_width`<br><br>unsigned int32 | An array of information about the attachment to the post |\n| `feed_targeting`<br><br>struct with keys: country, cities, regions, genders, age\\_min, age\\_max, education\\_statuses, college\\_years, relationship\\_statuses, interests, interested\\_in, user\\_adclusters, locales, countries, geo\\_locations, work\\_positions, work\\_employers, education\\_majors, education\\_schools, family\\_statuses, life\\_events, industries, politics, ethnic\\_affinity, generation, fan\\_of, relevant\\_until\\_ts | Object that controls news feed targeting for this post. Anyone in these groups will be more likely to see this post, others will be less likely, but may still see it anyway. Any of the targeting fields shown here can be used, none are required (applies to Pages only). |\n| `from`<br><br>User\\|Page | The ID of the user, page, group, or event that published the post |\n| `full_picture`<br><br>string | If the photo's largest dimension exceeds 720 pixels, it is resized, with the largest dimension set to 720. |\n| `height`<br><br>unsigned int32 | An array of information about the attachment to the post |\n| `icon`<br><br>string | A link to an icon representing the type of this post. |\n| `is_app_share`<br><br>bool | Whether or not the post references an app |\n| `is_eligible_for_promotion`<br><br>bool | Whether the post is eligible for promotion. |\n| `is_expired`<br><br>bool | Whether the post has expiration time that has passed |\n| `is_hidden`<br><br>bool | Whether a post has been set to hidden |\n| `is_inline_created`<br><br>bool | Returns True if the post was created inline when creating ads. |\n| `is_popular`<br><br>bool | Whether the post is currently popular. Based on whether the total actions as a percentage of reach exceeds a certain threshold |\n| `is_published`<br><br>bool | Indicates whether a scheduled post was published (applies to scheduled Page Post only, for users post and instanlty published posts this value is always true) |\n| `is_spherical`<br><br>bool | Whether the post is a spherical video post |\n| `link`<br><br>uri | A description of a link in the post (appears beneath the caption). |\n| `message`<br><br>string | The message written in the post<br><br>[Default](https://developers.facebook.com/docs/graph-api/using-graph-api/#fields) |\n| `message_tags`<br><br>list | Profiles mentioned or tagged in a message. This is an object with a unique key for each mention or tag in the message. |\n| `multi_share_end_card`<br><br>bool | Whether display the end card for a multi-link share post |\n| `multi_share_optimized`<br><br>bool | Whether automatically select the order of the links in multi-link share post when used in an ad |\n| `name`<br><br>string | The name of the link. |\n| `object_id`<br><br>string | The ID of any uploaded photo or video attached to the post. |\n| `parent_id`<br><br>token with structure: Post ID | The ID of a parent post for this post, if it exists. For example, if this story is a 'Your Page was mentioned in a post' story, the parent\\_id will be the original post where the mention happened |\n| `permalink_url`<br><br>uri | The permanent static URL to the post on www.facebook.com. Example: https://www.facebook.com/FacebookforDevelopers/posts/10153449196353553 |\n| `place`<br><br>[Place](https://developers.facebook.com/docs/graph-api/reference/place/) | ID of the place associated with the post |\n| `privacy`<br><br>[Privacy](https://developers.facebook.com/docs/graph-api/reference/privacy/) | The privacy settings for a post |\n| `promotable_id`[](#)<br><br>token with structure: Post ID | ID of post to use for promotion for stories that cannot be promoted directly |\n| `properties`<br><br>list | A list of properties for any attached video, for example, the length of the video. |\n| `scheduled_publish_time`<br><br>float | UNIX timestamp of the scheduled publish time for the post |\n| `shares`<br><br>struct with keys: count | Number of times the post has been shared |\n| `source`<br><br>string | A URL to any Flash movie or video file attached to the post. |\n| `status_type`<br><br>string | Description of the type of a status update. |\n| `story`<br><br>string | Text of stories not intentionally generated by users, such as those generated when two users become friends. You must have the \"Include recent activity stories\" migration enabled in your app to retrieve this field<br><br>[Default](https://developers.facebook.com/docs/graph-api/using-graph-api/#fields) |\n| `story_tags`<br><br>list | The list of tags in the post description |\n| `subscribed`<br><br>bool | Whether user is subscribed to the post |\n| `target`[](#)<br><br>[Profile](https://developers.facebook.com/docs/graph-api/reference/profile/) | The profile this was posted on if different from the author |\n| `targeting`<br><br>struct with keys: country, cities, regions, zips, genders, college\\_networks, work\\_networks, age\\_min, age\\_max, education\\_statuses, college\\_years, college\\_majors, political\\_views, relationship\\_statuses, interests, keywords, interested\\_in, user\\_clusters, user\\_clusters2, user\\_clusters3, user\\_adclusters, excluded\\_user\\_adclusters, custom\\_audiences, excluded\\_custom\\_audiences, locales, radius, connections, excluded\\_connections, friends\\_of\\_connections, countries, excluded\\_user\\_clusters, adgroup\\_id, user\\_event, qrt\\_versions, page\\_types, user\\_os, user\\_device, action\\_spec, action\\_spec\\_friend, action\\_spec\\_excluded, geo\\_locations, excluded\\_geo\\_locations, targeted\\_entities, conjunctive\\_user\\_adclusters, wireless\\_carrier, site\\_category, work\\_positions, work\\_employers, education\\_majors, education\\_schools, family\\_statuses, life\\_events, behaviors, travel\\_status, industries, politics, markets, income, net\\_worth, home\\_type, home\\_ownership, home\\_value, ethnic\\_affinity, generation, household\\_composition, moms, office\\_type, interest\\_clusters\\_expansion, dynamic\\_audience\\_ids, product\\_audience\\_specs, excluded\\_product\\_audience\\_specs, exclusions, flexible\\_spec, engagement\\_specs, excluded\\_engagement\\_specs | Object that limited the audience for this content. Anyone not in these demographics will not be able to view this content. This will not override any Page-level demographic restrictions that may be in place. |\n| `timeline_visibility`<br><br>string | Timeline visibility information of the post |\n| `type`<br><br>string | A string indicating the object type of this post. |\n| `updated_time`<br><br>datetime | The time the post was last updated, which occurs when a user comments on the post. |\n| `via`<br><br>User\\|Page | ID of the user or Page the post was shared from |\n| `width`<br><br>unsigned int32 | An array of information about the attachment to the post |\n",
        "line_start": 109,
        "line_end": 169
    },
    "9": {
        "content": "Source document: ../data/platform-docs-versions/Facebook_Graph-API/Post Endpoint.md\nParagraph location: \n\tPost\n\tReading\n\tEdges\n\nContent: \n### Edges  \n| Edge | Description |\n| --- | --- |\n| [`attachments`](https://developers.facebook.com/docs/graph-api/reference/post/attachments/)[](#) | Any attachments that are associated with the story |\n| [`comments`](https://developers.facebook.com/docs/graph-api/reference/post/comments/) | Comments made on this |\n| [`dynamic_posts`](https://developers.facebook.com/docs/graph-api/reference/post/dynamic_posts/) | All dynamic ad creatives |\n| [`insights`](https://developers.facebook.com/docs/graph-api/reference/post/insights/) | Insights for this post (only for Pages). |\n| [`reactions`](https://developers.facebook.com/docs/graph-api/reference/post/reactions/)[](#) | People who reacted on this |\n| [`sharedposts`](https://developers.facebook.com/docs/graph-api/reference/post/sharedposts/) | Shared posts |\n| [`sponsor_tags`](https://developers.facebook.com/docs/graph-api/reference/post/sponsor_tags/) | An array sponsor pages tagged in the post |\n| [`to`](https://developers.facebook.com/docs/graph-api/reference/post/to/) | Profiles mentioned or targeted in this post. |\n",
        "line_start": 171,
        "line_end": 182
    },
    "10": {
        "content": "Source document: ../data/platform-docs-versions/Facebook_Graph-API/Post Endpoint.md\nParagraph location: \n\tPost\n\tReading\n\tError Codes\n\nContent: \n### Error Codes  \n| Error | Description |\n| --- | --- |\n| 200 | Permissions error |\n| 368 | The action attempted has been deemed abusive or is otherwise disallowed |\n| 100 | Invalid parameter |\n| 190 | Invalid OAuth 2.0 Access Token |\n| 2500 | Error parsing graph query |\n| 80001 | There have been too many calls to this Page account. Wait a bit and try again. For more info, please refer to https://developers.facebook.com/docs/graph-api/overview/rate-limiting. |\n| 459 | The session is invalid because the user has been checkpointed |\n",
        "line_start": 184,
        "line_end": 194
    },
    "11": {
        "content": "Source document: ../data/platform-docs-versions/Facebook_Graph-API/Post Endpoint.md\nParagraph location: \n\tPost\n\tCreating\n\nContent: \n## Creating  \nYou can't perform this operation on this endpoint.\n",
        "line_start": 196,
        "line_end": 198
    },
    "12": {
        "content": "Source document: ../data/platform-docs-versions/Facebook_Graph-API/Post Endpoint.md\nParagraph location: \n\tPost\n\tUpdating\n\nContent: \n## Updating  \nYou can publish posts by using the [`/{user-id}/feed`](https://developers.facebook.com/docs/graph-api/reference/user/feed), [`/{page-id}/feed`](https://developers.facebook.com/docs/graph-api/reference/page/feed), [`/{event-id}/feed`](https://developers.facebook.com/docs/graph-api/reference/event/feed), or [`/{group-id}/feed`](https://developers.facebook.com/docs/graph-api/reference/group/feed) edges.  \nWhen creating a Post for a Page if you use a user access token the post will be in the voice of the user that posted it. If you use a page access token, the post will be in the voice of the page.  \nYou can't perform this operation on this endpoint.\n",
        "line_start": 200,
        "line_end": 204
    },
    "13": {
        "content": "Source document: ../data/platform-docs-versions/Facebook_Graph-API/Post Endpoint.md\nParagraph location: \n\tPost\n\tDeleting\n\nContent: \n## Deleting  \nYou can't perform this operation on this endpoint.  \n![](https://www.facebook.com/tr?id=675141479195042&ev=PageView&noscript=1)  \n![](https://www.facebook.com/tr?id=574561515946252&ev=PageView&noscript=1)  \n![](https://www.facebook.com/tr?id=1754628768090156&ev=PageView&noscript=1)\n",
        "line_start": 208,
        "line_end": 213
    }
}