{
    "0": {
        "content": "Source document: ../data/platform-docs-versions/Facebook_Graph-API/Request Endpoint.md\nParagraph location: \n\tResource URL: https://developers.facebook.com/docs/graph-api/reference/v18.0/request\n\nContent: \n# Resource URL: https://developers.facebook.com/docs/graph-api/reference/v18.0/request\nThis document refers to an outdated version of Graph API.\u00a0Please [use the latest version.](https://developers.facebook.com/docs/graph-api/reference/v19.0/request)\n",
        "line_start": 0,
        "line_end": 2
    },
    "1": {
        "content": "Source document: ../data/platform-docs-versions/Facebook_Graph-API/Request Endpoint.md\nParagraph location: \n\tRequest `/{request-id}`\n\nContent: \n# Request `/{request-id}`  \nAn individual game request received by someone, sent by an app or by another person.\n",
        "line_start": 3,
        "line_end": 5
    },
    "2": {
        "content": "Source document: ../data/platform-docs-versions/Facebook_Graph-API/Request Endpoint.md\nParagraph location: \n\tRequest `/{request-id}`\n\tRelated Guides\n\nContent: \n### Related Guides  \n* [Game Requests](https://developers.facebook.com/docs/games/requests/)  \n* [`/{user-id}/apprequests`](https://developers.facebook.com/docs/graph-api/reference/user/apprequests/)\n",
        "line_start": 7,
        "line_end": 10
    },
    "3": {
        "content": "Source document: ../data/platform-docs-versions/Facebook_Graph-API/Request Endpoint.md\nParagraph location: \n\tRequest `/{request-id}`\n\tReading\n\nContent: \n## Reading  \nHTTPPHP SDKJavaScript SDKAndroid SDKiOS SDK[Graph API Explorer](https://developers.facebook.com/tools/explorer/?method=GET&path=%7Brequest-id%7D&version=v19.0)  \nGET /v19.0/{request-id} HTTP/1.1\nHost: graph.facebook.com  \n/* PHP SDK v5.0.0 */\n/* make the API call */\ntry {\n// Returns a `Facebook\\FacebookResponse` object\n$response = $fb->get(\n'/{request-id}',\n'{access-token}'\n);\n} catch(Facebook\\Exceptions\\FacebookResponseException $e) {\necho 'Graph returned an error: ' . $e->getMessage();\nexit;\n} catch(Facebook\\Exceptions\\FacebookSDKException $e) {\necho 'Facebook SDK returned an error: ' . $e->getMessage();\nexit;\n}\n$graphNode = $response->getGraphNode();\n/* handle the result */  \n/* make the API call */\nFB.api(\n\"/{request-id}\",\nfunction (response) {\nif (response && !response.error) {\n/* handle the result */\n}\n}\n);  \n/* make the API call */\nnew GraphRequest(\nAccessToken.getCurrentAccessToken(),\n\"/{request-id}\",\nnull,\nHttpMethod.GET,\nnew GraphRequest.Callback() {\npublic void onCompleted(GraphResponse response) {\n/* handle the result */\n}\n}\n).executeAsync();  \n/* make the API call */\nFBSDKGraphRequest *request = [[FBSDKGraphRequest alloc]\ninitWithGraphPath:@\"/{request-id}\"\nparameters:params\nHTTPMethod:@\"GET\"];\n[request startWithCompletionHandler:^(FBSDKGraphRequestConnection *connection,\nid result,\nNSError *error) {\n// Handle the result\n}];\n",
        "line_start": 14,
        "line_end": 66
    },
    "4": {
        "content": "Source document: ../data/platform-docs-versions/Facebook_Graph-API/Request Endpoint.md\nParagraph location: \n\tRequest `/{request-id}`\n\tReading\n\tPermissions\n\nContent: \n### Permissions  \n* A user access token is required if you are requesting using only the Request object ID, and want to know about the recipient of the request. The request must have been sent to the person whose access token you are using.  \n* An app access token can be used when you are requesting using the concatenated Request object ID and user ID string, or when you are only using the request object ID, but do not need to know recipient info. See the [Requests docs](https://developers.facebook.com/docs/howtos/requests/) for more info on this ID.\n",
        "line_start": 73,
        "line_end": 76
    },
    "5": {
        "content": "Source document: ../data/platform-docs-versions/Facebook_Graph-API/Request Endpoint.md\nParagraph location: \n\tRequest `/{request-id}`\n\tReading\n\tFields\n\nContent: \n### Fields  \n| Name | Description | Type |\n| --- | --- | --- |\n| `id` | The request object ID. | `string` |\n| `application` | App associated with the request. | [`App`](https://developers.facebook.com/docs/graph-api/reference/app/) |\n| `to` | The recipient of the request. | [`User`](https://developers.facebook.com/docs/graph-api/reference/user/) |\n| `from` | The sender associated with the request. This is only included for [user to user requests](https://developers.facebook.com/docs/howtos/requests#user_to_user). | [`User`](https://developers.facebook.com/docs/graph-api/reference/user/) |\n| `message` | A string describing the request. | `string` |\n| `created_time` | Timestamp when the request was created. | `datetime` |\n",
        "line_start": 80,
        "line_end": 89
    },
    "6": {
        "content": "Source document: ../data/platform-docs-versions/Facebook_Graph-API/Request Endpoint.md\nParagraph location: \n\tRequest `/{request-id}`\n\tPublishing\n\nContent: \n## Publishing  \nYou can't publish using this endpoint.  \nRequests are published via the [Game Request Dialog](https://developers.facebook.com/docs/games/requests). If your app is a **Game** you can publish app requests using the [`/{user-id}/apprequests` edge](https://developers.facebook.com/docs/graph-api/reference/user/apprequests/).\n",
        "line_start": 91,
        "line_end": 94
    },
    "7": {
        "content": "Source document: ../data/platform-docs-versions/Facebook_Graph-API/Request Endpoint.md\nParagraph location: \n\tRequest `/{request-id}`\n\tDeleting\n\nContent: \n## Deleting  \nHTTPPHP SDKJavaScript SDKAndroid SDKiOS SDK  \nDELETE /v19.0/{request-id} HTTP/1.1\nHost: graph.facebook.com  \n/* PHP SDK v5.0.0 */\n/* make the API call */\ntry {\n// Returns a `Facebook\\FacebookResponse` object\n$response = $fb->delete(\n'/{request-id}',\narray (),\n'{access-token}'\n);\n} catch(Facebook\\Exceptions\\FacebookResponseException $e) {\necho 'Graph returned an error: ' . $e->getMessage();\nexit;\n} catch(Facebook\\Exceptions\\FacebookSDKException $e) {\necho 'Facebook SDK returned an error: ' . $e->getMessage();\nexit;\n}\n$graphNode = $response->getGraphNode();\n/* handle the result */  \n/* make the API call */\nFB.api(\n\"/{request-id}\",\n\"DELETE\",\nfunction (response) {\nif (response && !response.error) {\n/* handle the result */\n}\n}\n);  \n/* make the API call */\nnew GraphRequest(\nAccessToken.getCurrentAccessToken(),\n\"/{request-id}\",\nnull,\nHttpMethod.DELETE,\nnew GraphRequest.Callback() {\npublic void onCompleted(GraphResponse response) {\n/* handle the result */\n}\n}\n).executeAsync();  \n/* make the API call */\nFBSDKGraphRequest *request = [[FBSDKGraphRequest alloc]\ninitWithGraphPath:@\"/{request-id}\"\nparameters:params\nHTTPMethod:@\"DELETE\"];\n[request startWithCompletionHandler:^(FBSDKGraphRequestConnection *connection,\nid result,\nNSError *error) {\n// Handle the result\n}];\n",
        "line_start": 97,
        "line_end": 151
    },
    "8": {
        "content": "Source document: ../data/platform-docs-versions/Facebook_Graph-API/Request Endpoint.md\nParagraph location: \n\tRequest `/{request-id}`\n\tDeleting\n\tPermissions\n\nContent: \n### Permissions  \n* A user access token is required if you are using only the Request object ID. The request must also have been sent to the person whose access token you are using.  \n* An app access token can be used when you are using the concatenated Request object ID and user ID string.\n",
        "line_start": 73,
        "line_end": 76
    },
    "9": {
        "content": "Source document: ../data/platform-docs-versions/Facebook_Graph-API/Request Endpoint.md\nParagraph location: \n\tRequest `/{request-id}`\n\tDeleting\n\tResponse\n\nContent: \n### Response  \nIf successful:  \n{\n\"success\": true\n}  \nOtherwise a relevant error message will be returned.\n",
        "line_start": 169,
        "line_end": 175
    },
    "10": {
        "content": "Source document: ../data/platform-docs-versions/Facebook_Graph-API/Request Endpoint.md\nParagraph location: \n\tRequest `/{request-id}`\n\tUpdating\n\nContent: \n## Updating  \nYou can't update using this endpoint.  \n![](https://www.facebook.com/tr?id=675141479195042&ev=PageView&noscript=1)  \n![](https://www.facebook.com/tr?id=574561515946252&ev=PageView&noscript=1)  \n![](https://www.facebook.com/tr?id=1754628768090156&ev=PageView&noscript=1)\n",
        "line_start": 179,
        "line_end": 184
    }
}