{
    "0": {
        "content": "Source document: ../data/platform-docs-versions/Facebook_Graph-API/Video poll Endpoint.md\nParagraph location: \n\tResource URL: https://developers.facebook.com/docs/graph-api/reference/video-poll/\n\nContent: \n# Resource URL: https://developers.facebook.com/docs/graph-api/reference/video-poll/\n",
        "line_start": 0,
        "line_end": 1
    },
    "1": {
        "content": "Source document: ../data/platform-docs-versions/Facebook_Graph-API/Video poll Endpoint.md\nParagraph location: \n\tVideo Poll\n\tReading\n\tFeature Permissions\n\nContent: \n### Feature Permissions  \n| Name | Description |\n| --- | --- |\n| Live video API | This [feature permission](https://developers.facebook.com/docs/videos/live-video-api/) may be required. |\n",
        "line_start": 7,
        "line_end": 11
    },
    "2": {
        "content": "Source document: ../data/platform-docs-versions/Facebook_Graph-API/Video poll Endpoint.md\nParagraph location: \n\tVideo Poll\n\tReading\n\tExample\n\nContent: \n### Example  \nHTTPPHP SDKJavaScript SDKAndroid SDKiOS SDK[Graph API Explorer](https://developers.facebook.com/tools/explorer/?method=GET&path=%7Bvideo-poll-id%7D&version=v19.0)  \nGET /v19.0/{video-poll-id} HTTP/1.1\nHost: graph.facebook.com  \n/* PHP SDK v5.0.0 */\n/* make the API call */\ntry {\n// Returns a `Facebook\\FacebookResponse` object\n$response = $fb->get(\n'/{video-poll-id}',\n'{access-token}'\n);\n} catch(Facebook\\Exceptions\\FacebookResponseException $e) {\necho 'Graph returned an error: ' . $e->getMessage();\nexit;\n} catch(Facebook\\Exceptions\\FacebookSDKException $e) {\necho 'Facebook SDK returned an error: ' . $e->getMessage();\nexit;\n}\n$graphNode = $response->getGraphNode();\n/* handle the result */  \n/* make the API call */\nFB.api(\n\"/{video-poll-id}\",\nfunction (response) {\nif (response && !response.error) {\n/* handle the result */\n}\n}\n);  \n/* make the API call */\nnew GraphRequest(\nAccessToken.getCurrentAccessToken(),\n\"/{video-poll-id}\",\nnull,\nHttpMethod.GET,\nnew GraphRequest.Callback() {\npublic void onCompleted(GraphResponse response) {\n/* handle the result */\n}\n}\n).executeAsync();  \n/* make the API call */\nFBSDKGraphRequest *request = [[FBSDKGraphRequest alloc]\ninitWithGraphPath:@\"/{video-poll-id}\"\nparameters:params\nHTTPMethod:@\"GET\"];\n[request startWithCompletionHandler:^(FBSDKGraphRequestConnection *connection,\nid result,\nNSError *error) {\n// Handle the result\n}];  \nIf you want to learn how to use the Graph API, read our [Using Graph API guide](https://developers.facebook.com/docs/graph-api/using-graph-api/).\n",
        "line_start": 13,
        "line_end": 66
    },
    "3": {
        "content": "Source document: ../data/platform-docs-versions/Facebook_Graph-API/Video poll Endpoint.md\nParagraph location: \n\tVideo Poll\n\tReading\n\tParameters\n\nContent: \n### Parameters  \nThis endpoint doesn't have any parameters.\n",
        "line_start": 74,
        "line_end": 76
    },
    "4": {
        "content": "Source document: ../data/platform-docs-versions/Facebook_Graph-API/Video poll Endpoint.md\nParagraph location: \n\tVideo Poll\n\tReading\n\tFields\n\nContent: \n### Fields  \n| Field | Description |\n| --- | --- |\n| `id`<br><br>numeric string | The poll ID<br><br>[Core](https://developers.facebook.com/docs/apps/versions/#coreextended)[Default](https://developers.facebook.com/docs/graph-api/using-graph-api/#fields) |\n| `question`<br><br>string | The poll question text |\n| `show_results`<br><br>bool | True if this is a Live poll and voting is open and the results show after voting |\n| `status`<br><br>enum {closed, voting\\_open, results\\_open} | Live poll status |\n",
        "line_start": 78,
        "line_end": 85
    },
    "5": {
        "content": "Source document: ../data/platform-docs-versions/Facebook_Graph-API/Video poll Endpoint.md\nParagraph location: \n\tVideo Poll\n\tReading\n\tEdges\n\nContent: \n### Edges  \n| Edge | Description |\n| --- | --- |\n| [`poll_options`](https://developers.facebook.com/docs/graph-api/reference/video-poll/poll_options/) | Options available on this poll |\n",
        "line_start": 87,
        "line_end": 91
    },
    "6": {
        "content": "Source document: ../data/platform-docs-versions/Facebook_Graph-API/Video poll Endpoint.md\nParagraph location: \n\tVideo Poll\n\tReading\n\tError Codes\n\nContent: \n### Error Codes  \n| Error | Description |\n| --- | --- |\n| 100 | Invalid parameter |\n",
        "line_start": 93,
        "line_end": 97
    },
    "7": {
        "content": "Source document: ../data/platform-docs-versions/Facebook_Graph-API/Video poll Endpoint.md\nParagraph location: \n\tVideo Poll\n\tCreating\n\nContent: \n## Creating  \nYou can make a POST request to `polls` edge from the following paths:  \n* [`/{live_video_id}/polls`](https://developers.facebook.com/docs/graph-api/reference/live-video/polls/)  \nWhen posting to this edge, a\u00a0[VideoPoll](https://developers.facebook.com/docs/graph-api/reference/video-poll/) will be created.\n",
        "line_start": 99,
        "line_end": 103
    },
    "8": {
        "content": "Source document: ../data/platform-docs-versions/Facebook_Graph-API/Video poll Endpoint.md\nParagraph location: \n\tVideo Poll\n\tCreating\n\tParameters\n\nContent: \n### Parameters  \n| Parameter | Description |\n| --- | --- |\n| `correct_option`<br><br>int64 | Number of the correct option (in order, starting from 1) |\n| `options`<br><br>array<string> | Text options for users to select in order<br><br>Required |\n| `question`<br><br>string | Question text<br><br>Required |\n| `show_results`<br><br>boolean | True to show the results after voting, otherwise false |\n",
        "line_start": 74,
        "line_end": 81
    },
    "9": {
        "content": "Source document: ../data/platform-docs-versions/Facebook_Graph-API/Video poll Endpoint.md\nParagraph location: \n\tVideo Poll\n\tCreating\n\tReturn Type\n\nContent: \n### Return Type  \nThis endpoint supports [read-after-write](https://developers.facebook.com/docs/graph-api/advanced/#read-after-write) and will read the node represented by `id` in the return type.  \nStruct {  \n`id`: numeric string,  \n`option_ids`: List \\[  \nnumeric string  \n\\],  \n}\n",
        "line_start": 116,
        "line_end": 124
    },
    "10": {
        "content": "Source document: ../data/platform-docs-versions/Facebook_Graph-API/Video poll Endpoint.md\nParagraph location: \n\tVideo Poll\n\tCreating\n\tError Codes\n\nContent: \n### Error Codes  \n| Error | Description |\n| --- | --- |\n| 200 | Permissions error |\n| 100 | Invalid parameter |\n",
        "line_start": 93,
        "line_end": 98
    },
    "11": {
        "content": "Source document: ../data/platform-docs-versions/Facebook_Graph-API/Video poll Endpoint.md\nParagraph location: \n\tVideo Poll\n\tUpdating\n\nContent: \n## Updating  \nYou can update a\u00a0[VideoPoll](https://developers.facebook.com/docs/graph-api/reference/video-poll/) by making a POST request to [`/{video_poll_id}`](https://developers.facebook.com/docs/graph-api/reference/video-poll/).\n",
        "line_start": 139,
        "line_end": 141
    },
    "12": {
        "content": "Source document: ../data/platform-docs-versions/Facebook_Graph-API/Video poll Endpoint.md\nParagraph location: \n\tVideo Poll\n\tUpdating\n\tParameters\n\nContent: \n### Parameters  \n| Parameter | Description |\n| --- | --- |\n| `action`<br><br>enum {ATTACH\\_TO\\_VIDEO, CLOSE, SHOW\\_VOTING, SHOW\\_RESULTS, DELETE\\_POLL} | Change state for the poll<br><br>Required |\n| `show_results`<br><br>boolean | True if the viewer sees results after voting, false if they do not |\n",
        "line_start": 74,
        "line_end": 79
    },
    "13": {
        "content": "Source document: ../data/platform-docs-versions/Facebook_Graph-API/Video poll Endpoint.md\nParagraph location: \n\tVideo Poll\n\tUpdating\n\tReturn Type\n\nContent: \n### Return Type  \nThis endpoint supports [read-after-write](https://developers.facebook.com/docs/graph-api/advanced/#read-after-write) and will read the node represented by `id` in the return type.  \nStruct {  \n`success`: bool,  \n}\n",
        "line_start": 116,
        "line_end": 121
    },
    "14": {
        "content": "Source document: ../data/platform-docs-versions/Facebook_Graph-API/Video poll Endpoint.md\nParagraph location: \n\tVideo Poll\n\tUpdating\n\tError Codes\n\nContent: \n### Error Codes  \n| Error | Description |\n| --- | --- |\n| 100 | Invalid parameter |\n",
        "line_start": 93,
        "line_end": 97
    },
    "15": {
        "content": "Source document: ../data/platform-docs-versions/Facebook_Graph-API/Video poll Endpoint.md\nParagraph location: \n\tVideo Poll\n\tDeleting\n\nContent: \n## Deleting  \nYou can't perform this operation on this endpoint.  \n![](https://www.facebook.com/tr?id=675141479195042&ev=PageView&noscript=1)  \n![](https://www.facebook.com/tr?id=574561515946252&ev=PageView&noscript=1)  \n![](https://www.facebook.com/tr?id=1754628768090156&ev=PageView&noscript=1)\n",
        "line_start": 166,
        "line_end": 171
    },
    "16": {
        "content": "Source document: ../data/platform-docs-versions/Facebook_Graph-API/Video poll Endpoint.md\nParagraph location: \n\tResource URL: https://developers.facebook.com/docs/graph-api/reference/video-poll/poll_options/\n\nContent: \n# Resource URL: https://developers.facebook.com/docs/graph-api/reference/video-poll/poll_options/\n",
        "line_start": 176,
        "line_end": 177
    },
    "17": {
        "content": "Source document: ../data/platform-docs-versions/Facebook_Graph-API/Video poll Endpoint.md\nParagraph location: \n\tVideo Poll Poll Options\n\tReading\n\nContent: \n# Video Poll Poll Options  \n## Reading  \nOptions available for this poll\n",
        "line_start": 177,
        "line_end": 180
    },
    "18": {
        "content": "Source document: ../data/platform-docs-versions/Facebook_Graph-API/Video poll Endpoint.md\nParagraph location: \n\tVideo Poll Poll Options\n\tReading\n\tExample\n\nContent: \n### Example  \nHTTPPHP SDKJavaScript SDKAndroid SDKiOS SDK[Graph API Explorer](https://developers.facebook.com/tools/explorer/?method=GET&path=%7Bvideo-poll-id%7D%2Fpoll_options&version=v19.0)  \nGET /v19.0/{video-poll-id}/poll_options HTTP/1.1\nHost: graph.facebook.com  \n/* PHP SDK v5.0.0 */\n/* make the API call */\ntry {\n// Returns a `Facebook\\FacebookResponse` object\n$response = $fb->get(\n'/{video-poll-id}/poll_options',\n'{access-token}'\n);\n} catch(Facebook\\Exceptions\\FacebookResponseException $e) {\necho 'Graph returned an error: ' . $e->getMessage();\nexit;\n} catch(Facebook\\Exceptions\\FacebookSDKException $e) {\necho 'Facebook SDK returned an error: ' . $e->getMessage();\nexit;\n}\n$graphNode = $response->getGraphNode();\n/* handle the result */  \n/* make the API call */\nFB.api(\n\"/{video-poll-id}/poll_options\",\nfunction (response) {\nif (response && !response.error) {\n/* handle the result */\n}\n}\n);  \n/* make the API call */\nnew GraphRequest(\nAccessToken.getCurrentAccessToken(),\n\"/{video-poll-id}/poll_options\",\nnull,\nHttpMethod.GET,\nnew GraphRequest.Callback() {\npublic void onCompleted(GraphResponse response) {\n/* handle the result */\n}\n}\n).executeAsync();  \n/* make the API call */\nFBSDKGraphRequest *request = [[FBSDKGraphRequest alloc]\ninitWithGraphPath:@\"/{video-poll-id}/poll_options\"\nparameters:params\nHTTPMethod:@\"GET\"];\n[request startWithCompletionHandler:^(FBSDKGraphRequestConnection *connection,\nid result,\nNSError *error) {\n// Handle the result\n}];  \nIf you want to learn how to use the Graph API, read our [Using Graph API guide](https://developers.facebook.com/docs/graph-api/using-graph-api/).\n",
        "line_start": 13,
        "line_end": 66
    },
    "19": {
        "content": "Source document: ../data/platform-docs-versions/Facebook_Graph-API/Video poll Endpoint.md\nParagraph location: \n\tVideo Poll Poll Options\n\tReading\n\tParameters\n\nContent: \n### Parameters  \nThis endpoint doesn't have any parameters.\n",
        "line_start": 74,
        "line_end": 76
    },
    "20": {
        "content": "Source document: ../data/platform-docs-versions/Facebook_Graph-API/Video poll Endpoint.md\nParagraph location: \n\tVideo Poll Poll Options\n\tReading\n\tFields\n\nContent: \n### Fields  \nReading from this edge will return a JSON formatted result:  \n{\n\"`data`\": \\[\\],\n\"`paging`\": {}\n}  \n#### `data`  \nA list of [VideoPollOption](https://developers.facebook.com/docs/graph-api/reference/video-poll-option/) nodes.  \n#### `paging`  \nFor more details about pagination, see the [Graph API guide](https://developers.facebook.com/docs/graph-api/using-graph-api/#paging).\n",
        "line_start": 78,
        "line_end": 88
    },
    "21": {
        "content": "Source document: ../data/platform-docs-versions/Facebook_Graph-API/Video poll Endpoint.md\nParagraph location: \n\tVideo Poll Poll Options\n\tReading\n\tError Codes\n\nContent: \n### Error Codes  \n| Error | Description |\n| --- | --- |\n| 100 | Invalid parameter |\n",
        "line_start": 93,
        "line_end": 97
    },
    "22": {
        "content": "Source document: ../data/platform-docs-versions/Facebook_Graph-API/Video poll Endpoint.md\nParagraph location: \n\tVideo Poll Poll Options\n\tCreating\n\nContent: \n## Creating  \nYou can't perform this operation on this endpoint.\n",
        "line_start": 99,
        "line_end": 101
    },
    "23": {
        "content": "Source document: ../data/platform-docs-versions/Facebook_Graph-API/Video poll Endpoint.md\nParagraph location: \n\tVideo Poll Poll Options\n\tUpdating\n\nContent: \n## Updating  \nYou can't perform this operation on this endpoint.\n",
        "line_start": 139,
        "line_end": 141
    },
    "24": {
        "content": "Source document: ../data/platform-docs-versions/Facebook_Graph-API/Video poll Endpoint.md\nParagraph location: \n\tVideo Poll Poll Options\n\tDeleting\n\nContent: \n## Deleting  \nYou can't perform this operation on this endpoint.  \n![](https://www.facebook.com/tr?id=675141479195042&ev=PageView&noscript=1)  \n![](https://www.facebook.com/tr?id=574561515946252&ev=PageView&noscript=1)  \n![](https://www.facebook.com/tr?id=1754628768090156&ev=PageView&noscript=1)\n",
        "line_start": 166,
        "line_end": 171
    },
    "25": {
        "content": "Source document: ../data/platform-docs-versions/Facebook_Graph-API/Video poll Endpoint.md\nParagraph location: \n\tResource URL: https://developers.facebook.com/docs/graph-api/reference/video-poll-option/\n\nContent: \n# Resource URL: https://developers.facebook.com/docs/graph-api/reference/video-poll-option/\n",
        "line_start": 289,
        "line_end": 290
    },
    "26": {
        "content": "Source document: ../data/platform-docs-versions/Facebook_Graph-API/Video poll Endpoint.md\nParagraph location: \n\tVideo Poll Option\n\tReading\n\nContent: \n# Video Poll Option  \n## Reading  \nRepresents a single poll option that may be selected by the user\n",
        "line_start": 290,
        "line_end": 293
    },
    "27": {
        "content": "Source document: ../data/platform-docs-versions/Facebook_Graph-API/Video poll Endpoint.md\nParagraph location: \n\tVideo Poll Option\n\tReading\n\tFeature Permissions\n\nContent: \n### Feature Permissions  \n| Name | Description |\n| --- | --- |\n| `Live Video API` | This is a required [feature permission](https://developers.facebook.com/docs/apps/review/feature/) |\n",
        "line_start": 7,
        "line_end": 11
    },
    "28": {
        "content": "Source document: ../data/platform-docs-versions/Facebook_Graph-API/Video poll Endpoint.md\nParagraph location: \n\tVideo Poll Option\n\tReading\n\tExample\n\nContent: \n### Example  \nHTTPPHP SDKJavaScript SDKAndroid SDKiOS SDK[Graph API Explorer](https://developers.facebook.com/tools/explorer/?method=GET&path=%7Bvideo-poll-option-id%7D&version=v19.0)  \nGET /v19.0/{video-poll-option-id} HTTP/1.1\nHost: graph.facebook.com  \n/* PHP SDK v5.0.0 */\n/* make the API call */\ntry {\n// Returns a `Facebook\\FacebookResponse` object\n$response = $fb->get(\n'/{video-poll-option-id}',\n'{access-token}'\n);\n} catch(Facebook\\Exceptions\\FacebookResponseException $e) {\necho 'Graph returned an error: ' . $e->getMessage();\nexit;\n} catch(Facebook\\Exceptions\\FacebookSDKException $e) {\necho 'Facebook SDK returned an error: ' . $e->getMessage();\nexit;\n}\n$graphNode = $response->getGraphNode();\n/* handle the result */  \n/* make the API call */\nFB.api(\n\"/{video-poll-option-id}\",\nfunction (response) {\nif (response && !response.error) {\n/* handle the result */\n}\n}\n);  \n/* make the API call */\nnew GraphRequest(\nAccessToken.getCurrentAccessToken(),\n\"/{video-poll-option-id}\",\nnull,\nHttpMethod.GET,\nnew GraphRequest.Callback() {\npublic void onCompleted(GraphResponse response) {\n/* handle the result */\n}\n}\n).executeAsync();  \n/* make the API call */\nFBSDKGraphRequest *request = [[FBSDKGraphRequest alloc]\ninitWithGraphPath:@\"/{video-poll-option-id}\"\nparameters:params\nHTTPMethod:@\"GET\"];\n[request startWithCompletionHandler:^(FBSDKGraphRequestConnection *connection,\nid result,\nNSError *error) {\n// Handle the result\n}];  \nIf you want to learn how to use the Graph API, read our [Using Graph API guide](https://developers.facebook.com/docs/graph-api/using-graph-api/).\n",
        "line_start": 13,
        "line_end": 66
    },
    "29": {
        "content": "Source document: ../data/platform-docs-versions/Facebook_Graph-API/Video poll Endpoint.md\nParagraph location: \n\tVideo Poll Option\n\tReading\n\tParameters\n\nContent: \n### Parameters  \nThis endpoint doesn't have any parameters.\n",
        "line_start": 74,
        "line_end": 76
    },
    "30": {
        "content": "Source document: ../data/platform-docs-versions/Facebook_Graph-API/Video poll Endpoint.md\nParagraph location: \n\tVideo Poll Option\n\tReading\n\tFields\n\nContent: \n### Fields  \n| Field | Description |\n| --- | --- |\n| `id`<br><br>numeric string | Poll option ID<br><br>[Core](https://developers.facebook.com/docs/apps/versions/#coreextended) |\n| `is_correct`<br><br>bool | True if this answer is considered correct, otherwise false |\n| `order`<br><br>int32 | Options appear in increasing numerical order within a poll |\n| `text`<br><br>string | Text to display to the user for this option<br><br>[Default](https://developers.facebook.com/docs/graph-api/using-graph-api/#fields) |\n| `total_votes`<br><br>int32 | Total number of votes for this option |\n",
        "line_start": 78,
        "line_end": 86
    },
    "31": {
        "content": "Source document: ../data/platform-docs-versions/Facebook_Graph-API/Video poll Endpoint.md\nParagraph location: \n\tVideo Poll Option\n\tReading\n\tError Codes\n\nContent: \n### Error Codes  \n| Error | Description |\n| --- | --- |\n| 100 | Invalid parameter |\n",
        "line_start": 93,
        "line_end": 97
    },
    "32": {
        "content": "Source document: ../data/platform-docs-versions/Facebook_Graph-API/Video poll Endpoint.md\nParagraph location: \n\tVideo Poll Option\n\tCreating\n\nContent: \n## Creating  \nYou can't perform this operation on this endpoint.\n",
        "line_start": 99,
        "line_end": 101
    },
    "33": {
        "content": "Source document: ../data/platform-docs-versions/Facebook_Graph-API/Video poll Endpoint.md\nParagraph location: \n\tVideo Poll Option\n\tUpdating\n\nContent: \n## Updating  \nYou can't perform this operation on this endpoint.\n",
        "line_start": 139,
        "line_end": 141
    },
    "34": {
        "content": "Source document: ../data/platform-docs-versions/Facebook_Graph-API/Video poll Endpoint.md\nParagraph location: \n\tVideo Poll Option\n\tDeleting\n\nContent: \n## Deleting  \nYou can't perform this operation on this endpoint.  \n![](https://www.facebook.com/tr?id=675141479195042&ev=PageView&noscript=1)  \n![](https://www.facebook.com/tr?id=574561515946252&ev=PageView&noscript=1)  \n![](https://www.facebook.com/tr?id=1754628768090156&ev=PageView&noscript=1)\n",
        "line_start": 166,
        "line_end": 171
    }
}