{
    "0": {
        "content": "Source document: ../data/platform-docs-versions/Facebook_Graph-API/Video copyright Endpoint.md\nParagraph location: \n\tResource URL: https://developers.facebook.com/docs/graph-api/reference/video-copyright/\n\nContent: \n# Resource URL: https://developers.facebook.com/docs/graph-api/reference/video-copyright/\n",
        "line_start": 0,
        "line_end": 1
    },
    "1": {
        "content": "Source document: ../data/platform-docs-versions/Facebook_Graph-API/Video copyright Endpoint.md\nParagraph location: \n\tVideo Copyright\n\tReading\n\tNew Page Experience\n\nContent: \n### New Page Experience  \nThis endpoint is supported for [New Page Experience](https://developers.facebook.com/docs/pages/new-pages-experience/).\n",
        "line_start": 7,
        "line_end": 9
    },
    "2": {
        "content": "Source document: ../data/platform-docs-versions/Facebook_Graph-API/Video copyright Endpoint.md\nParagraph location: \n\tVideo Copyright\n\tReading\n\tExample\n\nContent: \n### Example  \nHTTPPHP SDKJavaScript SDKAndroid SDKiOS SDK[Graph API Explorer](https://developers.facebook.com/tools/explorer/?method=GET&path=%7Bvideo-copyright-id%7D&version=v19.0)  \nGET /v19.0/{video-copyright-id} HTTP/1.1\nHost: graph.facebook.com  \n/* PHP SDK v5.0.0 */\n/* make the API call */\ntry {\n// Returns a `Facebook\\FacebookResponse` object\n$response = $fb->get(\n'/{video-copyright-id}',\n'{access-token}'\n);\n} catch(Facebook\\Exceptions\\FacebookResponseException $e) {\necho 'Graph returned an error: ' . $e->getMessage();\nexit;\n} catch(Facebook\\Exceptions\\FacebookSDKException $e) {\necho 'Facebook SDK returned an error: ' . $e->getMessage();\nexit;\n}\n$graphNode = $response->getGraphNode();\n/* handle the result */  \n/* make the API call */\nFB.api(\n\"/{video-copyright-id}\",\nfunction (response) {\nif (response && !response.error) {\n/* handle the result */\n}\n}\n);  \n/* make the API call */\nnew GraphRequest(\nAccessToken.getCurrentAccessToken(),\n\"/{video-copyright-id}\",\nnull,\nHttpMethod.GET,\nnew GraphRequest.Callback() {\npublic void onCompleted(GraphResponse response) {\n/* handle the result */\n}\n}\n).executeAsync();  \n/* make the API call */\nFBSDKGraphRequest *request = [[FBSDKGraphRequest alloc]\ninitWithGraphPath:@\"/{video-copyright-id}\"\nparameters:params\nHTTPMethod:@\"GET\"];\n[request startWithCompletionHandler:^(FBSDKGraphRequestConnection *connection,\nid result,\nNSError *error) {\n// Handle the result\n}];  \nIf you want to learn how to use the Graph API, read our [Using Graph API guide](https://developers.facebook.com/docs/graph-api/using-graph-api/).\n",
        "line_start": 11,
        "line_end": 64
    },
    "3": {
        "content": "Source document: ../data/platform-docs-versions/Facebook_Graph-API/Video copyright Endpoint.md\nParagraph location: \n\tVideo Copyright\n\tReading\n\tParameters\n\nContent: \n### Parameters  \nThis endpoint doesn't have any parameters.\n",
        "line_start": 72,
        "line_end": 74
    },
    "4": {
        "content": "Source document: ../data/platform-docs-versions/Facebook_Graph-API/Video copyright Endpoint.md\nParagraph location: \n\tVideo Copyright\n\tReading\n\tFields\n\nContent: \n### Fields  \n| Field | Description |\n| --- | --- |\n| `id`<br><br>numeric string | The video copyright ID<br><br>[Default](https://developers.facebook.com/docs/graph-api/using-graph-api/#fields) |\n| `content_category`<br><br>enum | The content category of the reference file.<br><br>[Default](https://developers.facebook.com/docs/graph-api/using-graph-api/#fields) |\n| `copyright_content_id`<br><br>numeric string | The copyright content ID<br><br>[Default](https://developers.facebook.com/docs/graph-api/using-graph-api/#fields) |\n| `creator`<br><br>[User](https://developers.facebook.com/docs/graph-api/reference/user/) | The account that created the copyright<br><br>[Default](https://developers.facebook.com/docs/graph-api/using-graph-api/#fields) |\n| `excluded_ownership_segments`<br><br>list<VideoCopyrightSegment> | The list of audio and video segments excluded from copyright monitoring. This includes both self-defined excluded segments as well as system generated excluded segments. |\n| `in_conflict`<br><br>bool | Whether the video copyright is in active conflict with another rights owner's video copyright.<br><br>[Default](https://developers.facebook.com/docs/graph-api/using-graph-api/#fields) |\n| `monitoring_status`<br><br>enum | Whether the video is monitored successfully for copyright. The status could be NOT\\_EXAMINED, COPYRIGHTED, and ERROR.<br><br>[Default](https://developers.facebook.com/docs/graph-api/using-graph-api/#fields) |\n| `monitoring_type`<br><br>enum | Whether the video is monitored for VIDEO, AUDIO, or VIDEO\\_AND\\_AUDIO<br><br>[Default](https://developers.facebook.com/docs/graph-api/using-graph-api/#fields) |\n| `ownership_countries`<br><br>VideoCopyrightGeoGate | Two string arrays of [ISO 3166 format country codes](http://l.facebook.com/l.php?u=http%3A%2F%2Fwww.iso.org%2Fiso%2Fcountry_codes%2Fiso_3166_code_lists%2Fcountry_names_and_code_elements.htm&h=AT35FhNVNIIMHiPSM7VqW_So1AnusbmiaTJuENUa7wk5_rzcERJ0huReUEBPNf7jNzdeFbeti35cUn1zmRM_Ls9X9LZhGxCsXXjsxME-tqgy2g4xBVw-IX5IM5wvQvqNb2128NOWh3_k0BO0). `included_countries` are where the owner owns the rights to the content. `excluded_countries` are where the owner does not own the rights to the content. When both lists are empty, rights ownership is worldwide.<br><br>[Default](https://developers.facebook.com/docs/graph-api/using-graph-api/#fields) |\n| `reference_file`<br><br>CopyrightReferenceContainer | The reference file<br><br>[Default](https://developers.facebook.com/docs/graph-api/using-graph-api/#fields) |\n| `reference_file_disabled`<br><br>bool | Whether the reference file is disabled.<br><br>[Default](https://developers.facebook.com/docs/graph-api/using-graph-api/#fields) |\n| `reference_file_disabled_by_ops`<br><br>bool | Whether the reference file has been disabled by ops.<br><br>[Default](https://developers.facebook.com/docs/graph-api/using-graph-api/#fields) |\n| `reference_owner_id`<br><br>string | The ID of the reference video owner<br><br>[Default](https://developers.facebook.com/docs/graph-api/using-graph-api/#fields) |\n| `rule_ids`<br><br>[list<VideoCopyrightRule>](https://developers.facebook.com/docs/graph-api/reference/video-copyright-rule/) | A list of matching rules applied to the copyrighted content<br><br>[Default](https://developers.facebook.com/docs/graph-api/using-graph-api/#fields) |\n| `tags`<br><br>list<string> | The tags/keywords associated with the copyright |\n| `whitelisted_ids`<br><br>list<numeric string> | A list of page IDs or user IDs, who are allowed to use the copyrighted content.<br><br>[Default](https://developers.facebook.com/docs/graph-api/using-graph-api/#fields) |\n",
        "line_start": 76,
        "line_end": 95
    },
    "5": {
        "content": "Source document: ../data/platform-docs-versions/Facebook_Graph-API/Video copyright Endpoint.md\nParagraph location: \n\tVideo Copyright\n\tReading\n\tEdges\n\nContent: \n### Edges  \n| Edge | Description |\n| --- | --- |\n| [`update_records`](https://developers.facebook.com/docs/graph-api/reference/video-copyright/update_records/) | Update records of the copyright |\n",
        "line_start": 97,
        "line_end": 101
    },
    "6": {
        "content": "Source document: ../data/platform-docs-versions/Facebook_Graph-API/Video copyright Endpoint.md\nParagraph location: \n\tVideo Copyright\n\tReading\n\tError Codes\n\nContent: \n### Error Codes  \n| Error | Description |\n| --- | --- |\n| 100 | Invalid parameter |\n",
        "line_start": 103,
        "line_end": 107
    },
    "7": {
        "content": "Source document: ../data/platform-docs-versions/Facebook_Graph-API/Video copyright Endpoint.md\nParagraph location: \n\tVideo Copyright\n\tCreating\n\nContent: \n## Creating  \nYou can't perform this operation on this endpoint.\n",
        "line_start": 109,
        "line_end": 111
    },
    "8": {
        "content": "Source document: ../data/platform-docs-versions/Facebook_Graph-API/Video copyright Endpoint.md\nParagraph location: \n\tVideo Copyright\n\tUpdating\n\nContent: \n## Updating  \nYou can update a\u00a0[VideoCopyright](https://developers.facebook.com/docs/graph-api/reference/video-copyright/) by making a POST request to [`/{video_copyright_id}`](https://developers.facebook.com/docs/graph-api/reference/video-copyright/).\n",
        "line_start": 113,
        "line_end": 115
    },
    "9": {
        "content": "Source document: ../data/platform-docs-versions/Facebook_Graph-API/Video copyright Endpoint.md\nParagraph location: \n\tVideo Copyright\n\tUpdating\n\tParameters\n\nContent: \n### Parameters  \n| Parameter | Description |\n| --- | --- |\n| `append_excluded_ownership_segments`<br><br>boolean | If true, append the excluded ownership segments instead of replacing them |\n| `attribution_id`<br><br>numeric string or integer | The ID of the attribution to be displayed for valid monitored videos matching this content. |\n| `content_category`<br><br>enum {episode, movie, web} | The content category of the copyrighted reference file. |\n| `excluded_ownership_countries`<br><br>list<UTF-8 encoded string> | A string array of [ISO 3166 format country codes](http://l.facebook.com/l.php?u=http%3A%2F%2Fwww.iso.org%2Fiso%2Fcountry_codes%2Fiso_3166_code_lists%2Fcountry_names_and_code_elements.htm&h=AT3N0plpn845_3n1WESaRUTGS2sUxFHCxyEXmWutd_Gk9h1G1urdV69aZUfuOkqtr5BWaA_4HBQc9Ojb5yRFhmy6O_DlV0omMAMPFe9UOZbDtCvWWwAm6yiWpKmf9SYtmx3ln7koxqN99DzJ), where the owner does not own the rights to the content |\n| `excluded_ownership_segments`<br><br>list<Video Match Segment> | An array of match segments to exclude from the matching algorithm. System generated excluded segments may not be replaced. |\n| `start_time_in_sec`<br><br>float | Required |\n| `media_type`<br><br>enum {VIDEO\\_AND\\_AUDIO, VIDEO\\_ONLY, AUDIO\\_ONLY} | Required |\n| `duration_in_sec`<br><br>float | Required |\n| `segment_source`<br><br>enum {PUBLISHER\\_DEFINED, PAUSE\\_LIVE\\_MONITORING, LABEL\\_MUTED, PUBLISHER\\_MUTED, MUSIC\\_RESTRICTION\\_MUTED\\_STILL\\_VIDEO, MUSIC\\_RESTRICTION\\_MUTED\\_MULTI\\_TRACK, AUDIO\\_LIBRARY\\_USAGE, MELODY, INELIGIBLE\\_CONTENT} | Default value: `PUBLISHER_DEFINED` |\n| `is_reference_disabled`<br><br>boolean | If true, stop creating matches for the reference file. |\n| `monitoring_type`<br><br>enum {VIDEO\\_AND\\_AUDIO, VIDEO\\_ONLY, AUDIO\\_ONLY} | Setting to indicate whether the content has copyright ownership on video, audio, or both. |\n| `ownership_countries`<br><br>list<UTF-8 encoded string> | A string array of [ISO 3166 format country codes](http://l.facebook.com/l.php?u=http%3A%2F%2Fwww.iso.org%2Fiso%2Fcountry_codes%2Fiso_3166_code_lists%2Fcountry_names_and_code_elements.htm&h=AT1ov9V4j-_SCXNokaqepVrl4aYDdN3I-qYWigLqshtNvsPBJR3ljjdFxTt8-hwSiYfu2ectDQ6IxCnpaOgw5B-8LLaUPzf81XpoyW5RWFsFv0bv4ORc4FEcTfVEbgkE4Xks5nzm3LVlT5uD), where the owner owns the rights to the content |\n| `rule_id`<br><br>numeric string or integer | A copyright policy to be applied to the copyrighted content. |\n| `whitelisted_ids`<br><br>list<numeric string> | A list of page IDs or user IDs, who are allowed to use the copyrighted content. |\n| `whitelisted_ig_user_ids`<br><br>list<numeric string> | A list of Instagram user IDs who are allowed to use the copyrighted content. |\n",
        "line_start": 72,
        "line_end": 90
    },
    "10": {
        "content": "Source document: ../data/platform-docs-versions/Facebook_Graph-API/Video copyright Endpoint.md\nParagraph location: \n\tVideo Copyright\n\tUpdating\n\tReturn Type\n\nContent: \n### Return Type  \nThis endpoint supports [read-after-write](https://developers.facebook.com/docs/graph-api/advanced/#read-after-write) and will read the node to which you POSTed.  \nStruct {  \n`success`: bool,  \n}\n",
        "line_start": 137,
        "line_end": 142
    },
    "11": {
        "content": "Source document: ../data/platform-docs-versions/Facebook_Graph-API/Video copyright Endpoint.md\nParagraph location: \n\tVideo Copyright\n\tUpdating\n\tError Codes\n\nContent: \n### Error Codes  \n| Error | Description |\n| --- | --- |\n| 100 | Invalid parameter |\n",
        "line_start": 103,
        "line_end": 107
    },
    "12": {
        "content": "Source document: ../data/platform-docs-versions/Facebook_Graph-API/Video copyright Endpoint.md\nParagraph location: \n\tVideo Copyright\n\tDeleting\n\nContent: \n## Deleting  \nYou can't perform this operation on this endpoint.  \n![](https://www.facebook.com/tr?id=675141479195042&ev=PageView&noscript=1)  \n![](https://www.facebook.com/tr?id=574561515946252&ev=PageView&noscript=1)  \n![](https://www.facebook.com/tr?id=1754628768090156&ev=PageView&noscript=1)\n",
        "line_start": 153,
        "line_end": 158
    },
    "13": {
        "content": "Source document: ../data/platform-docs-versions/Facebook_Graph-API/Video copyright Endpoint.md\nParagraph location: \n\tResource URL: https://developers.facebook.com/docs/graph-api/reference/video-copyright/update_records/\n\nContent: \n# Resource URL: https://developers.facebook.com/docs/graph-api/reference/video-copyright/update_records/\n",
        "line_start": 163,
        "line_end": 164
    },
    "14": {
        "content": "Source document: ../data/platform-docs-versions/Facebook_Graph-API/Video copyright Endpoint.md\nParagraph location: \n\tVideo Copyright Update Records\n\tReading\n\nContent: \n# Video Copyright Update Records  \n## Reading  \nUpdate history records for on video reference files  \nStarting September 14, 2021, this endpoint will throw an error for version 12.0+ calls made by apps that lack the endpoint's required permissions. This change will apply to all versions on December 13, 2021.\n",
        "line_start": 164,
        "line_end": 168
    },
    "15": {
        "content": "Source document: ../data/platform-docs-versions/Facebook_Graph-API/Video copyright Endpoint.md\nParagraph location: \n\tVideo Copyright Update Records\n\tReading\n\tExample\n\nContent: \n### Example  \nHTTPPHP SDKJavaScript SDKAndroid SDKiOS SDK[Graph API Explorer](https://developers.facebook.com/tools/explorer/?method=GET&path=%7Bvideo-copyright-id%7D%2Fupdate_records&version=v19.0)  \nGET /v19.0/{video-copyright-id}/update_records HTTP/1.1\nHost: graph.facebook.com  \n/* PHP SDK v5.0.0 */\n/* make the API call */\ntry {\n// Returns a `Facebook\\FacebookResponse` object\n$response = $fb->get(\n'/{video-copyright-id}/update_records',\n'{access-token}'\n);\n} catch(Facebook\\Exceptions\\FacebookResponseException $e) {\necho 'Graph returned an error: ' . $e->getMessage();\nexit;\n} catch(Facebook\\Exceptions\\FacebookSDKException $e) {\necho 'Facebook SDK returned an error: ' . $e->getMessage();\nexit;\n}\n$graphNode = $response->getGraphNode();\n/* handle the result */  \n/* make the API call */\nFB.api(\n\"/{video-copyright-id}/update_records\",\nfunction (response) {\nif (response && !response.error) {\n/* handle the result */\n}\n}\n);  \n/* make the API call */\nnew GraphRequest(\nAccessToken.getCurrentAccessToken(),\n\"/{video-copyright-id}/update_records\",\nnull,\nHttpMethod.GET,\nnew GraphRequest.Callback() {\npublic void onCompleted(GraphResponse response) {\n/* handle the result */\n}\n}\n).executeAsync();  \n/* make the API call */\nFBSDKGraphRequest *request = [[FBSDKGraphRequest alloc]\ninitWithGraphPath:@\"/{video-copyright-id}/update_records\"\nparameters:params\nHTTPMethod:@\"GET\"];\n[request startWithCompletionHandler:^(FBSDKGraphRequestConnection *connection,\nid result,\nNSError *error) {\n// Handle the result\n}];  \nIf you want to learn how to use the Graph API, read our [Using Graph API guide](https://developers.facebook.com/docs/graph-api/using-graph-api/).\n",
        "line_start": 11,
        "line_end": 64
    },
    "16": {
        "content": "Source document: ../data/platform-docs-versions/Facebook_Graph-API/Video copyright Endpoint.md\nParagraph location: \n\tVideo Copyright Update Records\n\tReading\n\tParameters\n\nContent: \n### Parameters  \nThis endpoint doesn't have any parameters.\n",
        "line_start": 72,
        "line_end": 74
    },
    "17": {
        "content": "Source document: ../data/platform-docs-versions/Facebook_Graph-API/Video copyright Endpoint.md\nParagraph location: \n\tVideo Copyright Update Records\n\tReading\n\tFields\n\nContent: \n### Fields  \nReading from this edge will return a JSON formatted result:  \n{\n\"`data`\": \\[\\],\n\"`paging`\": {}\n}  \n#### `data`  \nA list of MediaCopyrightUpdateRecord nodes.  \n#### `paging`  \nFor more details about pagination, see the [Graph API guide](https://developers.facebook.com/docs/graph-api/using-graph-api/#paging).\n",
        "line_start": 76,
        "line_end": 86
    },
    "18": {
        "content": "Source document: ../data/platform-docs-versions/Facebook_Graph-API/Video copyright Endpoint.md\nParagraph location: \n\tVideo Copyright Update Records\n\tCreating\n\nContent: \n## Creating  \nYou can't perform this operation on this endpoint.\n",
        "line_start": 109,
        "line_end": 111
    },
    "19": {
        "content": "Source document: ../data/platform-docs-versions/Facebook_Graph-API/Video copyright Endpoint.md\nParagraph location: \n\tVideo Copyright Update Records\n\tUpdating\n\nContent: \n## Updating  \nYou can't perform this operation on this endpoint.\n",
        "line_start": 113,
        "line_end": 115
    },
    "20": {
        "content": "Source document: ../data/platform-docs-versions/Facebook_Graph-API/Video copyright Endpoint.md\nParagraph location: \n\tVideo Copyright Update Records\n\tDeleting\n\nContent: \n## Deleting  \nYou can't perform this operation on this endpoint.  \n![](https://www.facebook.com/tr?id=675141479195042&ev=PageView&noscript=1)  \n![](https://www.facebook.com/tr?id=574561515946252&ev=PageView&noscript=1)  \n![](https://www.facebook.com/tr?id=1754628768090156&ev=PageView&noscript=1)\n",
        "line_start": 153,
        "line_end": 158
    }
}