{
    "0": {
        "content": "Source document: ../data/platform-docs-versions/TikTok_Transparency/Information Requests.md\nParagraph location: \n\tResource URL: https://www.tiktok.com/transparency/fr-fr/information-requests-2023-1/\n\nContent: \n# Resource URL: https://www.tiktok.com/transparency/fr-fr/information-requests-2023-1/\nDemandes d\u2019information  \n_1 janvier 2023 \u2013 30 juin 2023_  \n_Date de publication : 10 novembre 2023_\n",
        "line_start": 0,
        "line_end": 4
    },
    "1": {
        "content": "Source document: ../data/platform-docs-versions/TikTok_Transparency/Information Requests.md\nParagraph location: \n\tResource URL: https://www.tiktok.com/transparency/fr-fr/information-requests-2023-1/\n\t**\u00c0 propos de ce rapport**\n\nContent: \n### **\u00c0 propos de ce rapport**  \nTikTok s\u2019engage \u00e0 r\u00e9pondre aux demandes de divulgation ou de pr\u00e9servation d\u2019informations concernant les utilisateurs faites par les forces de l\u2019ordre tout en respectant la vie priv\u00e9e et les droits des membres de sa communaut\u00e9. Toute demande de renseignement re\u00e7ue est soigneusement examin\u00e9e au cas par cas. Nos [politiques et proc\u00e9dures](https://www.tiktok.com/legal/law-enforcement?lang=en) d\u00e9finissent les modalit\u00e9s de traitement et de r\u00e9ponse de TikTok aux demandes des forces de l\u2019ordre et exigent que TikTok ne divulgue ou ne pr\u00e9serve les donn\u00e9es des utilisateurs que lorsqu\u2019une demande est motiv\u00e9e par une proc\u00e9dure judiciaire valide ou en cas d\u2019urgence. Dans des situations d\u2019urgence exceptionnelles, TikTok divulguera les donn\u00e9es personnelles des utilisateurs sans proc\u00e9dure l\u00e9gale. Cela peut se produire lorsque, en toute bonne foi, nous avons des raisons d\u2019estimer que le partage d\u2019informations est n\u00e9cessaire face \u00e0 un risque imminent de mort ou de pr\u00e9judice physique grave. Pour en savoir plus sur nos politiques et nos pratiques, veuillez consulter nos [Directives sur les demandes de donn\u00e9es par les forces de l\u2019ordre](https://support.tiktok.com/fr/safety-hc/account-and-user-safety/law-enforcement-data-request-guidelines). Les sections ci-dessous fournissent des pr\u00e9cisions sur le volume et les types de demandes d\u2019information sur les utilisateurs re\u00e7ues et indiquent si les donn\u00e9es ont \u00e9t\u00e9 divulgu\u00e9es ou conserv\u00e9es.\n",
        "line_start": 7,
        "line_end": 9
    },
    "2": {
        "content": "Source document: ../data/platform-docs-versions/TikTok_Transparency/Information Requests.md\nParagraph location: \n\tResource URL: https://www.tiktok.com/transparency/fr-fr/information-requests-2023-1/\n\t**Donn\u00e9es les plus r\u00e9centes**\n\nContent: \n### **Donn\u00e9es les plus r\u00e9centes**  \n[![download](https://sf16-website-login.neutral.ttwstatic.com/obj/tiktok_web_login_static/websites/static/images/icon-download-c0614844c2e22b8aede8367a66bcdae1.svg)T\u00e9l\u00e9charger](https://sf16-va.tiktokcdn.com/obj/eden-va2/uhsllrta/H1%20%2723%20LIGR/law/2023H1_raw_data_law_French.csv)  \n#### **Demandes de renseignements sur les utilisateurs par les forces de l\u2019ordre**  \n_REMARQUE : le taux de divulgation indique les cas o\u00f9 au moins certaines donn\u00e9es ont \u00e9t\u00e9 communiqu\u00e9es. Les cas de non-divulgation comprennent les situations o\u00f9 TikTok a demand\u00e9 des informations suppl\u00e9mentaires ou des \u00e9claircissements concernant la demande de communication des donn\u00e9es et o\u00f9 les forces de l\u2019ordre requ\u00e9rantes n\u2019ont pas fourni les informations n\u00e9cessaires conform\u00e9ment \u00e0 nos [directives destin\u00e9es aux forces de l\u2019ordre](https://www.tiktok.com/legal/law-enforcement?lang=en) et/ou o\u00f9 TikTok a rejet\u00e9 la demande en raison d\u2019une proc\u00e9dure judiciaire incompl\u00e8te ou invalide. Les demandes de conservation de donn\u00e9es sont des demandes officielles faites par les forces de l\u2019ordre pour conserver les donn\u00e9es afin qu\u2019elles aient suffisamment de temps pour lancer une proc\u00e9dure judiciaire valide de communication des donn\u00e9es._  \n#### **D\u00e9finitions**  \n* **Demandes l\u00e9gales :** demandes de communication des donn\u00e9es des utilisateurs \u00e9manant des forces de l\u2019ordre.\n* **Demandes d\u2019urgence :** demandes des forces de l\u2019ordre faisant r\u00e9f\u00e9rence \u00e0 une situation d\u2019urgence et concernant la communication des donn\u00e9es des utilisateurs.\n* **Demandes de pr\u00e9servation des donn\u00e9es :** demandes de pr\u00e9servation des donn\u00e9es des utilisateurs \u00e9manant des forces de l\u2019ordre.\n* **Total des demandes :** Somme desdemandes l\u00e9gales, des demandes d\u2019urgence et des demandes de pr\u00e9servation des donn\u00e9es \u00e9manant des forces de l\u2019ordre.\n* **Pourcentage de demandes l\u00e9gales o\u00f9 certaines donn\u00e9es ont \u00e9t\u00e9 communiqu\u00e9es :** taux des demandes l\u00e9gales ayant abouti \u00e0 une quelconque communication des donn\u00e9es des utilisateurs.\n* **Pourcentage de demandes d\u2019urgence o\u00f9 certaines donn\u00e9es ont \u00e9t\u00e9 communiqu\u00e9es :** taux des demandes d\u2019urgence ayant abouti \u00e0 une quelconque communication des donn\u00e9es des utilisateurs.\n* **Compte concern\u00e9 par la demande l\u00e9gale :** les identifiants de compte (par exemple, le num\u00e9ro de t\u00e9l\u00e9phone, l\u2019adresse e-mail, les URL des vid\u00e9os ou le nom d\u2019utilisateur) envoy\u00e9s par les forces de l\u2019ordre dans le cadre d\u2019une demande l\u00e9gale. Si les forces de l\u2019ordre fournissent plusieurs identifiants de compte li\u00e9s au m\u00eame compte TikTok, cela est comptabilis\u00e9 comme 1 compte concern\u00e9.\n* **Compte concern\u00e9 par la demande d\u2019urgence :** les identifiants de compte (par exemple, le num\u00e9ro de t\u00e9l\u00e9phone, l\u2019adresse e-mail, les URL des vid\u00e9os ou le nom d\u2019utilisateur) envoy\u00e9s par les forces de l\u2019ordre dans le cadre d\u2019une demande d\u2019urgence. Si les forces de l\u2019ordre fournissent plusieurs identifiants de compte li\u00e9s au m\u00eame compte TikTok, cela est comptabilis\u00e9 comme 1 compte concern\u00e9.\n* **Compte concern\u00e9 par la demande de pr\u00e9servation de donn\u00e9es :** les identifiants de compte (par exemple, le num\u00e9ro de t\u00e9l\u00e9phone, l\u2019adresse e-mail, les URL des vid\u00e9os ou le nom d\u2019utilisateur) envoy\u00e9s par les forces de l\u2019ordre dans le cadre d\u2019une demande de pr\u00e9servation de donn\u00e9es. Si les forces de l\u2019ordre fournissent plusieurs identifiants de compte li\u00e9s au m\u00eame compte TikTok, cela est comptabilis\u00e9 comme 1 compte concern\u00e9.\n",
        "line_start": 11,
        "line_end": 25
    },
    "3": {
        "content": "Source document: ../data/platform-docs-versions/TikTok_Transparency/Information Requests.md\nParagraph location: \n\tResource URL: https://www.tiktok.com/transparency/fr-fr/information-requests-2023-1/\n\t**Autres rapports**\n\nContent: \n### **Autres rapports**  \n* [Rapport sur l\u2019application des R\u00e8gles communautaires](https://www.tiktok.com/transparency/fr-fr/community-guidelines-enforcement)\n* [Rapport sur les demandes de retrait \u00e9manant de gouvernements](https://www.tiktok.com/transparency/fr-fr/government-removal-requests)\n* [Rapport sur les demandes de retrait de contenus prot\u00e9g\u00e9s par la propri\u00e9t\u00e9 intellectuelle](https://www.tiktok.com/transparency/fr-fr/intellectual-property-removal-requests)  \n#### Cela a-t-il \u00e9t\u00e9 utile ?  \n![thumps up](https://sf16-website-login.neutral.ttwstatic.com/obj/tiktok_web_login_static/websites/static/images/thumbs-up-80984a582e54af0b7149496dd4ede2a6.png)Oui![thumps down](https://sf16-website-login.neutral.ttwstatic.com/obj/tiktok_web_login_static/websites/static/images/thumbs-down-e0c9a7a1b1ea3c6ed439e5bf9a7e71bd.png)Non\n",
        "line_start": 31,
        "line_end": 37
    },
    "4": {
        "content": "Source document: ../data/platform-docs-versions/TikTok_Transparency/Information Requests.md\nParagraph location: \n\tResource URL: https://www.tiktok.com/transparency/fr-fr/information-requests-2022-2/\n\nContent: \n# Resource URL: https://www.tiktok.com/transparency/fr-fr/information-requests-2022-2/\nDemandes d\u2019information  \n_1er\u00a0juillet\u00a02022 \u2013 31\u00a0d\u00e9cembre\u00a02022_\n_Publication du 15\u00a0mai\u00a02023_\n",
        "line_start": 41,
        "line_end": 45
    },
    "5": {
        "content": "Source document: ../data/platform-docs-versions/TikTok_Transparency/Information Requests.md\nParagraph location: \n\tResource URL: https://www.tiktok.com/transparency/fr-fr/information-requests-2022-2/\n\t**\u00c0 propos de ce rapport**\n\nContent: \n### **\u00c0 propos de ce rapport**  \nTikTok s\u2019engage \u00e0 r\u00e9pondre aux demandes de divulgation ou de pr\u00e9servation d\u2019informations concernant les utilisateurs faites par les forces de l\u2019ordre tout en respectant la vie priv\u00e9e et les droits des membres de sa communaut\u00e9. Toute demande de renseignement re\u00e7ue est soigneusement examin\u00e9e au cas par cas. Nos [politiques et proc\u00e9dures](https://www.tiktok.com/legal/law-enforcement?lang=en) d\u00e9finissent les modalit\u00e9s de traitement et de r\u00e9ponse de TikTok aux demandes des forces de l\u2019ordre et exigent que TikTok ne divulgue ou ne pr\u00e9serve les donn\u00e9es des utilisateurs que lorsqu\u2019une demande est motiv\u00e9e par une proc\u00e9dure judiciaire valide ou en cas d\u2019urgence.  \nDans des situations d\u2019urgence exceptionnelles, TikTok divulguera les donn\u00e9es personnelles des utilisateurs sans proc\u00e9dure l\u00e9gale. Cela peut se produire lorsque, en toute bonne foi, nous avons des raisons d\u2019estimer que le partage d\u2019informations est n\u00e9cessaire face \u00e0 un risque imminent de mort ou de pr\u00e9judice physique grave. Pour en savoir plus sur nos politiques et nos pratiques, veuillez consulter nos [Directives sur les demandes de donn\u00e9es par les forces de l\u2019ordre](https://support.tiktok.com/fr/safety-hc/account-and-user-safety/law-enforcement-data-request-guidelines).  \nLes sections ci-dessous fournissent des pr\u00e9cisions sur le volume et les types de demandes d\u2019information sur les utilisateurs re\u00e7ues et indiquent si les donn\u00e9es ont \u00e9t\u00e9 divulgu\u00e9es ou conserv\u00e9es.\n",
        "line_start": 7,
        "line_end": 11
    },
    "6": {
        "content": "Source document: ../data/platform-docs-versions/TikTok_Transparency/Information Requests.md\nParagraph location: \n\tResource URL: https://www.tiktok.com/transparency/fr-fr/information-requests-2022-2/\n\t**Analyse**\n\nContent: \n### **Analyse**  \nNous avons constat\u00e9 une augmentation des demandes d\u2019informations par rapport \u00e0 la p\u00e9riode couverte par le dernier rapport. Nous attribuons celle-ci \u00e0 la croissance globale de la plateforme et aux investissements r\u00e9alis\u00e9s pour familiariser les forces de l\u2019ordre avec nos [Lignes directrices destin\u00e9es aux forces de l\u2019ordre](https://www.tiktok.com/legal/law-enforcement) et aux processus li\u00e9s.\n",
        "line_start": 55,
        "line_end": 57
    },
    "7": {
        "content": "Source document: ../data/platform-docs-versions/TikTok_Transparency/Information Requests.md\nParagraph location: \n\tResource URL: https://www.tiktok.com/transparency/fr-fr/information-requests-2022-2/\n\t**Donn\u00e9es les plus r\u00e9centes**\n\nContent: \n### **Donn\u00e9es les plus r\u00e9centes**  \n[![download](https://sf16-website-login.neutral.ttwstatic.com/obj/tiktok_web_login_static/websites/static/images/icon-download-c0614844c2e22b8aede8367a66bcdae1.svg)T\u00e9l\u00e9charger](https://sf16-va.tiktokcdn.com/obj/eden-va2/nuvlojeh7ryht/Transparency_LIPGR_2022H2-2/2022H2_raw_data_law_French.csv)  \n#### **Demandes de renseignements sur les utilisateurs par les forces de l\u2019ordre**  \n_REMARQUE : le taux de divulgation indique les cas o\u00f9 au moins certaines donn\u00e9es ont \u00e9t\u00e9 communiqu\u00e9es. Les cas de non-divulgation comprennent les situations o\u00f9 TikTok a demand\u00e9 des informations suppl\u00e9mentaires ou des \u00e9claircissements concernant la demande de communication des donn\u00e9es et o\u00f9 les forces de l\u2019ordre requ\u00e9rantes n\u2019ont pas fourni les informations n\u00e9cessaires conform\u00e9ment \u00e0 nos [directives destin\u00e9es aux forces de l\u2019ordre](https://www.tiktok.com/legal/law-enforcement?lang=en) et/ou o\u00f9 TikTok a rejet\u00e9 la demande en raison d\u2019une proc\u00e9dure judiciaire incompl\u00e8te ou invalide. Les demandes de conservation de donn\u00e9es sont des demandes officielles faites par les forces de l\u2019ordre pour conserver les donn\u00e9es afin qu\u2019elles aient suffisamment de temps pour lancer une proc\u00e9dure judiciaire valide de communication des donn\u00e9es._  \n#### **D\u00e9finitions**  \n* **Demandes l\u00e9gales :** demandes de communication des donn\u00e9es des utilisateurs \u00e9manant des forces de l\u2019ordre.\n* **Demandes d\u2019urgence :** demandes des forces de l\u2019ordre faisant r\u00e9f\u00e9rence \u00e0 une situation d\u2019urgence et concernant la communication des donn\u00e9es des utilisateurs.\n* **Demandes de pr\u00e9servation des donn\u00e9es :** demandes de pr\u00e9servation des donn\u00e9es des utilisateurs \u00e9manant des forces de l\u2019ordre.\n* **Total des demandes :** Somme desdemandes l\u00e9gales, des demandes d\u2019urgence et des demandes de pr\u00e9servation des donn\u00e9es \u00e9manant des forces de l\u2019ordre.\n* **Pourcentage de demandes l\u00e9gales o\u00f9 certaines donn\u00e9es ont \u00e9t\u00e9 communiqu\u00e9es :** taux des demandes l\u00e9gales ayant abouti \u00e0 une quelconque communication des donn\u00e9es des utilisateurs.\n* **Pourcentage de demandes d\u2019urgence o\u00f9 certaines donn\u00e9es ont \u00e9t\u00e9 communiqu\u00e9es :** taux des demandes d\u2019urgence ayant abouti \u00e0 une quelconque communication des donn\u00e9es des utilisateurs.\n* **Compte concern\u00e9 par la demande l\u00e9gale :** les identifiants de compte (par exemple, le num\u00e9ro de t\u00e9l\u00e9phone, l\u2019adresse e-mail, les URL des vid\u00e9os ou le nom d\u2019utilisateur) envoy\u00e9s par les forces de l\u2019ordre dans le cadre d\u2019une demande l\u00e9gale. Si les forces de l\u2019ordre fournissent plusieurs identifiants de compte li\u00e9s au m\u00eame compte TikTok, cela est comptabilis\u00e9 comme 1 compte concern\u00e9.\n* **Compte concern\u00e9 par la demande d\u2019urgence :** les identifiants de compte (par exemple, le num\u00e9ro de t\u00e9l\u00e9phone, l\u2019adresse e-mail, les URL des vid\u00e9os ou le nom d\u2019utilisateur) envoy\u00e9s par les forces de l\u2019ordre dans le cadre d\u2019une demande d\u2019urgence. Si les forces de l\u2019ordre fournissent plusieurs identifiants de compte li\u00e9s au m\u00eame compte TikTok, cela est comptabilis\u00e9 comme 1 compte concern\u00e9.\n* **Compte concern\u00e9 par la demande de pr\u00e9servation de donn\u00e9es :** les identifiants de compte (par exemple, le num\u00e9ro de t\u00e9l\u00e9phone, l\u2019adresse e-mail, les URL des vid\u00e9os ou le nom d\u2019utilisateur) envoy\u00e9s par les forces de l\u2019ordre dans le cadre d\u2019une demande de pr\u00e9servation de donn\u00e9es. Si les forces de l\u2019ordre fournissent plusieurs identifiants de compte li\u00e9s au m\u00eame compte TikTok, cela est comptabilis\u00e9 comme 1 compte concern\u00e9.\n",
        "line_start": 11,
        "line_end": 25
    },
    "8": {
        "content": "Source document: ../data/platform-docs-versions/TikTok_Transparency/Information Requests.md\nParagraph location: \n\tResource URL: https://www.tiktok.com/transparency/fr-fr/information-requests-2022-2/\n\t**Autres rapports**\n\nContent: \n### **Autres rapports**  \n* [Rapport sur l\u2019application des R\u00e8gles communautaires](https://www.tiktok.com/transparency/fr-fr/community-guidelines-enforcement)\n* [Rapport sur les demandes de retrait \u00e9manant de gouvernements](https://www.tiktok.com/transparency/fr-fr/government-removal-requests)\n* [Rapport sur les demandes de retrait de contenus prot\u00e9g\u00e9s par la propri\u00e9t\u00e9 intellectuelle](https://www.tiktok.com/transparency/fr-fr/intellectual-property-removal-requests)  \n#### Cela a-t-il \u00e9t\u00e9 utile ?  \n![thumps up](https://sf16-website-login.neutral.ttwstatic.com/obj/tiktok_web_login_static/websites/static/images/thumbs-up-80984a582e54af0b7149496dd4ede2a6.png)Oui![thumps down](https://sf16-website-login.neutral.ttwstatic.com/obj/tiktok_web_login_static/websites/static/images/thumbs-down-e0c9a7a1b1ea3c6ed439e5bf9a7e71bd.png)Non\n",
        "line_start": 31,
        "line_end": 37
    },
    "9": {
        "content": "Source document: ../data/platform-docs-versions/TikTok_Transparency/Information Requests.md\nParagraph location: \n\tResource URL: https://www.tiktok.com/transparency/fr-fr/information-requests-2022-1/\n\nContent: \n# Resource URL: https://www.tiktok.com/transparency/fr-fr/information-requests-2022-1/\nDemandes d\u2019information  \n_1 janvier \u2013 30 juin 2022_\n_Date de publication : 29 novembre 2022_\n",
        "line_start": 89,
        "line_end": 93
    },
    "10": {
        "content": "Source document: ../data/platform-docs-versions/TikTok_Transparency/Information Requests.md\nParagraph location: \n\tResource URL: https://www.tiktok.com/transparency/fr-fr/information-requests-2022-1/\n\t\u00c0 propos de ce rapport\n\nContent: \n### \u00c0 propos de ce rapport  \nTikTok s\u2019engage \u00e0 r\u00e9pondre aux demandes de divulgation ou de pr\u00e9servation d\u2019informations concernant les utilisateurs faites par les forces de l\u2019ordre tout en respectant la vie priv\u00e9e et les droits des membres de sa communaut\u00e9. Toute demande de renseignement re\u00e7ue est soigneusement examin\u00e9e au cas par cas. Nos [politiques et proc\u00e9dures](https://www.tiktok.com/legal/law-enforcement?lang=en) d\u00e9finissent les modalit\u00e9s de traitement et de r\u00e9ponse de TikTok aux demandes des forces de l\u2019ordre et exigent que TikTok ne divulgue ou ne pr\u00e9serve les donn\u00e9es des utilisateurs que lorsqu\u2019une demande est motiv\u00e9e par une proc\u00e9dure judiciaire valide ou en cas d\u2019urgence.  \nDans des situations d\u2019urgence exceptionnelles, TikTok divulguera les donn\u00e9es personnelles des utilisateurs sans proc\u00e9dure l\u00e9gale. Cela peut se produire lorsque, en toute bonne foi, nous avons des raisons d\u2019estimer que le partage d\u2019informations est n\u00e9cessaire face \u00e0 un risque imminent de mort ou de pr\u00e9judice physique grave. Pour en savoir plus sur nos politiques et nos pratiques, veuillez consulter nos [Directives sur les demandes de donn\u00e9es par les forces de l\u2019ordre](https://support.tiktok.com/fr/safety-hc/account-and-user-safety/law-enforcement-data-request-guidelines).  \nLes sections ci-dessous fournissent des pr\u00e9cisions sur le volume et les types de demandes d\u2019information sur les utilisateurs re\u00e7ues et indiquent si les donn\u00e9es ont \u00e9t\u00e9 divulgu\u00e9es ou conserv\u00e9es.\n",
        "line_start": 95,
        "line_end": 99
    },
    "11": {
        "content": "Source document: ../data/platform-docs-versions/TikTok_Transparency/Information Requests.md\nParagraph location: \n\tResource URL: https://www.tiktok.com/transparency/fr-fr/information-requests-2022-1/\n\tAnalyse\n\nContent: \n### Analyse  \nNous avons constat\u00e9 une augmentation des demandes d\u2019information par rapport \u00e0 la p\u00e9riode de rapport pr\u00e9c\u00e9dente, ce que nous attribuons \u00e0 plusieurs facteurs : la croissance globale de la plateforme, les investissements r\u00e9alis\u00e9s pour familiariser les forces de l\u2019ordre avec nos [directives destin\u00e9es aux forces de l\u2019ordre](https://www.tiktok.com/legal/law-enforcement) et avec nos processus, ainsi que la publication de ces directives en japonais, cor\u00e9en, bahasa, tha\u00ef, vietnamien, urdu, bengali, arabe, turc, allemand, fran\u00e7ais, russe, italien, polonais, espagnol et portugais.\n",
        "line_start": 103,
        "line_end": 105
    },
    "12": {
        "content": "Source document: ../data/platform-docs-versions/TikTok_Transparency/Information Requests.md\nParagraph location: \n\tResource URL: https://www.tiktok.com/transparency/fr-fr/information-requests-2022-1/\n\tDonn\u00e9es les plus r\u00e9centes\n\nContent: \n### Donn\u00e9es les plus r\u00e9centes  \n[![download](https://sf16-website-login.neutral.ttwstatic.com/obj/tiktok_web_login_static/websites/static/images/icon-download-c0614844c2e22b8aede8367a66bcdae1.svg)T\u00e9l\u00e9charger](https://sf16-va.tiktokcdn.com/obj/eden-va2/nuvlojeh7ryht/Transparency_LIPGR_2022H2/French_LIPGR_2022_H1.xlsx)  \n#### **Demandes de renseignements sur les utilisateurs par les forces de l\u2019ordre**  \n_REMARQUE : le taux de divulgation indique les cas o\u00f9 au moins certaines donn\u00e9es ont \u00e9t\u00e9 communiqu\u00e9es. Les cas de non-divulgation comprennent les situations o\u00f9 TikTok a demand\u00e9 des informations suppl\u00e9mentaires ou des \u00e9claircissements concernant la demande de communication des donn\u00e9es et o\u00f9 les forces de l\u2019ordre requ\u00e9rantes n\u2019ont pas fourni les informations n\u00e9cessaires conform\u00e9ment \u00e0 nos [Lignes directives destin\u00e9es aux forces de l\u2019ordre](https://www.tiktok.com/legal/law-enforcement?lang=en) et/ou o\u00f9 TikTok a rejet\u00e9 la demande en raison d\u2019une proc\u00e9dure judiciaire incompl\u00e8te ou invalide. Les demandes de conservation de donn\u00e9es sont des demandes officielles faites par les forces de l\u2019ordre pour conserver les donn\u00e9es afin qu\u2019elles aient suffisamment de temps pour lancer une proc\u00e9dure judiciaire valide de communication des donn\u00e9es._\n",
        "line_start": 107,
        "line_end": 111
    },
    "13": {
        "content": "Source document: ../data/platform-docs-versions/TikTok_Transparency/Information Requests.md\nParagraph location: \n\tResource URL: https://www.tiktok.com/transparency/fr-fr/information-requests-2022-1/\n\tD\u00e9finitions\n\nContent: \n### D\u00e9finitions  \n* **Demandes l\u00e9gales :** demandes de communication des donn\u00e9es des utilisateurs \u00e9manant des forces de l\u2019ordre.\n* **Demandes d\u2019urgence :** demandes des forces de l\u2019ordre faisant r\u00e9f\u00e9rence \u00e0 une situation d\u2019urgence et concernant la communication des donn\u00e9es des utilisateurs.\n* **Demandes de pr\u00e9servation des donn\u00e9es :** demandes de pr\u00e9servation des donn\u00e9es des utilisateurs \u00e9manant des forces de l\u2019ordre.\n* **Total des demandes :** Somme desdemandes l\u00e9gales, des demandes d\u2019urgence et des demandes de pr\u00e9servation des donn\u00e9es \u00e9manant des forces de l\u2019ordre.\n* **Pourcentage de demandes l\u00e9gales o\u00f9 certaines donn\u00e9es ont \u00e9t\u00e9 communiqu\u00e9es :** taux des demandes l\u00e9gales ayant abouti \u00e0 une quelconque communication des donn\u00e9es des utilisateurs.\n* **Pourcentage de demandes d\u2019urgence o\u00f9 certaines donn\u00e9es ont \u00e9t\u00e9 communiqu\u00e9es :** taux des demandes d\u2019urgence ayant abouti \u00e0 une quelconque communication des donn\u00e9es des utilisateurs.\n* **Compte concern\u00e9 par la demande l\u00e9gale :** les identifiants de compte (par exemple, le num\u00e9ro de t\u00e9l\u00e9phone, l\u2019adresse e-mail, les URL des vid\u00e9os ou le nom d\u2019utilisateur) envoy\u00e9s par les forces de l\u2019ordre dans le cadre d\u2019une demande l\u00e9gale. Si les forces de l\u2019ordre fournissent plusieurs identifiants de compte li\u00e9s au m\u00eame compte TikTok, cela est comptabilis\u00e9 comme 1 compte concern\u00e9.\n* **Compte concern\u00e9 par la demande d\u2019urgence :** les identifiants de compte (par exemple, le num\u00e9ro de t\u00e9l\u00e9phone, l\u2019adresse e-mail, les URL des vid\u00e9os ou le nom d\u2019utilisateur) envoy\u00e9s par les forces de l\u2019ordre dans le cadre d\u2019une demande d\u2019urgence. Si les forces de l\u2019ordre fournissent plusieurs identifiants de compte li\u00e9s au m\u00eame compte TikTok, cela est comptabilis\u00e9 comme 1 compte concern\u00e9.\n* **Compte concern\u00e9 par la demande de pr\u00e9servation de donn\u00e9es :** les identifiants de compte (par exemple, le num\u00e9ro de t\u00e9l\u00e9phone, l\u2019adresse e-mail, les URL des vid\u00e9os ou le nom d\u2019utilisateur) envoy\u00e9s par les forces de l\u2019ordre dans le cadre d\u2019une demande de pr\u00e9servation de donn\u00e9es. Si les forces de l\u2019ordre fournissent plusieurs identifiants de compte li\u00e9s au m\u00eame compte TikTok, cela est comptabilis\u00e9 comme 1 compte concern\u00e9.\n",
        "line_start": 115,
        "line_end": 125
    },
    "14": {
        "content": "Source document: ../data/platform-docs-versions/TikTok_Transparency/Information Requests.md\nParagraph location: \n\tResource URL: https://www.tiktok.com/transparency/fr-fr/information-requests-2022-1/\n\tAutres rapports\n\nContent: \n### Autres rapports  \n* [Rapport sur l\u2019application des R\u00e8gles communautaires](https://www.tiktok.com/transparency/fr-fr/community-guidelines-enforcement)\n* [Rapport sur les demandes de retrait \u00e9manant de gouvernements](https://www.tiktok.com/transparency/fr-fr/government-removal-requests)\n* [Rapport sur les demandes de retrait de contenus prot\u00e9g\u00e9s par la propri\u00e9t\u00e9 intellectuelle](https://www.tiktok.com/transparency/fr-fr/intellectual-property-removal-requests)  \n#### Cela a-t-il \u00e9t\u00e9 utile ?  \n![thumps up](https://sf16-website-login.neutral.ttwstatic.com/obj/tiktok_web_login_static/websites/static/images/thumbs-up-80984a582e54af0b7149496dd4ede2a6.png)Oui![thumps down](https://sf16-website-login.neutral.ttwstatic.com/obj/tiktok_web_login_static/websites/static/images/thumbs-down-e0c9a7a1b1ea3c6ed439e5bf9a7e71bd.png)Non\n",
        "line_start": 127,
        "line_end": 133
    },
    "15": {
        "content": "Source document: ../data/platform-docs-versions/TikTok_Transparency/Information Requests.md\nParagraph location: \n\tResource URL: https://www.tiktok.com/transparency/fr-fr/information-requests-2021-2/\n\nContent: \n# Resource URL: https://www.tiktok.com/transparency/fr-fr/information-requests-2021-2/\nDemandes d\u2019information  \n_1er juillet \u2013 31 d\u00e9cembre 2021_\n_Date de publication : 17 mai 2022_\n",
        "line_start": 137,
        "line_end": 141
    },
    "16": {
        "content": "Source document: ../data/platform-docs-versions/TikTok_Transparency/Information Requests.md\nParagraph location: \n\tResource URL: https://www.tiktok.com/transparency/fr-fr/information-requests-2021-2/\n\t\u00c0 propos de ce rapport\n\nContent: \n### \u00c0 propos de ce rapport  \nTikTok s\u2019engage \u00e0 r\u00e9pondre aux demandes de renseignements sur les utilisateurs faites par les forces de l\u2019ordre tout en respectant la vie priv\u00e9e et les droits des membres de sa communaut\u00e9. Toute demande de renseignement re\u00e7ue est soigneusement examin\u00e9e au cas par cas. Nos [politiques et proc\u00e9dures](https://www.tiktok.com/legal/law-enforcement) d\u00e9finissent les modalit\u00e9s de traitement et de r\u00e9ponse de TikTok aux demandes des forces de l\u2019ordre et exigent que TikTok ne divulgue les donn\u00e9es des utilisateurs que lorsqu\u2019une demande est motiv\u00e9e par une proc\u00e9dure judiciaire valide ou en cas d\u2019urgence.  \nDans des situations d\u2019urgence exceptionnelles, TikTok divulguera les donn\u00e9es personnelles des utilisateurs sans proc\u00e9dure l\u00e9gale. Cela peut se produire lorsque, en toute bonne foi, nous avons des raisons d\u2019estimer que le partage d\u2019informations est n\u00e9cessaire face \u00e0 un risque imminent de mort ou de pr\u00e9judice physique grave. Pour en savoir plus sur nos politiques et nos pratiques, veuillez consulter nos [Directives sur les demandes de donn\u00e9es par les forces de l\u2019ordre](https://support.tiktok.com/fr/safety-hc/account-and-user-safety/law-enforcement-data-request-guidelines).  \nLes sections ci-dessous fournissent des pr\u00e9cisions sur le volume et les types de demandes d\u2019information sur les utilisateurs re\u00e7ues et indiquent si des donn\u00e9es ont \u00e9t\u00e9 produites.\n",
        "line_start": 95,
        "line_end": 99
    },
    "17": {
        "content": "Source document: ../data/platform-docs-versions/TikTok_Transparency/Information Requests.md\nParagraph location: \n\tResource URL: https://www.tiktok.com/transparency/fr-fr/information-requests-2021-2/\n\tDonn\u00e9es les plus r\u00e9centes\n\nContent: \n### Donn\u00e9es les plus r\u00e9centes  \n[![download](https://sf16-website-login.neutral.ttwstatic.com/obj/tiktok_web_login_static/websites/static/images/icon-download-c0614844c2e22b8aede8367a66bcdae1.svg)T\u00e9l\u00e9charger](https://sf16-va.tiktokcdn.com/obj/eden-va2/uhaeh7pflk/Transparency_LIPGR_2021_H2/French_LIPGR_2021_H2.xlsx)  \n#### Demandes de renseignements sur les utilisateurs par les forces de l\u2019ordre\n",
        "line_start": 107,
        "line_end": 110
    },
    "18": {
        "content": "Source document: ../data/platform-docs-versions/TikTok_Transparency/Information Requests.md\nParagraph location: \n\tResource URL: https://www.tiktok.com/transparency/fr-fr/information-requests-2021-2/\n\tAutres rapports\n\nContent: \n### Autres rapports  \n* [Rapport sur l\u2019application des R\u00e8gles communautaires](https://www.tiktok.com/transparency/fr-fr/community-guidelines-enforcement)\n* [Rapport sur les demandes de retrait \u00e9manant de gouvernements](https://www.tiktok.com/transparency/fr-fr/government-removal-requests)\n* [Rapport sur les demandes de retrait de contenus prot\u00e9g\u00e9s par la propri\u00e9t\u00e9 intellectuelle](https://www.tiktok.com/transparency/fr-fr/intellectual-property-removal-requests)  \n#### Cela a-t-il \u00e9t\u00e9 utile ?  \n![thumps up](https://sf16-website-login.neutral.ttwstatic.com/obj/tiktok_web_login_static/websites/static/images/thumbs-up-80984a582e54af0b7149496dd4ede2a6.png)Oui![thumps down](https://sf16-website-login.neutral.ttwstatic.com/obj/tiktok_web_login_static/websites/static/images/thumbs-down-e0c9a7a1b1ea3c6ed439e5bf9a7e71bd.png)Non\n",
        "line_start": 127,
        "line_end": 133
    },
    "19": {
        "content": "Source document: ../data/platform-docs-versions/TikTok_Transparency/Information Requests.md\nParagraph location: \n\tResource URL: https://www.tiktok.com/transparency/fr-fr/information-requests-2021-1/\n\nContent: \n# Resource URL: https://www.tiktok.com/transparency/fr-fr/information-requests-2021-1/\nDemandes d\u2019information  \n_1er janvier 2021-30 juin 2021\n__Publication : 2 d\u00e9cembre 2021_\n",
        "line_start": 167,
        "line_end": 171
    },
    "20": {
        "content": "Source document: ../data/platform-docs-versions/TikTok_Transparency/Information Requests.md\nParagraph location: \n\tResource URL: https://www.tiktok.com/transparency/fr-fr/information-requests-2021-1/\n\t\u00c0 propos de ce rapport\n\nContent: \n### \u00c0 propos de ce rapport  \nTikTok s\u2019engage \u00e0 r\u00e9pondre aux demandes de renseignements sur les utilisateurs faites par les forces de l\u2019ordre tout en respectant la vie priv\u00e9e et les droits des membres de sa communaut\u00e9. Pour obtenir des renseignements sur un utilisateur, les forces de l\u2019ordre doivent fournir les documents juridiques appropri\u00e9s n\u00e9cessaires tels qu\u2019une assignation \u00e0 compara\u00eetre, une ordonnance du tribunal, un mandat de perquisition ou un \u00e9quivalent \u00e9manant d\u2019une autorit\u00e9 judiciaire locale. Toute demande de renseignement re\u00e7ue est soigneusement examin\u00e9e afin de d\u00e9terminer si elle est justifi\u00e9e d\u2019un point de vue l\u00e9gal.  \nDans des situations d\u2019urgence exceptionnelles, TikTok divulguera les donn\u00e9es personnelles des utilisateurs sans proc\u00e9dure l\u00e9gale. Cela peut se produire lorsque, en toute bonne foi, nous avons des raisons d\u2019estimer que le partage d\u2019informations est n\u00e9cessaire face \u00e0 un risque imminent de mort ou de pr\u00e9judice physique grave. Pour en savoir plus sur nos politiques et nos pratiques, veuillez consulter nos [Directives sur les demandes de donn\u00e9es par les forces de l\u2019ordre](https://support.tiktok.com/fr/safety-hc/account-and-user-safety/law-enforcement-data-request-guidelines).  \nLes sections ci-dessous fournissent des pr\u00e9cisions sur le volume et les types de demandes d\u2019information sur les utilisateurs re\u00e7ues et indiquent si des donn\u00e9es ont \u00e9t\u00e9 produites.\n",
        "line_start": 95,
        "line_end": 99
    },
    "21": {
        "content": "Source document: ../data/platform-docs-versions/TikTok_Transparency/Information Requests.md\nParagraph location: \n\tResource URL: https://www.tiktok.com/transparency/fr-fr/information-requests-2021-1/\n\tDonn\u00e9es les plus r\u00e9centes\n\nContent: \n### Donn\u00e9es les plus r\u00e9centes  \n[![download](https://sf16-website-login.neutral.ttwstatic.com/obj/tiktok_web_login_static/websites/static/images/icon-download-c0614844c2e22b8aede8367a66bcdae1.svg)T\u00e9l\u00e9charger](https://sf16-va.tiktokcdn.com/obj/eden-va2/nupfpxbog/French_LIPGR_2021_H1.xlsx)  \n#### Demandes de renseignements sur les utilisateurs par les forces de l\u2019ordre\n",
        "line_start": 107,
        "line_end": 110
    },
    "22": {
        "content": "Source document: ../data/platform-docs-versions/TikTok_Transparency/Information Requests.md\nParagraph location: \n\tResource URL: https://www.tiktok.com/transparency/fr-fr/information-requests-2021-1/\n\tAutres rapports\n\nContent: \n### Autres rapports  \n* [Rapport sur l\u2019application des R\u00e8gles communautaires](https://www.tiktok.com/transparency/fr-fr/community-guidelines-enforcement)\n* [Rapport sur les demandes de retrait \u00e9manant de gouvernements](https://www.tiktok.com/transparency/fr-fr/government-removal-requests)\n* [Rapport sur les demandes de retrait de contenus prot\u00e9g\u00e9s par la propri\u00e9t\u00e9 intellectuelle](https://www.tiktok.com/transparency/fr-fr/intellectual-property-removal-requests)  \n#### Cela a-t-il \u00e9t\u00e9 utile ?  \n![thumps up](https://sf16-website-login.neutral.ttwstatic.com/obj/tiktok_web_login_static/websites/static/images/thumbs-up-80984a582e54af0b7149496dd4ede2a6.png)Oui![thumps down](https://sf16-website-login.neutral.ttwstatic.com/obj/tiktok_web_login_static/websites/static/images/thumbs-down-e0c9a7a1b1ea3c6ed439e5bf9a7e71bd.png)Non\n",
        "line_start": 127,
        "line_end": 133
    },
    "23": {
        "content": "Source document: ../data/platform-docs-versions/TikTok_Transparency/Information Requests.md\nParagraph location: \n\tResource URL: https://www.tiktok.com/transparency/fr-fr/information-requests-2020-2/\n\nContent: \n# Resource URL: https://www.tiktok.com/transparency/fr-fr/information-requests-2020-2/\nDemandes d\u2019information  \n_1er juillet 2019 \u201331 d\u00e9cembre 2020_\n_Date de publication : 24 f\u00e9vrier 2021_\n",
        "line_start": 197,
        "line_end": 201
    },
    "24": {
        "content": "Source document: ../data/platform-docs-versions/TikTok_Transparency/Information Requests.md\nParagraph location: \n\tResource URL: https://www.tiktok.com/transparency/fr-fr/information-requests-2020-2/\n\t\u00c0 propos de ce rapport\n\nContent: \n### \u00c0 propos de ce rapport  \nTikTok s\u2019engage \u00e0 se conformer aux demandes l\u00e9gitimes des autorit\u00e9s juridiques, tout en respectant la vie priv\u00e9e et les droits de ses utilisateurs. Pour obtenir des informations non publiques sur les donn\u00e9es personnelles des utilisateurs, les autorit\u00e9s juridiques doivent fournir les documents l\u00e9gaux requis pour le type d\u2019informations recherch\u00e9es, tels qu\u2019une citation \u00e0 compara\u00eetre, une ordonnance du tribunal ou un mandat, ou soumettre une demande d\u2019urgence. Toute demande d\u2019information que nous recevons est soigneusement examin\u00e9e afin de d\u00e9terminer si elle est justifi\u00e9e d\u2019un point de vue l\u00e9gal, par exemple si l\u2019entit\u00e9 requ\u00e9rante est autoris\u00e9e \u00e0 recueillir des \u00e9l\u00e9ments de preuve dans le cadre d\u2019une enqu\u00eate polici\u00e8re ou \u00e0 enqu\u00eater sur une situation d\u2019urgence pr\u00e9sentant un danger imminent.  \nDans des situations d\u2019urgence exceptionnelles, TikTok divulguera les donn\u00e9es personnelles des utilisateurs sans proc\u00e9dure l\u00e9gale. Cela peut se produire lorsque, en toute bonne foi, nous avons des raisons d\u2019estimer que le partage d\u2019informations est n\u00e9cessaire face \u00e0 un risque imminent de mort ou de pr\u00e9judice physique grave. Pour plus d\u2019informations sur nos r\u00e8gles et proc\u00e9dures, veuillez consulter nos [Directives relatives aux demandes de donn\u00e9es des services de lutte contre la criminalit\u00e9](https://www.tiktok.com/legal/law-enforcement?lang=fr).\n",
        "line_start": 95,
        "line_end": 98
    },
    "25": {
        "content": "Source document: ../data/platform-docs-versions/TikTok_Transparency/Information Requests.md\nParagraph location: \n\tResource URL: https://www.tiktok.com/transparency/fr-fr/information-requests-2020-2/\n\tRapport sur les donn\u00e9es\n\nContent: \n### Rapport sur les donn\u00e9es  \n#### Demandes l\u00e9gales d\u2019information sur les utilisateurs  \n|     |     |     |     |     |     |     |\n| --- | --- | --- | --- | --- | --- | --- |\n| **Pays / March\u00e9** | **Total des demandes l\u00e9gales** | **Total des demandes d\u2019urgence** | **Total des demandes** | **Total des comptes indiqu\u00e9s** | **Pourcentage de demandes l\u00e9gales pour lesquelles certaines donn\u00e9es ont \u00e9t\u00e9 produites** | **Pourcentage de demandes d\u2019urgence pour lesquelles certaines donn\u00e9es ont \u00e9t\u00e9 produites** |\n| Albanie | 1   | 0   | 1   | 5   | 0%  | 0%  |\n| Argentine | 0   | 3   | 3   | 2   | 0%  | 33% |\n| Australie | 4   | 8   | 12  | 20  | 25% | 75% |\n| Autriche | 3   | 0   | 3   | 3   | 0%  | 0%  |\n| Bangladesh | 4   | 0   | 4   | 3   | 0%  | 0%  |\n| Belgique | 0   | 1   | 1   | 10  | 0%  | 100% |\n| Br\u00e9sil | 3   | 4   | 7   | 4   | 33% | 50% |\n| Canada | 0   | 40  | 40  | 43  | 0%  | 92% |\n| Chili | 3   | 0   | 3   | 3   | 0%  | 0%  |\n| Colombie | 1   | 0   | 1   | 1   | 0%  | 0%  |\n| R\u00e9publique Tch\u00e8que | 1   | 0   | 1   | 1   | 0%  | 0%  |\n| Danemark | 2   | 0   | 2   | 2   | 0%  | 0%  |\n| Finlande | 2   | 4   | 6   | 6   | 0%  | 100% |\n| France | 19  | 9   | 28  | 47  | 0%  | 89% |\n| Allemagne | 45  | 25  | 70  | 103 | 0%  | 80% |\n| Gr\u00e8ce | 4   | 6   | 10  | 9   | 0%  | 83% |\n| Hong Kong | 1   | 0   | 1   | 0   | 0%  | 0%  |\n| Hongrie | 0   | 1   | 1   | 1   | 0%  | 100% |\n| Inde | 103 | 1   | 104 | 103 | 62% | 0%  |\n| Irlande | 1   | 0   | 1   | 1   | 0%  | 0%  |\n| Isra\u00ebl | 0   | 73  | 73  | 75  | 0%  | 81% |\n| Italie | 11  | 5   | 16  | 13  | 0%  | 60% |\n| Japon | 2   | 10  | 12  | 12  | 50% | 90% |\n| Jordan | 2   | 1   | 3   | 3   | 0%  | 0%  |\n| Liban | 0   | 1   | 1   | 1   | 0%  | 0%  |\n| Luxembourg | 1   | 0   | 1   | 1   | 0%  | 0%  |\n| Malte | 9   | 0   | 9   | 19  | 0%  | 0%  |\n| Mexique | 2   | 4   | 6   | 7   | 0%  | 25% |\n| N\u00e9pal | 9   | 1   | 10  | 12  | 0%  | 100% |\n| Pays-Bas | 0   | 5   | 5   | 4   | 0%  | 80% |\n| Nouvelle-Z\u00e9lande | 2   | 0   | 2   | 2   | 0%  | 0%  |\n| Norv\u00e8ge | 1   | 4   | 5   | 5   | 0%  | 75% |\n| Pakistan | 7   | 8   | 15  | 15  | 14% | 0%  |\n| Paraguay | 0   | 1   | 1   | 1   | 0%  | 100% |\n| Philippines | 0   | 2   | 2   | 2   | 0%  | 0%  |\n| Pologne | 2   | 2   | 4   | 2   | 0%  | 50% |\n| Qatar | 2   | 0   | 2   | 3   | 0%  | 0%  |\n| Roumanie | 0   | 1   | 1   | 1   | 0%  | 100% |\n| Russie | 12  | 2   | 14  | 14  | 67% | 100% |\n| Serbie | 1   | 0   | 1   | 1   | 0%  | 0%  |\n| Singapour | 21  | 0   | 21  | 29  | 72% | 0%  |\n| Afrique du Sud | 0   | 1   | 1   | 1   | 0%  | 100% |\n| Cor\u00e9e du Sud | 3   | 0   | 3   | 5   | 0%  | 0%  |\n| Espagne | 11  | 0   | 11  | 9   | 9%  | 0%  |\n| Sri Lanka | 2   | 0   | 2   | 2   | 0%  | 0%  |\n| Su\u00e8de | 2   | 2   | 4   | 4   | 0%  | 100% |\n| Suisse | 6   | 1   | 7   | 7   | 0%  | 100% |\n| Ta\u00efwan | 1   | 0   | 1   | 1   | 0%  | 0%  |\n| \u00c9mirats Arabes Unis | 0   | 3   | 3   | 4   | 0%  | 67% |\n| Turquie | 1   | 0   | 1   | 1   | 0%  | 0%  |\n| Royaume-Uni | 49  | 42  | 91  | 93  | 12% | 76% |\n| \u00c9tats Unis | 409 | 137 | 546 | 560 | 83% | 81% |\n| Ouzb\u00e9kistan | 0   | 1   | 1   | 1   | 0%  | 100% |\n",
        "line_start": 209,
        "line_end": 267
    },
    "26": {
        "content": "Source document: ../data/platform-docs-versions/TikTok_Transparency/Information Requests.md\nParagraph location: \n\tResource URL: https://www.tiktok.com/transparency/fr-fr/information-requests-2020-2/\n\tAutres rapports\n\nContent: \n### Autres rapports  \n* [Rapport sur l\u2019application des R\u00e8gles communautaires](https://www.tiktok.com/transparency/fr-fr/community-guidelines-enforcement)\n* [Rapport sur les demandes de retrait \u00e9manant de gouvernements](https://www.tiktok.com/transparency/fr-fr/government-removal-requests)\n* [Rapport sur les demandes de retrait de contenus prot\u00e9g\u00e9s par la propri\u00e9t\u00e9 intellectuelle](https://www.tiktok.com/transparency/fr-fr/intellectual-property-removal-requests)  \n#### Cela a-t-il \u00e9t\u00e9 utile ?  \n![thumps up](https://sf16-website-login.neutral.ttwstatic.com/obj/tiktok_web_login_static/websites/static/images/thumbs-up-80984a582e54af0b7149496dd4ede2a6.png)Oui![thumps down](https://sf16-website-login.neutral.ttwstatic.com/obj/tiktok_web_login_static/websites/static/images/thumbs-down-e0c9a7a1b1ea3c6ed439e5bf9a7e71bd.png)Non\n",
        "line_start": 127,
        "line_end": 133
    },
    "27": {
        "content": "Source document: ../data/platform-docs-versions/TikTok_Transparency/Information Requests.md\nParagraph location: \n\tResource URL: https://www.tiktok.com/transparency/fr-fr/information-requests-2020-1/\n\nContent: \n# Resource URL: https://www.tiktok.com/transparency/fr-fr/information-requests-2020-1/\nDemandes d\u2019information  \n_Du 1e janvier au 30 juin 2020_\n_Mise en ligne: 22 Septembre 2020_\n",
        "line_start": 280,
        "line_end": 284
    },
    "28": {
        "content": "Source document: ../data/platform-docs-versions/TikTok_Transparency/Information Requests.md\nParagraph location: \n\tResource URL: https://www.tiktok.com/transparency/fr-fr/information-requests-2020-1/\n\t\u00c0 propos de ce rapport\n\nContent: \n### \u00c0 propos de ce rapport  \nTikTok s\u2019engage \u00e0 se conformer aux demandes des autorit\u00e9s publiques d\u00e8s lors qu\u2019elles sont l\u00e9galement recevables, tout en respectant la confidentialit\u00e9 et les droits de ses utilisateurs. Pour obtenir des informations non publiques sur un utilisateur, l\u2019entit\u00e9 requ\u00e9rante est tenue de produire les justificatifs juridiques correspondant au type d\u2019information recherch\u00e9, comme une assignation \u00e0 produire un document, une d\u00e9cision de justice ou une commission rogatoire, ou d\u2019adresser une demande urgente. Toute demande r\u00e9ceptionn\u00e9e est soigneusement examin\u00e9e afin de d\u00e9terminer si elle est justifi\u00e9e d\u2019un point de vue l\u00e9gal\u2009; par exemple si l\u2019entit\u00e9 requ\u00e9rante est autoris\u00e9e \u00e0 recueillir des \u00e9l\u00e9ments de preuve dans le cadre d\u2019une enqu\u00eate polici\u00e8re ou \u00e0 enqu\u00eater sur une situation d\u2019urgence pr\u00e9sentant un danger imminent.  \nC\u2019est pourquoi nous demandons aux autorit\u00e9s publiques de soumettre par \u00e9crit leur demande accompagn\u00e9e des documents l\u00e9gaux appropri\u00e9s. Nous ne prenons pas en compte des demandes qui ne sont effectu\u00e9es par les voies appropri\u00e9es. Pour en savoir plus sur nos politiques et pratiques, veuillez consulter nos [Directives relatives aux demandes de donn\u00e9es des services de lutte contre la criminalit\u00e9](https://www.tiktok.com/legal/law-enforcement).\n",
        "line_start": 95,
        "line_end": 98
    },
    "29": {
        "content": "Source document: ../data/platform-docs-versions/TikTok_Transparency/Information Requests.md\nParagraph location: \n\tResource URL: https://www.tiktok.com/transparency/fr-fr/information-requests-2020-1/\n\tRapport sur les donn\u00e9es\n\nContent: \n### Rapport sur les donn\u00e9es  \n#### Demandes d\u2019information sur les utilisateurs \u00e9manant d\u2019autorit\u00e9s publiques  \nLe tableau suivant indique le nombre de demandes d\u2019informations sur les utilisateurs re\u00e7ues au cours du premier semestre 2020 (du 1er janvier au 30 juin 2020) et la pourcentage de demandes trait\u00e9es.  \n|     |     |     |     |     |     |\n| --- | --- | --- | --- | --- | --- |\n| **Pays / March\u00e9** | **Total des demandes l\u00e9gales** | **Total des demandes d\u2019urgence** | **Total des demandes** | **Total des comptes indiqu\u00e9s** | **Pourcentage de demandes l\u00e9gales pour lesquelles certaines donn\u00e9es ont \u00e9t\u00e9 produites** |\n| Argentine | 3   | 0   | 3   | 2   | 0%  |\n| Australie | 7   | 6   | 13  | 19  | 31% |\n| Autriche | 1   | 0   | 1   | 1   | 0%  |\n| Bangladesh | 1   | 0   | 1   | 2   | 0%  |\n| Belgique | 3   | 1   | 4   | 4   | 0%  |\n| Br\u00e9sil | 1   | 0   | 1   | 1   | 0%  |\n| Bulgarie | 1   | 0   | 1   | 1   | 0%  |\n| Canada | 0   | 11  | 11  | 13  | 73% |\n| Colombie | 0   | 1   | 1   | 1   | 100% |\n| Chypre | 1   | 0   | 1   | 1   | 0%  |\n| Danemark | 6   | 0   | 6   | 12  | 0%  |\n| Finlande | 2   | 0   | 2   | 2   | 0%  |\n| France | 6   | 7   | 13  | 11  | 54% |\n| Allemagne | 30  | 7   | 37  | 34  | 16% |\n| Gr\u00e8ce | 0   | 3   | 3   | 3   | 100% |\n| Hongrie | 0   | 1   | 1   | 0   | 0%  |\n| Inde | 1187 | 19  | 1206 | 1851 | 79% |\n| Isra\u00ebl | 2   | 39  | 41  | 41  | 85% |\n| Italie | 9   | 3   | 12  | 11  | 25% |\n| Japon | 12  | 6   | 18  | 17  | 44% |\n| Malte | 3   | 2   | 5   | 5   | 40% |\n| Mexique | 2   | 0   | 2   | 2   | 0%  |\n| N\u00e9pal | 5   | 0   | 5   | 5   | 0%  |\n| Nouvelle-Z\u00e9lande | 1   | 0   | 1   | 7   | 0%  |\n| Norv\u00e8ge | 4   | 3   | 7   | 14  | 43% |\n| Pakistan | 5   | 1   | 6   | 6   | 17% |\n| Pologne | 3   | 1   | 4   | 4   | 25% |\n| Portugal | 3   | 0   | 3   | 2   | 0%  |\n| Qatar | 1   | 0   | 1   | 1   | 0%  |\n| Roumanie | 0   | 2   | 2   | 2   | 0%  |\n| Russie | 1   | 0   | 1   | 1   | 100% |\n| Serbie | 1   | 0   | 1   | 1   | 0%  |\n| Singapour | 8   | 0   | 8   | 9   | 63% |\n| Slovaquie | 1   | 1   | 2   | 2   | 50% |\n| Cor\u00e9e du Sud | 6   | 2   | 8   | 16  | 13% |\n| Espagne | 4   | 1   | 5   | 6   | 20% |\n| Su\u00e8de | 0   | 3   | 3   | 3   | 33% |\n| Suisse | 2   | 0   | 2   | 2   | 0%  |\n| Turquie | 4   | 0   | 4   | 4   | 0%  |\n| Ta\u00efwan | 1   | 0   | 1   | 1   | 0%  |\n| Royaume-Uni | 12  | 19  | 31  | 29  | 58% |\n| \u00c9tats Unis | 222 | 68  | 290 | 327 | 85% |\n",
        "line_start": 209,
        "line_end": 257
    },
    "30": {
        "content": "Source document: ../data/platform-docs-versions/TikTok_Transparency/Information Requests.md\nParagraph location: \n\tResource URL: https://www.tiktok.com/transparency/fr-fr/information-requests-2020-1/\n\tAutres rapports\n\nContent: \n### Autres rapports  \n* [Rapport sur l\u2019application des R\u00e8gles communautaires](https://www.tiktok.com/transparency/fr-fr/community-guidelines-enforcement)\n* [Rapport sur les demandes de retrait \u00e9manant de gouvernements](https://www.tiktok.com/transparency/fr-fr/government-removal-requests)\n* [Rapport sur les demandes de retrait de contenus prot\u00e9g\u00e9s par la propri\u00e9t\u00e9 intellectuelle](https://www.tiktok.com/transparency/fr-fr/intellectual-property-removal-requests)  \n#### Cela a-t-il \u00e9t\u00e9 utile ?  \n![thumps up](https://sf16-website-login.neutral.ttwstatic.com/obj/tiktok_web_login_static/websites/static/images/thumbs-up-80984a582e54af0b7149496dd4ede2a6.png)Oui![thumps down](https://sf16-website-login.neutral.ttwstatic.com/obj/tiktok_web_login_static/websites/static/images/thumbs-down-e0c9a7a1b1ea3c6ed439e5bf9a7e71bd.png)Non\n",
        "line_start": 127,
        "line_end": 133
    },
    "31": {
        "content": "Source document: ../data/platform-docs-versions/TikTok_Transparency/Information Requests.md\nParagraph location: \n\tResource URL: https://www.tiktok.com/transparency/fr-fr/information-requests-2019-2/\n\nContent: \n# Resource URL: https://www.tiktok.com/transparency/fr-fr/information-requests-2019-2/\nDemandes d\u2019information  \n_1er juillet 2019 \u201331 d\u00e9cembre 2019_\n_Date de publication : 9 juin 2020_\n",
        "line_start": 354,
        "line_end": 358
    },
    "32": {
        "content": "Source document: ../data/platform-docs-versions/TikTok_Transparency/Information Requests.md\nParagraph location: \n\tResource URL: https://www.tiktok.com/transparency/fr-fr/information-requests-2019-2/\n\t\u00c0 propos de ce rapport\n\nContent: \n### \u00c0 propos de ce rapport  \nLes sections ci-dessous pr\u00e9sentent le volume des demandes l\u00e9gales re\u00e7ues des gouvernements et autorit\u00e9s locales dans le monde entier au cours du second semestre 2019 et la nature de notre r\u00e9ponse. Nous respectons les droits et la vie priv\u00e9e de nos utilisateurs. C\u2019est pourquoi nous demandons aux autorit\u00e9s publiques de soumettre par \u00e9crit leur demande accompagn\u00e9e des documents l\u00e9gaux appropri\u00e9s. Nous ne prenons pas en compte des demandes qui ne sont effectu\u00e9e par les voies appropri\u00e9es.  \nToute demande d\u2019information que nous recevons est soigneusement examin\u00e9e afin de d\u00e9terminer si elle est justifi\u00e9e d\u2019un point de vue l\u00e9gal ; par exemple si l\u2019entit\u00e9 requ\u00e9rante est autoris\u00e9e \u00e0 recueillir des \u00e9l\u00e9ments de preuve dans le cadre d\u2019une enqu\u00eate polici\u00e8re ou \u00e0 enqu\u00eater sur une situation d\u2019urgence pr\u00e9sentant un danger imminent. Pour en savoir plus sur nos politiques et pratiques, veuillez consulter nos [Directives relatives aux demandes de donn\u00e9es des services de lutte contre la criminalit\u00e9](https://www.tiktok.com/legal/law-enforcement).\n",
        "line_start": 95,
        "line_end": 98
    },
    "33": {
        "content": "Source document: ../data/platform-docs-versions/TikTok_Transparency/Information Requests.md\nParagraph location: \n\tResource URL: https://www.tiktok.com/transparency/fr-fr/information-requests-2019-2/\n\tRapport sur les donn\u00e9es\n\nContent: \n### Rapport sur les donn\u00e9es  \n#### Demandes l\u00e9gales d\u2019information sur les utilisateurs  \n|     |     |     |     |     |     |\n| --- | --- | --- | --- | --- | --- |\n| **Pays / March\u00e9** | **Total des demandes l\u00e9gales** | **Total des demandes d\u2019urgence** | **Total des demandes** | **Total des comptes indiqu\u00e9s** | **Pourcentage de demandes l\u00e9gales pour lesquelles certaines donn\u00e9es ont \u00e9t\u00e9 produites** |\n| Argentine | 2   | 0   | 2   | 2   | 0%  |\n| Australie | 2   | 0   | 2   | 2   | 0%  |\n| Autriche | 0   | 1   | 1   | 1   | 100% |\n| Canada | 1   | 4   | 5   | 5   | 80% |\n| Chili | 1   | 0   | 1   | 1   | 0%  |\n| R\u00e9publique Tch\u00e8que | 1   | 1   | 2   | 2   | 50% |\n| Finlande | 0   | 2   | 2   | 2   | 100% |\n| France | 1   | 3   | 4   | 4   | 75% |\n| Allemagne | 13  | 2   | 15  | 17  | 13% |\n| Gr\u00e8ce | 1   | 2   | 3   | 3   | 67% |\n| Inde | 291 | 11  | 302 | 408 | 90% |\n| Isra\u00ebl | 1   | 5   | 6   | 6   | 83% |\n| Italie | 4   | 1   | 5   | 5   | 20% |\n| Japon | 6   | 10  | 16  | 18  | 50% |\n| N\u00e9pal | 1   | 0   | 1   | 5   | 0%  |\n| Pays-Bas | 1   | 1   | 2   | 3   | 50% |\n| Norv\u00e8ge | 7   | 3   | 10  | 10  | 20% |\n| Pakistan | 1   | 0   | 1   | 1   | 0%  |\n| Cor\u00e9e du Sud | 3   | 0   | 3   | 3   | 0%  |\n| Espagne | 1   | 0   | 1   | 2   | 0%  |\n| Suisse | 3   | 0   | 3   | 5   | 0%  |\n| Su\u00e8de | 1   | 0   | 1   | 1   | 0%  |\n| Ta\u00efwan | 1   | 0   | 1   | 1   | 0%  |\n| Turquie | 1   | 0   | 1   | 1   | 0%  |\n| Royaume-Uni | 8   | 2   | 10  | 22  | 20% |\n| \u00c9tats Unis | 78  | 22  | 100 | 107 | 82% |  \n_Remarque : TikTok n\u2019a pas re\u00e7u de demande l\u00e9gale d\u2019obtention de donn\u00e9es de compte de la part de pays ou de march\u00e9s autres que ceux indiqu\u00e9s dans la liste ci-dessus._\n",
        "line_start": 209,
        "line_end": 241
    },
    "34": {
        "content": "Source document: ../data/platform-docs-versions/TikTok_Transparency/Information Requests.md\nParagraph location: \n\tResource URL: https://www.tiktok.com/transparency/fr-fr/information-requests-2019-2/\n\tAutres rapports\n\nContent: \n### Autres rapports  \n* [Rapport sur l\u2019application des R\u00e8gles communautaires](https://www.tiktok.com/transparency/fr-fr/community-guidelines-enforcement)\n* [Rapport sur les demandes de retrait \u00e9manant de gouvernements](https://www.tiktok.com/transparency/fr-fr/government-removal-requests)\n* [Rapport sur les demandes de retrait de contenus prot\u00e9g\u00e9s par la propri\u00e9t\u00e9 intellectuelle](https://www.tiktok.com/transparency/fr-fr/intellectual-property-removal-requests)  \n#### Cela a-t-il \u00e9t\u00e9 utile ?  \n![thumps up](https://sf16-website-login.neutral.ttwstatic.com/obj/tiktok_web_login_static/websites/static/images/thumbs-up-80984a582e54af0b7149496dd4ede2a6.png)Oui![thumps down](https://sf16-website-login.neutral.ttwstatic.com/obj/tiktok_web_login_static/websites/static/images/thumbs-down-e0c9a7a1b1ea3c6ed439e5bf9a7e71bd.png)Non\n",
        "line_start": 127,
        "line_end": 133
    },
    "35": {
        "content": "Source document: ../data/platform-docs-versions/TikTok_Transparency/Information Requests.md\nParagraph location: \n\tResource URL: https://www.tiktok.com/transparency/fr-fr/information-requests-2019-1/\n\nContent: \n# Resource URL: https://www.tiktok.com/transparency/fr-fr/information-requests-2019-1/\nDemandes d\u2019information  \n_January 1, 2019 \u2013 June 30, 2019\nReleased: December 30, 2019_\n",
        "line_start": 412,
        "line_end": 416
    },
    "36": {
        "content": "Source document: ../data/platform-docs-versions/TikTok_Transparency/Information Requests.md\nParagraph location: \n\tResource URL: https://www.tiktok.com/transparency/fr-fr/information-requests-2019-1/\n\tAbout this report\n\nContent: \n### About this report  \nWe take any request from government bodies extremely seriously, and closely review each such request we receive to determine whether, for example, the request adheres to the required legal process or the content violates a local law. TikTok is committed to assisting law enforcement in appropriate circumstances while respecting the privacy and rights of our users.  \nThe sections below provide insight into the requests we received from government bodies in the markets where the TikTok app operates during the first half of 2019. We did not receive any requests from countries other than those listed in the chart below. In addition, we have also included a description of our copyright take-down process.\n",
        "line_start": 418,
        "line_end": 421
    },
    "37": {
        "content": "Source document: ../data/platform-docs-versions/TikTok_Transparency/Information Requests.md\nParagraph location: \n\tResource URL: https://www.tiktok.com/transparency/fr-fr/information-requests-2019-1/\n\tLatest data\n\nContent: \n### Latest data  \n#### Legal requests for user information  \nAny information request we receive is carefully reviewed for legal sufficiency, to determine whether, for example, the requesting entity is authorized to gather evidence in connection with a law enforcement investigation or to investigate an emergency involving imminent harm. For more on our policies and practices, please see our [Law Enforcement Data Request Guidelines](https://www.tiktok.com/legal/law-enforcement).  \nThe following chart shows the number of information requests we received, by country, in the first half of 2019 (January 1 \u2013 June 30, 2019) and the rate with which we complied with those requests.  \n|     |     |     |     |     |     |\n| --- | --- | --- | --- | --- | --- |\n| **Country** | **Legal requests** | **Emergency requests** | **Total requests** | **Total accounts specified** | **Percentage of requests where some information was produced** |\n| Australia | 5   | 0   | 5   | 5   | 0%  |\n| Austria | 1   | 0   | 1   | 1   | 0%  |\n| Belgium | 1   | 0   | 1   | 1   | 0%  |\n| Canada | 0   | 1   | 1   | 1   | 100% |\n| Czech Republic | 1   | 0   | 1   | 1   | 0%  |\n| Denmark | 1   | 0   | 1   | 1   | 0%  |\n| France | 5   | 3   | 8   | 17  | 12% |\n| Germany | 9   | 3   | 12  | 12  | 25% |\n| Hungary | 1   | 0   | 1   | 1   | 0%  |\n| Iceland | 0   | 1   | 1   | 1   | 100% |\n| India | 99  | 8   | 107 | 143 | 47% |\n| Israel | 0   | 3   | 3   | 3   | 100% |\n| Italy | 2   | 1   | 3   | 3   | 33% |\n| Japan | 28  | 7   | 35  | 39  | 21% |\n| Jordan | 1   | 0   | 1   | 1   | 0%  |\n| South Korea | 4   | 2   | 6   | 6   | 33% |\n| New Zealand | 1   | 0   | 1   | 1   | 0%  |\n| Norway | 6   | 5   | 11  | 15  | 33% |\n| Pakistan | 1   | 0   | 1   | 1   | 0%  |\n| Poland | 2   | 0   | 2   | 3   | 0%  |\n| Russia | 1   | 0   | 1   | 1   | 0%  |\n| Serbia | 1   | 0   | 1   | 1   | 0%  |\n| Singapore | 1   | 0   | 1   | 1   | 100% |\n| Sweden | 4   | 2   | 6   | 6   | 17% |\n| Switzerland | 1   | 0   | 1   | 1   | 0%  |\n| Turkey | 0   | 1   | 1   | 1   | 100% |\n| United Kingdom | 6   | 0   | 6   | 7   | 0%  |\n| United States | 68  | 11  | 79  | 255 | 86% |  \n_Note: TikTok did not receive any legal requests for account information from countries other than those on the list above._\n",
        "line_start": 424,
        "line_end": 460
    },
    "38": {
        "content": "Source document: ../data/platform-docs-versions/TikTok_Transparency/Information Requests.md\nParagraph location: \n\tResource URL: https://www.tiktok.com/transparency/fr-fr/information-requests-2019-1/\n\tOther reports\n\nContent: \n### Other reports  \n* [Rapport sur l\u2019application des R\u00e8gles communautaires](https://www.tiktok.com/transparency/fr-fr/community-guidelines-enforcement)\n* [Rapport sur les demandes de retrait \u00e9manant de gouvernements](https://www.tiktok.com/transparency/fr-fr/government-removal-requests)\n* [Rapport sur les demandes de retrait de contenus prot\u00e9g\u00e9s par la propri\u00e9t\u00e9 intellectuelle](https://www.tiktok.com/transparency/fr-fr/intellectual-property-removal-requests)  \n#### Cela a-t-il \u00e9t\u00e9 utile ?  \n![thumps up](https://sf16-website-login.neutral.ttwstatic.com/obj/tiktok_web_login_static/websites/static/images/thumbs-up-80984a582e54af0b7149496dd4ede2a6.png)Oui![thumps down](https://sf16-website-login.neutral.ttwstatic.com/obj/tiktok_web_login_static/websites/static/images/thumbs-down-e0c9a7a1b1ea3c6ed439e5bf9a7e71bd.png)Non\n",
        "line_start": 466,
        "line_end": 472
    }
}