{
    "0": {
        "content": "Source document: ../data/platform-docs-versions/TikTok_Transparency/Intellectual Property Removal Requests Reports.md\nParagraph location: \n\tResource URL: https://www.tiktok.com/transparency/fr-fr/intellectual-property-removal-requests-2023-1/\n\nContent: \n# Resource URL: https://www.tiktok.com/transparency/fr-fr/intellectual-property-removal-requests-2023-1/\nDemandes de retrait de contenu portant atteinte \u00e0 la propri\u00e9t\u00e9 intellectuelle  \n_1 janvier 2023 \u2013 30 juin 2023_  \n_Date de publication : 10 novembre 2023_\n",
        "line_start": 0,
        "line_end": 4
    },
    "1": {
        "content": "Source document: ../data/platform-docs-versions/TikTok_Transparency/Intellectual Property Removal Requests Reports.md\nParagraph location: \n\tResource URL: https://www.tiktok.com/transparency/fr-fr/intellectual-property-removal-requests-2023-1/\n\t**\u00c0 propos de ce rapport**\n\nContent: \n### **\u00c0 propos de ce rapport**  \nLa cr\u00e9ativit\u00e9 de notre communaut\u00e9 est au c\u0153ur de TikTok; c\u2019est ce qui en fait un lieu de divertissement unique. Notre plateforme encourage les utilisateurs \u00e0 laisser libre cours \u00e0 leur cr\u00e9ativit\u00e9 et nous faisons de notre mieux pour la prot\u00e9ger. Nos R\u00e8gles communautaires et Conditions g\u00e9n\u00e9rales interdisent tout contenu qui porte atteinte aux droits de propri\u00e9t\u00e9 intellectuelle d\u2019un tiers. Nous honorons les demandes de retrait justifi\u00e9es fond\u00e9es sur une infraction aux lois sur le droit d\u2019auteur et sur les marques. \u00c0 la r\u00e9ception d\u2019une notification valide d\u2019un d\u00e9tenteur de droits ou d\u2019un repr\u00e9sentant autoris\u00e9 concernant une \u00e9ventuelle atteinte \u00e0 la propri\u00e9t\u00e9 intellectuelle, TikTok peut retirer le contenu vis\u00e9 et suspendre temporairement ou d\u00e9finitivement le compte en infraction. Pour savoir comment nous \u00e9valuons les all\u00e9gations d\u2019atteinte aux droits de propri\u00e9t\u00e9 intellectuelle, veuillez consulter notre [Politique en mati\u00e8re de propri\u00e9t\u00e9 intellectuelle](https://www.tiktok.com/legal/copyright-policy?lang=en). Les sections ci-dessous indiquent les demandes de retrait de contenus pour infraction aux lois sur le droit d\u2019auteur et sur les marques, et le taux de contenus supprim\u00e9s.\n",
        "line_start": 7,
        "line_end": 9
    },
    "2": {
        "content": "Source document: ../data/platform-docs-versions/TikTok_Transparency/Intellectual Property Removal Requests Reports.md\nParagraph location: \n\tResource URL: https://www.tiktok.com/transparency/fr-fr/intellectual-property-removal-requests-2023-1/\n\t**Donn\u00e9es les plus r\u00e9centes**\n\nContent: \n### **Donn\u00e9es les plus r\u00e9centes**  \n[![download](https://sf16-website-login.neutral.ttwstatic.com/obj/tiktok_web_login_static/websites/static/images/icon-download-c0614844c2e22b8aede8367a66bcdae1.svg)T\u00e9l\u00e9charger](https://sf16-va.tiktokcdn.com/obj/eden-va2/uhsllrta/H1%20%2723%20LIGR/ip/2023H1_raw_data_ip_French.csv)  \n#### **Demandes de retrait de contenus pour infraction aux droits d\u2019auteur et aux lois sur les marques**  \n#### **D\u00e9finitions**  \n* **Droit d\u2019auteur** : un droit l\u00e9gal qui prot\u00e8ge les \u0153uvres originales de l\u2019auteur (par exemple, la musique, les vid\u00e9os, etc.). En g\u00e9n\u00e9ral, le droit d\u2019auteur prot\u00e8ge l\u2019expression originale d\u2019une id\u00e9e (par exemple, la mani\u00e8re sp\u00e9cifique d\u2019exprimer ou de cr\u00e9er une vid\u00e9o ou une musique), mais ne prot\u00e8ge pas les id\u00e9es ou les faits sous-jacents.\n* **Marque** : un mot, un symbole, un slogan, un design ou une combinaison de ces \u00e9l\u00e9ments qui identifie la source d\u2019un produit ou d\u2019un service et le distingue des autres produits ou services.\n* **Total des demandes de retrait de contenus pour infraction aux lois sur le droit d\u2019auteur** : nombre de demandes de retrait o\u00f9 des droits d\u2019auteur ont \u00e9t\u00e9 revendiqu\u00e9s.\n* **Total des demandes de retrait de contenus pour infraction aux lois sur les marques** : nombre de demandes de retrait o\u00f9 des marques ont \u00e9t\u00e9 revendiqu\u00e9es.\n* **Demandes honor\u00e9es de retrait de contenus pour infraction aux lois sur le droit d\u2019auteur** : nombre de demandes de retrait de contenus pour infraction aux lois sur le droit d\u2019auteur qui ont abouti \u00e0 la suppression du contenu signal\u00e9 et/ou \u00e0 la suspension du compte.\n* **Demandes honor\u00e9es de retrait de contenus pour infraction aux lois sur les marques** : nombre de demandes de retrait de contenus pour infraction aux lois sur les marques qui ont abouti \u00e0 la suppression du contenu signal\u00e9 et/ou \u00e0 la suspension du compte.\n* **Pourcentage des demandes honor\u00e9es de retrait de contenus pour infraction aux lois sur le droit d\u2019auteur** : taux des demandes de retrait de contenus pour infraction aux lois sur le droit d\u2019auteur qui ont abouti \u00e0 la suppression du contenu signal\u00e9 et/ou \u00e0 la suspension du compte.\n* **Pourcentage des demandes honor\u00e9es de retrait de contenus pour infraction aux lois sur les marques** : taux des demandes de retrait de contenus pour infraction aux lois sur les marques qui ont abouti \u00e0 la suppression du contenu signal\u00e9 et/ou \u00e0 la suspension du compte.\n",
        "line_start": 11,
        "line_end": 23
    },
    "3": {
        "content": "Source document: ../data/platform-docs-versions/TikTok_Transparency/Intellectual Property Removal Requests Reports.md\nParagraph location: \n\tResource URL: https://www.tiktok.com/transparency/fr-fr/intellectual-property-removal-requests-2023-1/\n\t**Autres rapports**\n\nContent: \n### **Autres rapports**  \n* [Rapport sur l\u2019application des R\u00e8gles communautaires](https://www.tiktok.com/transparency/fr-fr/community-guidelines-enforcement)\n* [Rapport sur les demandes de retrait \u00e9manant de gouvernements](https://www.tiktok.com/transparency/fr-fr/government-removal-requests)\n* [Rapport sur les demandes de renseignements](https://www.tiktok.com/transparency/fr-fr/information-requests)  \n#### Cela a-t-il \u00e9t\u00e9 utile ?  \n![thumps up](https://sf16-website-login.neutral.ttwstatic.com/obj/tiktok_web_login_static/websites/static/images/thumbs-up-80984a582e54af0b7149496dd4ede2a6.png)Oui![thumps down](https://sf16-website-login.neutral.ttwstatic.com/obj/tiktok_web_login_static/websites/static/images/thumbs-down-e0c9a7a1b1ea3c6ed439e5bf9a7e71bd.png)Non\n",
        "line_start": 28,
        "line_end": 34
    },
    "4": {
        "content": "Source document: ../data/platform-docs-versions/TikTok_Transparency/Intellectual Property Removal Requests Reports.md\nParagraph location: \n\tResource URL: https://www.tiktok.com/transparency/fr-fr/intellectual-property-removal-requests-2022-2/\n\nContent: \n# Resource URL: https://www.tiktok.com/transparency/fr-fr/intellectual-property-removal-requests-2022-2/\nDemandes de retrait de contenu portant atteinte \u00e0 la propri\u00e9t\u00e9 intellectuelle  \n_1er\u00a0juillet\u00a02022 \u2013 31\u00a0d\u00e9cembre\u00a02022_\n_Publication du 15\u00a0mai\u00a02023_\n",
        "line_start": 38,
        "line_end": 42
    },
    "5": {
        "content": "Source document: ../data/platform-docs-versions/TikTok_Transparency/Intellectual Property Removal Requests Reports.md\nParagraph location: \n\tResource URL: https://www.tiktok.com/transparency/fr-fr/intellectual-property-removal-requests-2022-2/\n\t**\u00c0 propos de ce rapport**\n\nContent: \n### **\u00c0 propos de ce rapport**  \nLa cr\u00e9ativit\u00e9 de notre communaut\u00e9 est au c\u0153ur de TikTok; c\u2019est ce qui en fait un lieu de divertissement unique. Notre plateforme encourage les utilisateurs \u00e0 laisser libre cours \u00e0 leur cr\u00e9ativit\u00e9 et nous faisons de notre mieux pour la prot\u00e9ger. Nos R\u00e8gles communautaires et Conditions g\u00e9n\u00e9rales interdisent tout contenu qui porte atteinte aux droits de propri\u00e9t\u00e9 intellectuelle d\u2019un tiers. Nous honorons les demandes de retrait justifi\u00e9es fond\u00e9es sur une infraction aux lois sur le droit d\u2019auteur et sur les marques. \u00c0 la r\u00e9ception d\u2019une notification valide d\u2019un d\u00e9tenteur de droits ou d\u2019un repr\u00e9sentant autoris\u00e9 concernant une \u00e9ventuelle atteinte \u00e0 la propri\u00e9t\u00e9 intellectuelle, TikTok peut retirer le contenu vis\u00e9 et suspendre temporairement ou d\u00e9finitivement le compte en infraction. Pour savoir comment nous \u00e9valuons les all\u00e9gations d\u2019atteinte aux droits de propri\u00e9t\u00e9 intellectuelle, veuillez consulter notre [Politique en mati\u00e8re de propri\u00e9t\u00e9 intellectuelle](https://www.tiktok.com/legal/copyright-policy?lang=en).  \nLes sections ci-dessous indiquent les demandes de retrait de contenus pour infraction aux lois sur le droit d\u2019auteur et sur les marques, et le taux de contenus supprim\u00e9s.\n",
        "line_start": 7,
        "line_end": 10
    },
    "6": {
        "content": "Source document: ../data/platform-docs-versions/TikTok_Transparency/Intellectual Property Removal Requests Reports.md\nParagraph location: \n\tResource URL: https://www.tiktok.com/transparency/fr-fr/intellectual-property-removal-requests-2022-2/\n\t**Analyse**\n\nContent: \n### **Analyse**  \nPar rapport \u00e0 la derni\u00e8re p\u00e9riode de rapport, nous avons constat\u00e9 une augmentation du nombre de demandes de retrait fond\u00e9es sur une infraction aux lois sur le droit d\u2019auteur et sur les marques. Nous pensons que cela est d\u00fb en partie \u00e0 la tenue d\u2019\u00e9v\u00e9nements sportifs tr\u00e8s m\u00e9diatis\u00e9s (par exemple la Coupe du monde de la FIFA), \u00e0 nos efforts destin\u00e9s \u00e0 am\u00e9liorer notre engagement avec les d\u00e9tenteurs de droits autour du partage des bonnes pratiques pour la soumission de demandes valides et \u00e0 notre travail pour am\u00e9liorer l\u2019efficacit\u00e9 de nos processus de v\u00e9rification des e-mails. Par exemple, nous demandons d\u00e9sormais aux utilisateurs de proc\u00e9der \u00e0 une v\u00e9rification de leur adresse e-mail avant de pouvoir soumettre un rapport, ce qui a permis de r\u00e9duire le volume de spams et de rapports non valides que nous recevons. En outre, nous avons constat\u00e9 une diminution du nombre de demandes honor\u00e9es en mati\u00e8re de suppressions li\u00e9es aux droits d\u2019auteur et aux lois sur les marques par rapport \u00e0 la p\u00e9riode pr\u00e9c\u00e9dente. Nous pensons que cela peut \u00eatre attribu\u00e9 en partie \u00e0 nos efforts pour d\u00e9ployer de nouveaux outils qui am\u00e9liorent notre capacit\u00e9 \u00e0 d\u00e9tecter les faux propri\u00e9taires et les demandes multiples de suppression d\u2019un m\u00eame contenu.\n",
        "line_start": 50,
        "line_end": 52
    },
    "7": {
        "content": "Source document: ../data/platform-docs-versions/TikTok_Transparency/Intellectual Property Removal Requests Reports.md\nParagraph location: \n\tResource URL: https://www.tiktok.com/transparency/fr-fr/intellectual-property-removal-requests-2022-2/\n\t**Donn\u00e9es les plus r\u00e9centes**\n\nContent: \n### **Donn\u00e9es les plus r\u00e9centes**  \n[![download](https://sf16-website-login.neutral.ttwstatic.com/obj/tiktok_web_login_static/websites/static/images/icon-download-c0614844c2e22b8aede8367a66bcdae1.svg)T\u00e9l\u00e9charger](https://sf16-va.tiktokcdn.com/obj/eden-va2/nuvlojeh7ryht/Transparency_LIPGR_2022H2-2-IP/2022H2_raw_data_ip_French.csv)  \n#### **Demandes de retrait de contenus pour infraction aux droits d\u2019auteur et aux lois sur les marques**  \n#### **D\u00e9finitions**  \n* **Droit d\u2019auteur** : un droit l\u00e9gal qui prot\u00e8ge les \u0153uvres originales de l\u2019auteur (par exemple, la musique, les vid\u00e9os, etc.). En g\u00e9n\u00e9ral, le droit d\u2019auteur prot\u00e8ge l\u2019expression originale d\u2019une id\u00e9e (par exemple, la mani\u00e8re sp\u00e9cifique d\u2019exprimer ou de cr\u00e9er une vid\u00e9o ou une musique), mais ne prot\u00e8ge pas les id\u00e9es ou les faits sous-jacents.\n* **Marque** : un mot, un symbole, un slogan, un design ou une combinaison de ces \u00e9l\u00e9ments qui identifie la source d\u2019un produit ou d\u2019un service et le distingue des autres produits ou services.\n* **Total des demandes de retrait de contenus pour infraction aux lois sur le droit d\u2019auteur** : nombre de demandes de retrait o\u00f9 des droits d\u2019auteur ont \u00e9t\u00e9 revendiqu\u00e9s.\n* **Total des demandes de retrait de contenus pour infraction aux lois sur les marques** : nombre de demandes de retrait o\u00f9 des marques ont \u00e9t\u00e9 revendiqu\u00e9es.\n* **Demandes honor\u00e9es de retrait de contenus pour infraction aux lois sur le droit d\u2019auteur** : nombre de demandes de retrait de contenus pour infraction aux lois sur le droit d\u2019auteur qui ont abouti \u00e0 la suppression du contenu signal\u00e9 et/ou \u00e0 la suspension du compte.\n* **Demandes honor\u00e9es de retrait de contenus pour infraction aux lois sur les marques** : nombre de demandes de retrait de contenus pour infraction aux lois sur les marques qui ont abouti \u00e0 la suppression du contenu signal\u00e9 et/ou \u00e0 la suspension du compte.\n* **Pourcentage des demandes honor\u00e9es de retrait de contenus pour infraction aux lois sur le droit d\u2019auteur** : taux des demandes de retrait de contenus pour infraction aux lois sur le droit d\u2019auteur qui ont abouti \u00e0 la suppression du contenu signal\u00e9 et/ou \u00e0 la suspension du compte.\n* **Pourcentage des demandes honor\u00e9es de retrait de contenus pour infraction aux lois sur les marques** : taux des demandes de retrait de contenus pour infraction aux lois sur les marques qui ont abouti \u00e0 la suppression du contenu signal\u00e9 et/ou \u00e0 la suspension du compte.\n",
        "line_start": 11,
        "line_end": 23
    },
    "8": {
        "content": "Source document: ../data/platform-docs-versions/TikTok_Transparency/Intellectual Property Removal Requests Reports.md\nParagraph location: \n\tResource URL: https://www.tiktok.com/transparency/fr-fr/intellectual-property-removal-requests-2022-2/\n\t**Autres rapports**\n\nContent: \n### **Autres rapports**  \n* [Rapport sur l\u2019application des R\u00e8gles communautaires](https://www.tiktok.com/transparency/fr-fr/community-guidelines-enforcement)\n* [Rapport sur les demandes de retrait \u00e9manant de gouvernements](https://www.tiktok.com/transparency/fr-fr/government-removal-requests)\n* [Rapport sur les demandes de renseignements](https://www.tiktok.com/transparency/fr-fr/information-requests)  \n#### Cela a-t-il \u00e9t\u00e9 utile ?  \n![thumps up](https://sf16-website-login.neutral.ttwstatic.com/obj/tiktok_web_login_static/websites/static/images/thumbs-up-80984a582e54af0b7149496dd4ede2a6.png)Oui![thumps down](https://sf16-website-login.neutral.ttwstatic.com/obj/tiktok_web_login_static/websites/static/images/thumbs-down-e0c9a7a1b1ea3c6ed439e5bf9a7e71bd.png)Non\n",
        "line_start": 28,
        "line_end": 34
    },
    "9": {
        "content": "Source document: ../data/platform-docs-versions/TikTok_Transparency/Intellectual Property Removal Requests Reports.md\nParagraph location: \n\tResource URL: https://www.tiktok.com/transparency/fr-fr/intellectual-property-removal-requests-2022-1/\n\nContent: \n# Resource URL: https://www.tiktok.com/transparency/fr-fr/intellectual-property-removal-requests-2022-1/\nDemandes de retrait de contenu portant atteinte \u00e0 la propri\u00e9t\u00e9 intellectuelle  \n_1 janvier \u2013 30 juin 2022_\n_Date de publication : 29 novembre 2022_\n",
        "line_start": 81,
        "line_end": 85
    },
    "10": {
        "content": "Source document: ../data/platform-docs-versions/TikTok_Transparency/Intellectual Property Removal Requests Reports.md\nParagraph location: \n\tResource URL: https://www.tiktok.com/transparency/fr-fr/intellectual-property-removal-requests-2022-1/\n\t**\u00c0 propos de ce rapport**\n\nContent: \n### **\u00c0 propos de ce rapport**  \nLa cr\u00e9ativit\u00e9 de notre communaut\u00e9 est au c\u0153ur de TikTok ; c\u2019est ce qui en fait un lieu de divertissement unique. Notre plateforme encourage les utilisateurs \u00e0 laisser libre cours \u00e0 leur cr\u00e9ativit\u00e9 et nous faisons de notre mieux pour la prot\u00e9ger. Nos R\u00e8gles communautaires et Conditions g\u00e9n\u00e9rales interdisent tout contenu qui porte atteinte aux droits de propri\u00e9t\u00e9 intellectuelle d\u2019un tiers. Nous honorons les demandes de retrait justifi\u00e9es fond\u00e9es sur une infraction aux lois sur le droit d\u2019auteur et sur les marques. \u00c0 la r\u00e9ception d\u2019une notification valide d\u2019un d\u00e9tenteur de droits ou d\u2019un repr\u00e9sentant autoris\u00e9 concernant une \u00e9ventuelle atteinte \u00e0 la propri\u00e9t\u00e9 intellectuelle, TikTok peut retirer le contenu vis\u00e9 et suspendre temporairement ou d\u00e9finitivement le compte en infraction. Pour savoir comment nous \u00e9valuons les all\u00e9gations d\u2019atteinte aux droits de propri\u00e9t\u00e9 intellectuelle, veuillez consulter notre [Politique en mati\u00e8re de propri\u00e9t\u00e9 intellectuelle](https://www.tiktok.com/legal/copyright-policy?lang=en).  \nLes sections ci-dessous indiquent les demandes de retrait de contenus pour infraction aux lois sur le droit d\u2019auteur et sur les marques, et le taux de contenus supprim\u00e9s.\n",
        "line_start": 7,
        "line_end": 10
    },
    "11": {
        "content": "Source document: ../data/platform-docs-versions/TikTok_Transparency/Intellectual Property Removal Requests Reports.md\nParagraph location: \n\tResource URL: https://www.tiktok.com/transparency/fr-fr/intellectual-property-removal-requests-2022-1/\n\t**Analyse**\n\nContent: \n### **Analyse**  \nPar rapport \u00e0 la derni\u00e8re p\u00e9riode de rapport, nous avons constat\u00e9 une augmentation du nombre de demandes de retrait justifi\u00e9es fond\u00e9es sur une infraction aux lois sur le droit d\u2019auteur et sur les marques. Les facteurs qui ont contribu\u00e9 \u00e0 cette augmentation du volume sont les suivants : les am\u00e9liorations apport\u00e9es \u00e0 nos processus de v\u00e9rification des e-mails, la redirection des rapports li\u00e9s aux annonces vers le [formulaire Web](https://www.tiktok.com/business/en/report) pertinent et les interactions avec les d\u00e9tenteurs de droits afin de partager les bonnes pratiques pour soumettre des demandes valides.\n",
        "line_start": 50,
        "line_end": 52
    },
    "12": {
        "content": "Source document: ../data/platform-docs-versions/TikTok_Transparency/Intellectual Property Removal Requests Reports.md\nParagraph location: \n\tResource URL: https://www.tiktok.com/transparency/fr-fr/intellectual-property-removal-requests-2022-1/\n\t**Donn\u00e9es les plus r\u00e9centes**\n\nContent: \n### **Donn\u00e9es les plus r\u00e9centes**  \n[![download](https://sf16-website-login.neutral.ttwstatic.com/obj/tiktok_web_login_static/websites/static/images/icon-download-c0614844c2e22b8aede8367a66bcdae1.svg)T\u00e9l\u00e9charger](https://sf16-va.tiktokcdn.com/obj/eden-va2/nuvlojeh7ryht/Transparency_LIPGR_2022H2/French_LIPGR_2022_H1.xlsx)  \n#### **Demandes de retrait de contenus pour infraction aux lois sur le droit d\u2019auteur**  \n|     |     |     |     |     |\n| --- | --- | --- | --- | --- |\n| Pays/r\u00e9gion | P\u00e9riode | Total de demandes de suppression li\u00e9es au droit d\u2019auteur | Demandes de suppression li\u00e9es au droit d\u2019auteur r\u00e9alis\u00e9es | Pourcentage de demandes li\u00e9es au droit d\u2019auteur r\u00e9alis\u00e9es |\n| Global | 1 janvier \u2013 30 juin 2022 | 94267 | 65828 | 69.83% |  \n#### **Demandes de retrait de contenus pour infraction aux lois sur les marques**  \n|     |     |     |     |     |\n| --- | --- | --- | --- | --- |\n| Pays/r\u00e9gion | P\u00e9riode | Total de demandes de suppressions li\u00e9es aux marques d\u00e9pos\u00e9es | Demandes de retrait li\u00e9es aux marques d\u00e9pos\u00e9es r\u00e9alis\u00e9es | Pourcentage de demandes li\u00e9es aux marques d\u00e9pos\u00e9es r\u00e9alis\u00e9es |\n| Global | 1 janvier \u2013 30 juin 2022 | 12392 | 7991 | 64.48% |  \n#### **D\u00e9finitions**  \n* **Droit d\u2019auteur** : un droit l\u00e9gal qui prot\u00e8ge les \u0153uvres originales de l\u2019auteur (par exemple, la musique, les vid\u00e9os, etc.). En g\u00e9n\u00e9ral, le droit d\u2019auteur prot\u00e8ge l\u2019expression originale d\u2019une id\u00e9e (par exemple, la mani\u00e8re sp\u00e9cifique d\u2019exprimer ou de cr\u00e9er une vid\u00e9o ou une musique), mais ne prot\u00e8ge pas les id\u00e9es ou les faits sous-jacents.\n* **Marque** : un mot, un symbole, un slogan, un design ou une combinaison de ces \u00e9l\u00e9ments qui identifie la source d\u2019un produit ou d\u2019un service et le distingue des autres produits ou services.\n* **Total des demandes de retrait de contenus pour infraction aux lois sur le droit d\u2019auteur** : nombre de demandes de retrait o\u00f9 des droits d\u2019auteur ont \u00e9t\u00e9 revendiqu\u00e9s.\n* **Total des demandes de retrait de contenus pour infraction aux lois sur les marques** : nombre de demandes de retrait o\u00f9 des marques ont \u00e9t\u00e9 revendiqu\u00e9es.\n* **Demandes honor\u00e9es de retrait de contenus pour infraction aux lois sur le droit d\u2019auteur** : nombre de demandes de retrait de contenus pour infraction aux lois sur le droit d\u2019auteur qui ont abouti \u00e0 la suppression du contenu signal\u00e9 et/ou \u00e0 la suspension du compte.\n* **Demandes honor\u00e9es de retrait de contenus pour infraction aux lois sur les marques** : nombre de demandes de retrait de contenus pour infraction aux lois sur les marques qui ont abouti \u00e0 la suppression du contenu signal\u00e9 et/ou \u00e0 la suspension du compte.\n* **Pourcentage des demandes honor\u00e9es de retrait de contenus pour infraction aux lois sur le droit d\u2019auteur** : taux des demandes de retrait de contenus pour infraction aux lois sur le droit d\u2019auteur qui ont abouti \u00e0 la suppression du contenu signal\u00e9 et/ou \u00e0 la suspension du compte.\n* **Pourcentage des demandes honor\u00e9es de retrait de contenus pour infraction aux lois sur les marques** : taux des demandes de retrait de contenus pour infraction aux lois sur les marques qui ont abouti \u00e0 la suppression du contenu signal\u00e9 et/ou \u00e0 la suspension du compte.\n",
        "line_start": 11,
        "line_end": 32
    },
    "13": {
        "content": "Source document: ../data/platform-docs-versions/TikTok_Transparency/Intellectual Property Removal Requests Reports.md\nParagraph location: \n\tResource URL: https://www.tiktok.com/transparency/fr-fr/intellectual-property-removal-requests-2022-1/\n\t**Autres rapports**\n\nContent: \n### **Autres rapports**  \n* [Rapport sur l\u2019application des R\u00e8gles communautaires](https://www.tiktok.com/transparency/fr-fr/community-guidelines-enforcement)\n* [Rapport sur les demandes de retrait \u00e9manant de gouvernements](https://www.tiktok.com/transparency/fr-fr/government-removal-requests)\n* [Rapport sur les demandes de renseignements](https://www.tiktok.com/transparency/fr-fr/information-requests)  \n#### Cela a-t-il \u00e9t\u00e9 utile ?  \n![thumps up](https://sf16-website-login.neutral.ttwstatic.com/obj/tiktok_web_login_static/websites/static/images/thumbs-up-80984a582e54af0b7149496dd4ede2a6.png)Oui![thumps down](https://sf16-website-login.neutral.ttwstatic.com/obj/tiktok_web_login_static/websites/static/images/thumbs-down-e0c9a7a1b1ea3c6ed439e5bf9a7e71bd.png)Non\n",
        "line_start": 28,
        "line_end": 34
    },
    "14": {
        "content": "Source document: ../data/platform-docs-versions/TikTok_Transparency/Intellectual Property Removal Requests Reports.md\nParagraph location: \n\tResource URL: https://www.tiktok.com/transparency/fr-fr/intellectual-property-removal-requests-2021-2/\n\nContent: \n# Resource URL: https://www.tiktok.com/transparency/fr-fr/intellectual-property-removal-requests-2021-2/\nDemandes de retrait de contenu portant atteinte \u00e0 la propri\u00e9t\u00e9 intellectuelle  \n_1er juillet \u2013 31 d\u00e9cembre 2021_\n_Date de publication : 17 mai 2022_\n",
        "line_start": 136,
        "line_end": 140
    },
    "15": {
        "content": "Source document: ../data/platform-docs-versions/TikTok_Transparency/Intellectual Property Removal Requests Reports.md\nParagraph location: \n\tResource URL: https://www.tiktok.com/transparency/fr-fr/intellectual-property-removal-requests-2021-2/\n\t\u00c0 propos de ce rapport\n\nContent: \n### \u00c0 propos de ce rapport  \nLa cr\u00e9ativit\u00e9 de notre communaut\u00e9 est au c\u0153ur de TikTok; c\u2019est ce qui en fait un lieu de divertissement unique. Notre plateforme encourage les utilisateurs \u00e0 laisser libre cours \u00e0 leur cr\u00e9ativit\u00e9 et nous faisons de notre mieux pour la prot\u00e9ger. Nos R\u00e8gles communautaires et Conditions g\u00e9n\u00e9rales interdisent tout contenu qui porte atteinte \u00e0 la propri\u00e9t\u00e9 intellectuelle d\u2019un tiers. Nous honorons les demandes de retrait justifi\u00e9es fond\u00e9es sur une infraction aux lois sur le droit d\u2019auteur et sur les marques. \u00c0 la r\u00e9ception d\u2019une notification effective d\u2019un d\u00e9tenteur de droits concernant une \u00e9ventuelle atteinte \u00e0 sa propri\u00e9t\u00e9 intellectuelle, TikTok supprimera rapidement le contenu vis\u00e9. Toute activit\u00e9 qui porte atteinte aux droits de propri\u00e9t\u00e9 intellectuelle d\u2019autrui peut faire l\u2019objet d\u2019une suspension ou d\u2019une fermeture de compte. Pour savoir comment nous \u00e9valuons les all\u00e9gations d\u2019atteinte aux droits de propri\u00e9t\u00e9 intellectuelle, veuillez consulter notre [Politique en mati\u00e8re de propri\u00e9t\u00e9 intellectuelle](https://www.tiktok.com/legal/copyright-policy).  \nLes sections ci-dessous indiquent les notifications de retrait de contenus pour infraction aux lois sur le droit d\u2019auteur et sur les marques, et le taux de contenus supprim\u00e9s.\n",
        "line_start": 142,
        "line_end": 145
    },
    "16": {
        "content": "Source document: ../data/platform-docs-versions/TikTok_Transparency/Intellectual Property Removal Requests Reports.md\nParagraph location: \n\tResource URL: https://www.tiktok.com/transparency/fr-fr/intellectual-property-removal-requests-2021-2/\n\tDonn\u00e9es les plus r\u00e9centes\n\nContent: \n### Donn\u00e9es les plus r\u00e9centes  \n[![download](https://sf16-website-login.neutral.ttwstatic.com/obj/tiktok_web_login_static/websites/static/images/icon-download-c0614844c2e22b8aede8367a66bcdae1.svg)T\u00e9l\u00e9charger](https://sf16-va.tiktokcdn.com/obj/eden-va2/uhaeh7pflk/Transparency_LIPGR_2021_H2/French_LIPGR_2021_H2.xlsx)  \n#### Notifications de retrait de contenus pour infraction aux lois sur le droit d\u2019auteur  \n|     |     |     |     |     |\n| --- | --- | --- | --- | --- |\n| Pays/r\u00e9gion | P\u00e9riode | Total des demandes de retrait de contenus pour infraction aux lois sur le droit d\u2019auteur | Total des de demandes de retrait de contenus pour infraction aux lois sur le droit d\u2019auteur | Pourcentage moyen des demandes honor\u00e9es de retrait de contenus pour infraction aux lois sur le droit d\u2019auteur |\n| Global | 1er juillet \u2013 31 d\u00e9cembre 2021 | 49821 | 40469 | 81.23% |  \n#### Notifications de retrait de contenus pour infraction aux lois sur les marques  \n|     |     |     |     |     |\n| --- | --- | --- | --- | --- |\n| Pays/r\u00e9gion | P\u00e9riode | Total des demandes de retrait de contenus pour infraction aux lois sur les marques | Demandes honor\u00e9es de retrait de contenus pour infraction aux lois sur les marques | Pourcentage moyen des demandes honor\u00e9es de retrait de contenus pour infraction aux lois sur les marques |\n| Global | 1er juillet \u2013 31 d\u00e9cembre 2021 | 6379 | 5372 | 84.21% |\n",
        "line_start": 148,
        "line_end": 160
    },
    "17": {
        "content": "Source document: ../data/platform-docs-versions/TikTok_Transparency/Intellectual Property Removal Requests Reports.md\nParagraph location: \n\tResource URL: https://www.tiktok.com/transparency/fr-fr/intellectual-property-removal-requests-2021-2/\n\tAutres rapports\n\nContent: \n### Autres rapports  \n* [Rapport sur l\u2019application des R\u00e8gles communautaires](https://www.tiktok.com/transparency/fr-fr/community-guidelines-enforcement)\n* [Rapport sur les demandes de retrait \u00e9manant de gouvernements](https://www.tiktok.com/transparency/fr-fr/government-removal-requests)\n* [Rapport sur les demandes de renseignements](https://www.tiktok.com/transparency/fr-fr/information-requests)  \n#### Cela a-t-il \u00e9t\u00e9 utile ?  \n![thumps up](https://sf16-website-login.neutral.ttwstatic.com/obj/tiktok_web_login_static/websites/static/images/thumbs-up-80984a582e54af0b7149496dd4ede2a6.png)Oui![thumps down](https://sf16-website-login.neutral.ttwstatic.com/obj/tiktok_web_login_static/websites/static/images/thumbs-down-e0c9a7a1b1ea3c6ed439e5bf9a7e71bd.png)Non\n",
        "line_start": 166,
        "line_end": 172
    },
    "18": {
        "content": "Source document: ../data/platform-docs-versions/TikTok_Transparency/Intellectual Property Removal Requests Reports.md\nParagraph location: \n\tResource URL: https://www.tiktok.com/transparency/fr-fr/intellectual-property-removal-requests-2021-1/\n\nContent: \n# Resource URL: https://www.tiktok.com/transparency/fr-fr/intellectual-property-removal-requests-2021-1/\nDemandes de retrait de contenu portant atteinte \u00e0 la propri\u00e9t\u00e9 intellectuelle  \n_1er janvier 2021-30 juin 2021\n__Publication : 2 d\u00e9cembre 2021_\n",
        "line_start": 176,
        "line_end": 180
    },
    "19": {
        "content": "Source document: ../data/platform-docs-versions/TikTok_Transparency/Intellectual Property Removal Requests Reports.md\nParagraph location: \n\tResource URL: https://www.tiktok.com/transparency/fr-fr/intellectual-property-removal-requests-2021-1/\n\t\u00c0 propos de ce rapport\n\nContent: \n### \u00c0 propos de ce rapport  \nLa cr\u00e9ativit\u00e9 de notre communaut\u00e9 est au c\u0153ur de TikTok; c\u2019est ce qui en fait un lieu de divertissement unique. Notre plateforme encourage les utilisateurs \u00e0 laisser libre cours \u00e0 leur cr\u00e9ativit\u00e9 et nous faisons de notre mieux pour la prot\u00e9ger. Nos R\u00e8gles communautaires et Conditions g\u00e9n\u00e9rales interdisent tout contenu qui porte atteinte \u00e0 la propri\u00e9t\u00e9 intellectuelle d\u2019un tiers. Nous honorons les demandes de retrait justifi\u00e9es fond\u00e9es sur une infraction aux lois sur le droit d\u2019auteur et sur les marques. \u00c0 la r\u00e9ception d\u2019une notification effective d\u2019un d\u00e9tenteur de droits concernant une \u00e9ventuelle atteinte \u00e0 sa propri\u00e9t\u00e9 intellectuelle, TikTok supprimera rapidement le contenu vis\u00e9. Toute activit\u00e9 qui porte atteinte aux droits de propri\u00e9t\u00e9 intellectuelle d\u2019autrui peut faire l\u2019objet d\u2019une suspension ou d\u2019une fermeture de compte. Pour savoir comment nous \u00e9valuons les all\u00e9gations d\u2019atteinte aux droits de propri\u00e9t\u00e9 intellectuelle, veuillez consulter notre [Politique en mati\u00e8re de propri\u00e9t\u00e9 intellectuelle](https://www.tiktok.com/legal/copyright-policy).  \nLes sections ci-dessous indiquent les notifications de retrait de contenus pour infraction aux lois sur le droit d\u2019auteur et sur les marques, et le taux de contenus supprim\u00e9s.\n",
        "line_start": 142,
        "line_end": 145
    },
    "20": {
        "content": "Source document: ../data/platform-docs-versions/TikTok_Transparency/Intellectual Property Removal Requests Reports.md\nParagraph location: \n\tResource URL: https://www.tiktok.com/transparency/fr-fr/intellectual-property-removal-requests-2021-1/\n\tDonn\u00e9es les plus r\u00e9centes\n\nContent: \n### Donn\u00e9es les plus r\u00e9centes  \n[![download](https://sf16-website-login.neutral.ttwstatic.com/obj/tiktok_web_login_static/websites/static/images/icon-download-c0614844c2e22b8aede8367a66bcdae1.svg)T\u00e9l\u00e9charger](https://sf16-va.tiktokcdn.com/obj/eden-va2/nupfpxbog/French_LIPGR_2021_H1.xlsx)  \n#### Notifications de retrait de contenus pour infraction aux lois sur le droit d\u2019auteur  \n|     |     |     |     |     |\n| --- | --- | --- | --- | --- |\n| **Pays/r\u00e9gion** | **P\u00e9riode** | **Total des rapports de demandes de retrait de contenus pour infraction aux lois sur le droit d\u2019auteur** | **Total des de demandes de retrait de contenus pour infraction aux lois sur le droit d\u2019auteur** | **Pourcentage moyen des demandes honor\u00e9es de retrait de contenus pour infraction aux lois sur le droit d\u2019auteur** |\n| Global | 1er janv. 2021-2 mai 2021 | 78140 | 16662 | 21,32% |  \n_REMARQUE : En raison des limites_ _techniques_ _des outils utilis\u00e9s_ _dans ces calculs__, toutes les notifications de retrait de contenus pour infraction aux lois sur le droit d\u2019auteur sont incluses dans les statistiques de retraits pr\u00e9sent\u00e9es ci-dessus._  \n|     |     |     |     |     |\n| --- | --- | --- | --- | --- |\n| **Pays/r\u00e9gion** | **P\u00e9riode** | **Total des demandes de retrait de contenus pour infraction aux lois sur le droit d\u2019auteur** | **Demandes honor\u00e9es de retrait de contenus pour infraction aux lois sur le droit d\u2019auteur** | **Pourcentage moyen des demandes honor\u00e9es de retrait de contenus pour infraction aux lois sur les droits d\u2019auteur** |\n| Global | 3 mai 2021-30 juin 2021 | 11646 | 10667 | 91,59% |  \n_REMARQUE : Depuis le 3 mai 2021, seules les notifications justifi\u00e9es de retrait de contenus pour infraction aux lois sur le droit d\u2019auteur sont incluses dans les statistiques de retraits pr\u00e9sent\u00e9es ci-dessus. Les notifications de retrait de contenus pour infraction aux lois sur le droit d\u2019auteur d\u00e9signent des notifications qui reprennent les \u00e9l\u00e9ments statutaires d\u00e9finis dans le DMCA, la directive europ\u00e9enne sur les droits d\u2019auteur et d\u2019autres lois similaires, n\u00e9cessaires pour signaler une atteinte pr\u00e9sum\u00e9e au droit d\u2019auteur. En r\u00e9ponse aux notifications incompl\u00e8tes de retrait de contenus pour infraction aux lois sur le droit d\u2019auteur ou qui ne concernent pas des questions relatives aux marques ou que nous estimons frauduleuses, nous ne supprimerons pas le contenu vis\u00e9, nous n\u2019en d\u00e9sactiverons pas l\u2019acc\u00e8s ni ne cesserons de le diffuser ou de le mettre \u00e0 la disposition du public. Nous analysons scrupuleusement chaque notification et effectuons un suivi aupr\u00e8s du plaignant, s\u2019il y a lieu._  \n#### Notifications de retrait de contenus pour infraction aux lois sur les marques  \n|     |     |     |     |     |\n| --- | --- | --- | --- | --- |\n| **Pays/r\u00e9gion** | **P\u00e9riode** | **Total des rapports de demandes de retrait de contenus pour infraction aux lois sur les marques** | **Demandes honor\u00e9es de retrait de contenus pour infraction aux lois sur les marques** | **Pourcentage moyen des demandes honor\u00e9es de retrait de contenus pour infraction aux lois sur les marques** |\n| Global | 1er janv. 2021-2 mai 2021 | 4 366 | 620 | 14,20% |  \n_REMARQUE :_ _En raison des limites techniques des outils utilis\u00e9s dans ces calculs__, toutes les notifications de retrait de contenus pour infraction aux lois sur les marques sont incluses dans les statistiques de retraits pr\u00e9sent\u00e9es ci-dessus._  \n|     |     |     |     |     |\n| --- | --- | --- | --- | --- |\n| **Pays/r\u00e9gion** | **P\u00e9riode** | **Total des rapports de demandes de retrait de contenus pour infraction aux lois sur les marques** | **Demandes honor\u00e9es de retrait de contenus pour infraction aux lois sur les marques** | **Pourcentage moyen des demandes honor\u00e9es de retrait de contenus pour infraction aux lois sur les marques** |\n| Global | 3 mai 2021-30 juin 2021 | 1 168 | 958 | 82,02% |  \n_REMARQUE : Depuis le 3 mai 2021, seules les notifications justifi\u00e9es de retrait de contenus pour infraction aux lois sur les marques sont incluses dans les statistiques de retraits pr\u00e9sent\u00e9es ci-dessus. Les notifications justifi\u00e9es de retrait de contenus pour infraction aux lois sur les marques d\u00e9signent les notifications accompagn\u00e9es de suffisamment d\u2019information pour nous permettre d\u2019\u00e9valuer si, en vertu des lois applicables, un contenu a port\u00e9 atteinte \u00e0 une marque. En r\u00e9ponse aux notifications incompl\u00e8tes de retrait de contenus pour infraction aux lois sur les marques ou qui ne concernent pas des questions relatives aux marques ou que nous estimons frauduleuses, nous ne supprimerons pas le contenu vis\u00e9, nous n\u2019en d\u00e9sactiverons pas l\u2019acc\u00e8s ni ne cesserons de le diffuser ou de le mettre \u00e0 la disposition du public. Nous analysons scrupuleusement chaque notification et effectuons un suivi aupr\u00e8s du plaignant, s\u2019il y a lieu._\n",
        "line_start": 148,
        "line_end": 172
    },
    "21": {
        "content": "Source document: ../data/platform-docs-versions/TikTok_Transparency/Intellectual Property Removal Requests Reports.md\nParagraph location: \n\tResource URL: https://www.tiktok.com/transparency/fr-fr/intellectual-property-removal-requests-2021-1/\n\tAutres rapports\n\nContent: \n### Autres rapports  \n* [Rapport sur l\u2019application des R\u00e8gles communautaires](https://www.tiktok.com/transparency/fr-fr/community-guidelines-enforcement)\n* [Rapport sur les demandes de retrait \u00e9manant de gouvernements](https://www.tiktok.com/transparency/fr-fr/government-removal-requests)\n* [Rapport sur les demandes de renseignements](https://www.tiktok.com/transparency/fr-fr/information-requests)  \n#### Cela a-t-il \u00e9t\u00e9 utile ?  \n![thumps up](https://sf16-website-login.neutral.ttwstatic.com/obj/tiktok_web_login_static/websites/static/images/thumbs-up-80984a582e54af0b7149496dd4ede2a6.png)Oui![thumps down](https://sf16-website-login.neutral.ttwstatic.com/obj/tiktok_web_login_static/websites/static/images/thumbs-down-e0c9a7a1b1ea3c6ed439e5bf9a7e71bd.png)Non\n",
        "line_start": 166,
        "line_end": 172
    },
    "22": {
        "content": "Source document: ../data/platform-docs-versions/TikTok_Transparency/Intellectual Property Removal Requests Reports.md\nParagraph location: \n\tResource URL: https://www.tiktok.com/transparency/fr-fr/intellectual-property-removal-requests-2020-2/\n\nContent: \n# Resource URL: https://www.tiktok.com/transparency/fr-fr/intellectual-property-removal-requests-2020-2/\nDemandes de retrait de contenu portant atteinte \u00e0 la propri\u00e9t\u00e9 intellectuelle  \n_1e juillet \u2013 31 d\u00e9cembre 2020\n__Publi\u00e9 le 24 f\u00e9vrier 2021_\n",
        "line_start": 234,
        "line_end": 238
    },
    "23": {
        "content": "Source document: ../data/platform-docs-versions/TikTok_Transparency/Intellectual Property Removal Requests Reports.md\nParagraph location: \n\tResource URL: https://www.tiktok.com/transparency/fr-fr/intellectual-property-removal-requests-2020-2/\n\t\u00c0 propos de ce rapport\n\nContent: \n### \u00c0 propos de ce rapport  \nTikTok repose sur la cr\u00e9ativit\u00e9 de ses utilisateurs. Notre plateforme encourage pleinement leur expression personnelle, et nous faisons tout pour la prot\u00e9ger. Nos R\u00e8gles Communautaires et nos Conditions de services interdisent tout contenu qui enfreigne les r\u00e8gles de propri\u00e9t\u00e9 intellectuelle de tiers. Nous traitons les demandes de retrait justifi\u00e9es, sur la base du non-respect de la l\u00e9gislation sur les droits d\u2019auteur et sur les marques. D\u00e8s r\u00e9ception d\u2019une requ\u00eate, en bonne et due forme, \u00e9manant d\u2019un d\u00e9tenteur de droits portant sur une \u00e9ventuelle atteinte \u00e0 la propri\u00e9t\u00e9 intellectuelle, TikTok retirera le contenu pr\u00e9sum\u00e9 en infraction dans les meilleurs d\u00e9lais.Toute activit\u00e9 qui enfreint les droits de propri\u00e9t\u00e9 intellectuelle d\u2019autrui peut entra\u00eener la suspension ou la suppression du compte. Pour plus d\u2019informations sur la mani\u00e8re dont nous \u00e9valuons les all\u00e9gations de violation de la propri\u00e9t\u00e9 intellectuelle, veuillez consulter notre [Politique sur la propri\u00e9t\u00e9 intellectuelle](https://www.tiktok.com/legal/copyright-policy).\n",
        "line_start": 142,
        "line_end": 144
    },
    "24": {
        "content": "Source document: ../data/platform-docs-versions/TikTok_Transparency/Intellectual Property Removal Requests Reports.md\nParagraph location: \n\tResource URL: https://www.tiktok.com/transparency/fr-fr/intellectual-property-removal-requests-2020-2/\n\tRapport sur les donn\u00e9es\n\nContent: \n### Rapport sur les donn\u00e9es  \n#### Avis de retrait de contenu prot\u00e9g\u00e9 par les droits d\u2019auteur  \n|     |     |     |     |     |\n| --- | --- | --- | --- | --- |\n| **Pays / March\u00e9** | **Plage de dates** | **Total des rapports de demandes de retrait de contenus pour infraction aux lois sur le droit d\u2019auteur** | **Total des de demandes de retrait de contenus pour infraction aux lois sur le droit d\u2019auteur** | **Pourcentage des demandes honor\u00e9es de retrait de contenus pour infraction aux lois sur le droit d\u2019auteur** |\n| \u00c9tats-Unis et Canada | July 1 \u2013 July 12, 2020 | 107 | 88  | 82.24% |\n| Reste du monde | July 1 \u2013 Aug 12, 2020 | 6131 | 1574 | 25.67% |  \n_Remarque : seuls les avis de retrait pour violation des droits d\u2019auteur \u00e9manant des d\u00e9tenteurs de droits d\u2019auteur, de leurs agences ou de leurs avocats sont inclus dans les statistiques de retrait ci-dessus._  \n|     |     |     |     |     |\n| --- | --- | --- | --- | --- |\n| **Pays / March\u00e9** | **Plage de dates** | **Total des rapports de demandes de retrait de contenus pour infraction aux lois sur le droit d\u2019auteur** | **Total des de demandes de retrait de contenus pour infraction aux lois sur le droit d\u2019auteur** | **Pourcentage des demandes honor\u00e9es de retrait de contenus pour infraction aux lois sur le droit d\u2019auteur** |\n| \u00c9tats-Unis et Canada | July 13 \u2013 Dec 31, 2020 | 9290 | 1830 | 19.70% |\n| Reste du monde | Aug 13 \u2013 Dec 31, 2020 | 25394 | 11626 | 45.78% |  \n_Remarque : en raison des limitations de notre outil statistique, tous les avis de retrait pour violation des droits d\u2019auteur sont inclus dans les statistiques des avis de retrait._  \n#### Avis de retrait de contenu prot\u00e9g\u00e9 par le droit des marques  \n|     |     |     |     |     |\n| --- | --- | --- | --- | --- |\n| **Pays / March\u00e9** | **Plage de dates** | **Total des rapports de demandes de retrait de contenus pour infraction aux lois sur les marques** | **Demandes honor\u00e9es de retrait de contenus pour infraction aux lois sur les marques** | **Pourcentage des demandes honor\u00e9es de retrait de contenus pour infraction aux lois sur les marques** |\n| \u00c9tats-Unis et Canada | July 1 \u2013 July 12, 2020 | 37  | 9   | 24.30% |\n| Reste du monde | July 1 \u2013 Aug 12, 2020 | 438 | 72  | 16.44% |  \n_Remarque : seuls les avis de retrait pour violation du droit des marques \u00e9manant des propri\u00e9taires de marques, de leurs agences ou de leurs avocats sont inclus dans les statistiques de retrait ci-dessus._  \n|     |     |     |     |     |\n| --- | --- | --- | --- | --- |\n| **Pays / March\u00e9** | **Plage de dates** | **Total des rapports de demandes de retrait de contenus pour infraction aux lois sur les marques** | **Demandes honor\u00e9es de retrait de contenus pour infraction aux lois sur les marques** | **Pourcentage des demandes honor\u00e9es de retrait de contenus pour infraction aux lois sur les marques** |\n| \u00c9tats-Unis et Canada | July 13 \u2013 Dec 31, 2020 | 1002 | 253 | 25.20% |\n| Reste du monde | Aug 13 \u2013 Dec 31, 2020 | 1026 | 122 | 11.89% |  \n_Remarque : en raison des limitations de notre outil statistique, tous les avis de retrait pour violation du droit des marques sont inclus dans les statistiques des avis de retrait._\n",
        "line_start": 244,
        "line_end": 271
    },
    "25": {
        "content": "Source document: ../data/platform-docs-versions/TikTok_Transparency/Intellectual Property Removal Requests Reports.md\nParagraph location: \n\tResource URL: https://www.tiktok.com/transparency/fr-fr/intellectual-property-removal-requests-2020-2/\n\tAutres rapports\n\nContent: \n### Autres rapports  \n* [Rapport sur l\u2019application des R\u00e8gles communautaires](https://www.tiktok.com/transparency/fr-fr/community-guidelines-enforcement)\n* [Rapport sur les demandes de retrait \u00e9manant de gouvernements](https://www.tiktok.com/transparency/fr-fr/government-removal-requests)\n* [Rapport sur les demandes de renseignements](https://www.tiktok.com/transparency/fr-fr/information-requests)  \n#### Cela a-t-il \u00e9t\u00e9 utile ?  \n![thumps up](https://sf16-website-login.neutral.ttwstatic.com/obj/tiktok_web_login_static/websites/static/images/thumbs-up-80984a582e54af0b7149496dd4ede2a6.png)Oui![thumps down](https://sf16-website-login.neutral.ttwstatic.com/obj/tiktok_web_login_static/websites/static/images/thumbs-down-e0c9a7a1b1ea3c6ed439e5bf9a7e71bd.png)Non\n",
        "line_start": 166,
        "line_end": 172
    },
    "26": {
        "content": "Source document: ../data/platform-docs-versions/TikTok_Transparency/Intellectual Property Removal Requests Reports.md\nParagraph location: \n\tResource URL: https://www.tiktok.com/transparency/fr-fr/intellectual-property-removal-requests-2020-1/\n\nContent: \n# Resource URL: https://www.tiktok.com/transparency/fr-fr/intellectual-property-removal-requests-2020-1/\nDemandes de retrait de contenu portant atteinte \u00e0 la propri\u00e9t\u00e9 intellectuelle  \n_Du 1e janvier au 30 juin 2020_\n_Mise en ligne: 22 Septembre 2020_\n",
        "line_start": 292,
        "line_end": 296
    },
    "27": {
        "content": "Source document: ../data/platform-docs-versions/TikTok_Transparency/Intellectual Property Removal Requests Reports.md\nParagraph location: \n\tResource URL: https://www.tiktok.com/transparency/fr-fr/intellectual-property-removal-requests-2020-1/\n\t\u00c0 propos de ce rapport\n\nContent: \n### \u00c0 propos de ce rapport  \nTikTok repose sur la cr\u00e9ativit\u00e9 de ses utilisateurs. La plateforme leur permet de s\u2019exprimer en toute libert\u00e9 et nous faisons tout pour prot\u00e9ger cette libert\u00e9 d\u2019expression. Nos R\u00e8gles Communautaires et Conditions de service interdisent les contenus qui enfreignent les r\u00e8gles de propri\u00e9t\u00e9 intellectuelle. Nous traitons les demandes de retrait justifi\u00e9es, sur la base du non-respect de la l\u00e9gislation sur les droits d\u2019auteur, notamment le Digital Millennium Copyright Act (DMCA). D\u00e8s r\u00e9ception d\u2019une requ\u00eate \u00e9manant d\u2019un d\u00e9tenteur de droits portant sur une \u00e9ventuelle atteinte \u00e0 la propri\u00e9t\u00e9 intellectuelle, TikTok retirera le contenu en infraction dans les meilleurs d\u00e9lais. Toute activit\u00e9 qui enfreint les droits d\u2019auteur de tiers peut entra\u00eener la suspension ou la suppression du compte. Pour plus d\u2019informations sur la mani\u00e8re dont nous \u00e9valuons les plaintes pour violation des droits d\u2019auteur, veuillez consulter notre [Politique sur la propri\u00e9t\u00e9 intellectuelle](https://www.tiktok.com/legal/copyright-policy).\n",
        "line_start": 142,
        "line_end": 144
    },
    "28": {
        "content": "Source document: ../data/platform-docs-versions/TikTok_Transparency/Intellectual Property Removal Requests Reports.md\nParagraph location: \n\tResource URL: https://www.tiktok.com/transparency/fr-fr/intellectual-property-removal-requests-2020-1/\n\tRapport sur les donn\u00e9es\n\nContent: \n### Rapport sur les donn\u00e9es  \n#### Retrait de contenus pour infraction aux lois sur la propri\u00e9t\u00e9 intellectuelle  \n|     |     |\n| --- | --- |\n| Copyrighted Content Take-down Notices | Percentage of Requests Where Some Content was Removed |\n| 10625 | 89.60% |\n",
        "line_start": 244,
        "line_end": 250
    },
    "29": {
        "content": "Source document: ../data/platform-docs-versions/TikTok_Transparency/Intellectual Property Removal Requests Reports.md\nParagraph location: \n\tResource URL: https://www.tiktok.com/transparency/fr-fr/intellectual-property-removal-requests-2020-1/\n\tAutres rapports\n\nContent: \n### Autres rapports  \n* [Rapport sur l\u2019application des R\u00e8gles communautaires](https://www.tiktok.com/transparency/fr-fr/community-guidelines-enforcement)\n* [Rapport sur les demandes de retrait \u00e9manant de gouvernements](https://www.tiktok.com/transparency/fr-fr/government-removal-requests)\n* [Rapport sur les demandes de renseignements](https://www.tiktok.com/transparency/fr-fr/information-requests)  \n#### Cela a-t-il \u00e9t\u00e9 utile ?  \n![thumps up](https://sf16-website-login.neutral.ttwstatic.com/obj/tiktok_web_login_static/websites/static/images/thumbs-up-80984a582e54af0b7149496dd4ede2a6.png)Oui![thumps down](https://sf16-website-login.neutral.ttwstatic.com/obj/tiktok_web_login_static/websites/static/images/thumbs-down-e0c9a7a1b1ea3c6ed439e5bf9a7e71bd.png)Non\n",
        "line_start": 166,
        "line_end": 172
    },
    "30": {
        "content": "Source document: ../data/platform-docs-versions/TikTok_Transparency/Intellectual Property Removal Requests Reports.md\nParagraph location: \n\tResource URL: https://www.tiktok.com/transparency/fr-fr/intellectual-property-removal-requests-2019-2/\n\nContent: \n# Resource URL: https://www.tiktok.com/transparency/fr-fr/intellectual-property-removal-requests-2019-2/\nDemandes de retrait de contenu portant atteinte \u00e0 la propri\u00e9t\u00e9 intellectuelle  \n_1er juillet 2019 \u201331 d\u00e9cembre 2019_\n_Date de publication : 9 juin 2020_\n",
        "line_start": 321,
        "line_end": 325
    },
    "31": {
        "content": "Source document: ../data/platform-docs-versions/TikTok_Transparency/Intellectual Property Removal Requests Reports.md\nParagraph location: \n\tResource URL: https://www.tiktok.com/transparency/fr-fr/intellectual-property-removal-requests-2019-2/\n\t\u00c0 propos de ce rapport\n\nContent: \n### \u00c0 propos de ce rapport  \nTikTok repose sur la cr\u00e9ativit\u00e9 de ses utilisateurs. La plateforme leur permet de s\u2019exprimer en toute libert\u00e9 et nous faisons tout pour la prot\u00e9ger. Nos R\u00e8gles Communautaires et Conditions de services interdisent les contenus qui enfreignent les r\u00e8gles de propri\u00e9t\u00e9 intellectuelle.  \nNous traitons les demandes de retrait justifi\u00e9es, sur la base du non-respect de la l\u00e9gislation sur les droits d\u2019auteur, notamment le Digital Millennium Copyright Act (DMCA). D\u00e8s r\u00e9ception d\u2019une requ\u00eate \u00e9manant d\u2019un d\u00e9tenteur de droits portant sur une \u00e9ventuelle atteinte \u00e0 la propri\u00e9t\u00e9 intellectuelle, TikTok retirera le contenu en infraction dans les meilleurs d\u00e9lais.  \nToute activit\u00e9 qui enfreint les droits d\u2019auteur de tiers peut entra\u00eener la suspension ou la suppression du compte. Pour plus d\u2019informations sur la mani\u00e8re dont nous \u00e9valuons les plaintes pour violation des droits d\u2019auteur, veuillez consulter notre [Politique sur la propri\u00e9t\u00e9 intellectuelle](https://www.tiktok.com/legal/copyright-policy).\n",
        "line_start": 142,
        "line_end": 146
    },
    "32": {
        "content": "Source document: ../data/platform-docs-versions/TikTok_Transparency/Intellectual Property Removal Requests Reports.md\nParagraph location: \n\tResource URL: https://www.tiktok.com/transparency/fr-fr/intellectual-property-removal-requests-2019-2/\n\tRapport sur les donn\u00e9es\n\nContent: \n### Rapport sur les donn\u00e9es  \n#### Demandes de retrait de contenu qui enfreint les lois relatives \u00e0 la propri\u00e9t\u00e9 Intellectuelle  \n|     |     |\n| --- | --- |\n| Copyrighted content take-down notices | Percentage of requests where some content was removed |\n| 1338 | 82.60% |  \n_Remarque_ _: Seuls les signalements de violation des droits d\u2019auteur \u00e9mis par les d\u00e9tenteurs de droits d\u2019auteur, leurs mandataires ou leurs avocats sont inclus dans nos chiffres relatifs au retrait des contenus prot\u00e9g\u00e9s par des droits d\u2019auteur._\n",
        "line_start": 244,
        "line_end": 251
    },
    "33": {
        "content": "Source document: ../data/platform-docs-versions/TikTok_Transparency/Intellectual Property Removal Requests Reports.md\nParagraph location: \n\tResource URL: https://www.tiktok.com/transparency/fr-fr/intellectual-property-removal-requests-2019-2/\n\tAutres rapports\n\nContent: \n### Autres rapports  \n* [Rapport sur l\u2019application des R\u00e8gles communautaires](https://www.tiktok.com/transparency/fr-fr/community-guidelines-enforcement)\n* [Rapport sur les demandes de retrait \u00e9manant de gouvernements](https://www.tiktok.com/transparency/fr-fr/government-removal-requests)\n* [Rapport sur les demandes de renseignements](https://www.tiktok.com/transparency/fr-fr/information-requests)  \n#### Cela a-t-il \u00e9t\u00e9 utile ?  \n![thumps up](https://sf16-website-login.neutral.ttwstatic.com/obj/tiktok_web_login_static/websites/static/images/thumbs-up-80984a582e54af0b7149496dd4ede2a6.png)Oui![thumps down](https://sf16-website-login.neutral.ttwstatic.com/obj/tiktok_web_login_static/websites/static/images/thumbs-down-e0c9a7a1b1ea3c6ed439e5bf9a7e71bd.png)Non\n",
        "line_start": 166,
        "line_end": 172
    },
    "34": {
        "content": "Source document: ../data/platform-docs-versions/TikTok_Transparency/Intellectual Property Removal Requests Reports.md\nParagraph location: \n\tResource URL: https://www.tiktok.com/transparency/fr-fr/intellectual-property-removal-requests-2019-1/\n\nContent: \n# Resource URL: https://www.tiktok.com/transparency/fr-fr/intellectual-property-removal-requests-2019-1/\nDemandes de retrait de contenu portant atteinte \u00e0 la propri\u00e9t\u00e9 intellectuelle  \n_January 1, 2019 \u2013 June 30, 2019_\n_Released: December 30, 2019_\n",
        "line_start": 356,
        "line_end": 360
    },
    "35": {
        "content": "Source document: ../data/platform-docs-versions/TikTok_Transparency/Intellectual Property Removal Requests Reports.md\nParagraph location: \n\tResource URL: https://www.tiktok.com/transparency/fr-fr/intellectual-property-removal-requests-2019-1/\n\tAbout this report\n\nContent: \n### About this report  \nTikTok is built on the creativity of our users. Accordingly, our Community Guidelines prohibit content that infringes third party intellectual property and we have a robust copyright protection policy.  \nWe honor valid take-down requests based on violations of copyright law, such as the Digital Millennium Copyright Act (DMCA). Upon receiving an effective notice from a rights holder of potential intellectual property infringement, TikTok will remove the infringing content in a timely manner.  \nAny activity that infringes the copyrights of others may lead to account suspension or removal. For more information on how we evaluate copyright infringement allegations, please see our [Intellectual Property Policy](https://www.tiktok.com/legal/copyright-policy).\n",
        "line_start": 362,
        "line_end": 366
    },
    "36": {
        "content": "Source document: ../data/platform-docs-versions/TikTok_Transparency/Intellectual Property Removal Requests Reports.md\nParagraph location: \n\tResource URL: https://www.tiktok.com/transparency/fr-fr/intellectual-property-removal-requests-2019-1/\n\tLatest data\n\nContent: \n### Latest data  \n#### Copyrighted content take-down notices  \n|     |     |\n| --- | --- |\n| **Copyrighted content take-down notices** | **Percentage of requests where some content was removed** |\n| 3345 | 85% |  \n_Note: Only copyright infringement take-down notices from copyright owners, their agencies, or attorneys are included in our copyrighted content take-down statistics._\n",
        "line_start": 370,
        "line_end": 377
    },
    "37": {
        "content": "Source document: ../data/platform-docs-versions/TikTok_Transparency/Intellectual Property Removal Requests Reports.md\nParagraph location: \n\tResource URL: https://www.tiktok.com/transparency/fr-fr/intellectual-property-removal-requests-2019-1/\n\tOther reports\n\nContent: \n### Other reports  \n* [Rapport sur l\u2019application des R\u00e8gles communautaires](https://www.tiktok.com/transparency/fr-fr/community-guidelines-enforcement)\n* [Rapport sur les demandes de retrait \u00e9manant de gouvernements](https://www.tiktok.com/transparency/fr-fr/government-removal-requests)\n* [Rapport sur les demandes de renseignements](https://www.tiktok.com/transparency/fr-fr/information-requests)  \n#### Cela a-t-il \u00e9t\u00e9 utile ?  \n![thumps up](https://sf16-website-login.neutral.ttwstatic.com/obj/tiktok_web_login_static/websites/static/images/thumbs-up-80984a582e54af0b7149496dd4ede2a6.png)Oui![thumps down](https://sf16-website-login.neutral.ttwstatic.com/obj/tiktok_web_login_static/websites/static/images/thumbs-down-e0c9a7a1b1ea3c6ed439e5bf9a7e71bd.png)Non\n",
        "line_start": 381,
        "line_end": 387
    }
}