{
    "0": {
        "content": "Source document: ../data/platform-docs-versions/X_Twitter-API-V1/Trends.md\nParagraph location: \n\tResource URL: https://developer.twitter.com/en/docs/twitter-api/v1/trends/trends-for-location/overview\n\nContent: \n# Resource URL: https://developer.twitter.com/en/docs/twitter-api/v1/trends/trends-for-location/overview\nOverview  \nAn API to return the [trending topics](https://support.twitter.com/articles/101125) near a specific latitude, longitude location.\n",
        "line_start": 0,
        "line_end": 3
    },
    "1": {
        "content": "Source document: ../data/platform-docs-versions/X_Twitter-API-V1/Trends.md\nParagraph location: \n\tResource URL: https://developer.twitter.com/en/docs/twitter-api/v1/trends/trends-for-location/api-reference/get-trends-place\n\nContent: \n# Resource URL: https://developer.twitter.com/en/docs/twitter-api/v1/trends/trends-for-location/api-reference/get-trends-place\nGET trends/place  \nget-trends-place\n",
        "line_start": 5,
        "line_end": 8
    },
    "2": {
        "content": "Source document: ../data/platform-docs-versions/X_Twitter-API-V1/Trends.md\nParagraph location: \n\tGET trends/place\n\nContent: \n# GET trends/place  \nReturns the top 50 trending topics for a specific `id`, if trending information is available for it.  \nNote: The `id` parameter for this endpoint is the \"where on earth identifier\" or WOEID, which is a legacy identifier created by Yahoo and has been deprecated. Twitter API v1.1 still uses the numeric value to identify town and country trend locations. Reference our legacy [blog post](https://blog.twitter.com/engineering/en_us/a/2010/woeids-in-twitters-trends.html), or [archived data](https://archive.org/details/geoplanet_data_7.10.0.zip0.)  \nExample WOEID locations include: Worldwide: 1 UK: 23424975 Brazil: 23424768 Germany: 23424829 Mexico: 23424900 Canada: 23424775 United States: 23424977 New York: 2459115  \nTo identify other ids, please use the [GET trends/available](https://developer.twitter.com/en/docs/twitter-api/v1/trends/locations-with-trending-topics/api-reference/get-trends-available) endpoint.  \nThe response is an array of `trend` objects that encode the name of the trending topic, the query parameter that can be used to search for the topic on [Twitter Search](http://search.twitter.com/), and the Twitter Search URL.  \nThe most up to date info available is returned on request. The `created_at` field will show when the oldest trend started trending. The `as_of` field contains the timestamp when the list of trends was created.  \nThe `tweet_volume` for the last 24 hours is also returned for many trends if this is available.\n",
        "line_start": 10,
        "line_end": 18
    },
    "3": {
        "content": "Source document: ../data/platform-docs-versions/X_Twitter-API-V1/Trends.md\nParagraph location: \n\tGET trends/place\n\tResource URL[\u00b6](#resource-url \"Permalink to this headline\")\n\nContent: \n## Resource URL[\u00b6](#resource-url \"Permalink to this headline\")  \n`https://api.twitter.com/1.1/trends/place.json`\n",
        "line_start": 26,
        "line_end": 28
    },
    "4": {
        "content": "Source document: ../data/platform-docs-versions/X_Twitter-API-V1/Trends.md\nParagraph location: \n\tGET trends/place\n\tResource Information[\u00b6](#resource-information \"Permalink to this headline\")\n\nContent: \n## Resource Information[\u00b6](#resource-information \"Permalink to this headline\")  \n|     |     |\n| --- | --- |\n| Response formats | JSON |\n| Requires authentication? | Yes |\n| Rate limited? | Yes |\n| Requests / 15-min window (user auth) | 75  |\n| Requests / 15-min window (app auth) | 75  |\n",
        "line_start": 30,
        "line_end": 38
    },
    "5": {
        "content": "Source document: ../data/platform-docs-versions/X_Twitter-API-V1/Trends.md\nParagraph location: \n\tGET trends/place\n\tParameters[\u00b6](#parameters \"Permalink to this headline\")\n\nContent: \n## Parameters[\u00b6](#parameters \"Permalink to this headline\")  \n|     |     |     |     |     |\n| --- | --- | --- | --- | --- |\n| Name | Required | Description | Default Value | Example |\n| id  | required | The numeric value that represents the location from where to return trending information for from. Formerly linked to the Yahoo! Where On Earth ID Global information is available by using _1_ as the _WOEID_ . |     | _1_ |\n| exclude | optional | Setting this equal to _hashtags_ will remove all hashtags from the trends list. |     |     |\n",
        "line_start": 40,
        "line_end": 46
    },
    "6": {
        "content": "Source document: ../data/platform-docs-versions/X_Twitter-API-V1/Trends.md\nParagraph location: \n\tGET trends/place\n\tExample Request[\u00b6](#example-request \"Permalink to this headline\")\n\nContent: \n## Example Request[\u00b6](#example-request \"Permalink to this headline\")  \n`GET https://api.twitter.com/1.1/trends/place.json?id=1`\n",
        "line_start": 48,
        "line_end": 50
    },
    "7": {
        "content": "Source document: ../data/platform-docs-versions/X_Twitter-API-V1/Trends.md\nParagraph location: \n\tGET trends/place\n\tExample Response[\u00b6](#example-response \"Permalink to this headline\")\n\nContent: \n## Example Response[\u00b6](#example-response \"Permalink to this headline\")  \n[\n{\n\"trends\": [\n{\n\"name\": \"#GiftAGamer\",\n\"url\": \"http://twitter.com/search?q=%23GiftAGamer\",\n\"promoted_content\": null,\n\"query\": \"%23GiftAGamer\",\n\"tweet_volume\": null\n},\n{\n\"name\": \"#AskCuppyAnything\",\n\"url\": \"http://twitter.com/search?q=%23AskCuppyAnything\",\n\"promoted_content\": null,\n\"query\": \"%23AskCuppyAnything\",\n\"tweet_volume\": 14504\n},\n{\n\"name\": \"#givethanks\",\n\"url\": \"http://twitter.com/search?q=%23givethanks\",\n\"promoted_content\": null,\n\"query\": \"%23givethanks\",\n\"tweet_volume\": null\n},\n{\n\"name\": \"Carrefour\",\n\"url\": \"http://twitter.com/search?q=Carrefour\",\n\"promoted_content\": null,\n\"query\": \"Carrefour\",\n\"tweet_volume\": 438616\n},\n{\n\"name\": \"#StreamLifeGoesOn\",\n\"url\": \"http://twitter.com/search?q=%23StreamLifeGoesOn\",\n\"promoted_content\": null,\n\"query\": \"%23StreamLifeGoesOn\",\n\"tweet_volume\": 179026\n},\n{\n\"name\": \"STREAM BE PARTY\",\n\"url\": \"http://twitter.com/search?q=%22STREAM+BE+PARTY%22\",\n\"promoted_content\": null,\n\"query\": \"%22STREAM+BE+PARTY%22\",\n\"tweet_volume\": 71404\n},\n{\n\"name\": \"#TransDayOfRemembrance\",\n\"url\": \"http://twitter.com/search?q=%23TransDayOfRemembrance\",\n\"promoted_content\": null,\n\"query\": \"%23TransDayOfRemembrance\",\n\"tweet_volume\": 45852\n},\n{\n\"name\": \"Mour\u00e3o\",\n\"url\": \"http://twitter.com/search?q=Mour%C3%A3o\",\n\"promoted_content\": null,\n\"query\": \"Mour%C3%A3o\",\n\"tweet_volume\": 12614\n},\n{\n\"name\": \"Taysom Hill\",\n\"url\": \"http://twitter.com/search?q=%22Taysom+Hill%22\",\n\"promoted_content\": null,\n\"query\": \"%22Taysom+Hill%22\",\n\"tweet_volume\": 20311\n},\n{\n\"name\": \"Geraldo\",\n\"url\": \"http://twitter.com/search?q=Geraldo\",\n\"promoted_content\": null,\n\"query\": \"Geraldo\",\n\"tweet_volume\": 30166\n}\n],\n\"as_of\": \"2020-11-20T19:37:52Z\",\n\"created_at\": \"2020-11-19T14:15:43Z\",\n\"locations\": [\n{\n\"name\": \"Worldwide\",\n\"woeid\": 1\n}\n]\n}\n]\n",
        "line_start": 52,
        "line_end": 137
    },
    "8": {
        "content": "Source document: ../data/platform-docs-versions/X_Twitter-API-V1/Trends.md\nParagraph location: \n\tResource URL: https://developer.twitter.com/en/docs/twitter-api/v1/trends/locations-with-trending-topics/overview\n\nContent: \n# Resource URL: https://developer.twitter.com/en/docs/twitter-api/v1/trends/locations-with-trending-topics/overview\nOverview  \nRetrieve a full or nearby locations list of trending topics by location.\n",
        "line_start": 139,
        "line_end": 142
    },
    "9": {
        "content": "Source document: ../data/platform-docs-versions/X_Twitter-API-V1/Trends.md\nParagraph location: \n\tResource URL: https://developer.twitter.com/en/docs/twitter-api/v1/trends/locations-with-trending-topics/api-reference/get-trends-available\n\nContent: \n# Resource URL: https://developer.twitter.com/en/docs/twitter-api/v1/trends/locations-with-trending-topics/api-reference/get-trends-available\nGET trends/available  \nget-trends-available\n",
        "line_start": 144,
        "line_end": 147
    },
    "10": {
        "content": "Source document: ../data/platform-docs-versions/X_Twitter-API-V1/Trends.md\nParagraph location: \n\tGET trends/available\n\nContent: \n# GET trends/available  \nReturns the locations that Twitter has trending topic information for.  \nThe response is an array of \"locations\" that encode the location's `WOEID` and some other human-readable information such as a canonical name and country the location belongs in.  \nNote: This endpoint uses the \"where on earth identifier\" or WOEID, which is a legacy identifier created by Yahoo and has been deprecated. Twitter API v1.1 still uses the numeric value to identify town and country trend locations. Reference our legacy [blog post](https://blog.twitter.com/engineering/en_us/a/2010/woeids-in-twitters-trends.html) for more details. The url returned in the response, `where.yahooapis.com` is no longer valid.\n",
        "line_start": 149,
        "line_end": 153
    },
    "11": {
        "content": "Source document: ../data/platform-docs-versions/X_Twitter-API-V1/Trends.md\nParagraph location: \n\tGET trends/available\n\tResource URL[\u00b6](#resource-url \"Permalink to this headline\")\n\nContent: \n## Resource URL[\u00b6](#resource-url \"Permalink to this headline\")  \n`https://api.twitter.com/1.1/trends/available.json`\n",
        "line_start": 26,
        "line_end": 28
    },
    "12": {
        "content": "Source document: ../data/platform-docs-versions/X_Twitter-API-V1/Trends.md\nParagraph location: \n\tGET trends/available\n\tResource Information[\u00b6](#resource-information \"Permalink to this headline\")\n\nContent: \n## Resource Information[\u00b6](#resource-information \"Permalink to this headline\")  \n|     |     |\n| --- | --- |\n| Response formats | JSON |\n| Requires authentication? | Yes |\n| Rate limited? | Yes |\n| Requests / 15-min window (user auth) | 75  |\n| Requests / 15-min window (app auth) | 75  |\n",
        "line_start": 30,
        "line_end": 38
    },
    "13": {
        "content": "Source document: ../data/platform-docs-versions/X_Twitter-API-V1/Trends.md\nParagraph location: \n\tGET trends/available\n\tParameters[\u00b6](#parameters \"Permalink to this headline\")\n\nContent: \n## Parameters[\u00b6](#parameters \"Permalink to this headline\")  \nNone\n",
        "line_start": 40,
        "line_end": 42
    },
    "14": {
        "content": "Source document: ../data/platform-docs-versions/X_Twitter-API-V1/Trends.md\nParagraph location: \n\tGET trends/available\n\tExample Request[\u00b6](#example-request \"Permalink to this headline\")\n\nContent: \n## Example Request[\u00b6](#example-request \"Permalink to this headline\")  \n`GET https://api.twitter.com/1.1/trends/available.json`\n",
        "line_start": 48,
        "line_end": 50
    },
    "15": {
        "content": "Source document: ../data/platform-docs-versions/X_Twitter-API-V1/Trends.md\nParagraph location: \n\tGET trends/available\n\tExample Response[\u00b6](#example-response \"Permalink to this headline\")\n\nContent: \n## Example Response[\u00b6](#example-response \"Permalink to this headline\")  \n[\n{\n\"country\": \"Sweden\",\n\"countryCode\": \"SE\",\n\"name\": \"Sweden\",\n\"parentid\": 1,\n\"placeType\": {\n\"code\": 12,\n\"name\": \"Country\"\n},\n\"url\": \"http://where.yahooapis.com/v1/place/23424954\",\n\"woeid\": 23424954\n},\n{\n\"country\": \"United States\",\n\"countryCode\": \"US\",\n\"name\": \"New Haven\",\n\"parentid\": 23424977,\n\"placeType\": {\n\"code\": 7,\n\"name\": \"Town\"\n},\n\"url\": \"http://where.yahooapis.com/v1/place/2458410\",\n\"woeid\": 2458410\n},\n{\n\"country\": \"Japan\",\n\"countryCode\": \"JP\",\n\"name\": \"Sapporo\",\n\"parentid\": 23424856,\n\"placeType\": {\n\"code\": 7,\n\"name\": \"Town\"\n},\n\"url\": \"http://where.yahooapis.com/v1/place/1118108\",\n\"woeid\": 1118108\n},\n...\n{\n\"country\": \"United States\",\n\"countryCode\": \"US\",\n\"name\": \"Providence\",\n\"parentid\": 23424977,\n\"placeType\": {\n\"code\": 7,\n\"name\": \"Town\"\n},\n\"url\": \"http://where.yahooapis.com/v1/place/2477058\",\n\"woeid\": 2477058\n},\n{\n\"country\": \"United States\",\n\"countryCode\": \"US\",\n\"name\": \"Cincinnati\",\n\"parentid\": 23424977,\n\"placeType\": {\n\"code\": 7,\n\"name\": \"Town\"\n},\n\"url\": \"http://where.yahooapis.com/v1/place/2380358\",\n\"woeid\": 2380358\n}\n]\n",
        "line_start": 52,
        "line_end": 116
    },
    "16": {
        "content": "Source document: ../data/platform-docs-versions/X_Twitter-API-V1/Trends.md\nParagraph location: \n\tResource URL: https://developer.twitter.com/en/docs/twitter-api/v1/trends/locations-with-trending-topics/api-reference/get-trends-closest\n\nContent: \n# Resource URL: https://developer.twitter.com/en/docs/twitter-api/v1/trends/locations-with-trending-topics/api-reference/get-trends-closest\nGET trends/closest  \nget-trends-closest\n",
        "line_start": 245,
        "line_end": 248
    },
    "17": {
        "content": "Source document: ../data/platform-docs-versions/X_Twitter-API-V1/Trends.md\nParagraph location: \n\tGET trends/closest\n\nContent: \n# GET trends/closest  \nReturns the locations that Twitter has trending topic information for, closest to a specified location.  \nThe response is an array of \"locations\" that encode the location's `WOEID` and some other human-readable information such as a canonical name and country the location belongs in.  \nNote: The \"where on earth identifier\" or WOEID, is a legacy identifier created by Yahoo and has been deprecated. Twitter API v1.1 still uses the numeric value to identify town and country trend locations. Reference our legacy [blog post](https://blog.twitter.com/engineering/en_us/a/2010/woeids-in-twitters-trends.html), or [archived data](https://archive.org/details/geoplanet_data_7.10.0.zip0.). The url returned in the response, `where.yahooapis.com` is no longer valid.\n",
        "line_start": 250,
        "line_end": 254
    },
    "18": {
        "content": "Source document: ../data/platform-docs-versions/X_Twitter-API-V1/Trends.md\nParagraph location: \n\tGET trends/closest\n\tResource URL[\u00b6](#resource-url \"Permalink to this headline\")\n\nContent: \n## Resource URL[\u00b6](#resource-url \"Permalink to this headline\")  \n`https://api.twitter.com/1.1/trends/closest.json`\n",
        "line_start": 26,
        "line_end": 28
    },
    "19": {
        "content": "Source document: ../data/platform-docs-versions/X_Twitter-API-V1/Trends.md\nParagraph location: \n\tGET trends/closest\n\tResource Information[\u00b6](#resource-information \"Permalink to this headline\")\n\nContent: \n## Resource Information[\u00b6](#resource-information \"Permalink to this headline\")  \n|     |     |\n| --- | --- |\n| Response formats | JSON |\n| Requires authentication? | Yes |\n| Rate limited? | Yes |\n| Requests / 15-min window (user auth) | 75  |\n| Requests / 15-min window (app auth) | 75  |\n",
        "line_start": 30,
        "line_end": 38
    },
    "20": {
        "content": "Source document: ../data/platform-docs-versions/X_Twitter-API-V1/Trends.md\nParagraph location: \n\tGET trends/closest\n\tParameters[\u00b6](#parameters \"Permalink to this headline\")\n\nContent: \n## Parameters[\u00b6](#parameters \"Permalink to this headline\")  \n|     |     |     |     |     |\n| --- | --- | --- | --- | --- |\n| Name | Required | Description | Default Value | Example |\n| lat | required | If provided with a _long_ parameter the available trend locations will be sorted by distance, nearest to furthest, to the co-ordinate pair. The valid ranges for longitude is -180.0 to +180.0 (West is negative, East is positive) inclusive. |     | _37.781157_ |\n| long | required | If provided with a _lat_ parameter the available trend locations will be sorted by distance, nearest to furthest, to the co-ordinate pair. The valid ranges for longitude is -180.0 to +180.0 (West is negative, East is positive) inclusive. |     | _\\-122.400612831116_ |\n",
        "line_start": 40,
        "line_end": 46
    },
    "21": {
        "content": "Source document: ../data/platform-docs-versions/X_Twitter-API-V1/Trends.md\nParagraph location: \n\tGET trends/closest\n\tExample Request[\u00b6](#example-request \"Permalink to this headline\")\n\nContent: \n## Example Request[\u00b6](#example-request \"Permalink to this headline\")  \n`GET https://api.twitter.com/1.1/trends/closest.json?lat=37.781157&long=-122.400612831116`\n",
        "line_start": 48,
        "line_end": 50
    },
    "22": {
        "content": "Source document: ../data/platform-docs-versions/X_Twitter-API-V1/Trends.md\nParagraph location: \n\tGET trends/closest\n\tExample Response[\u00b6](#example-response \"Permalink to this headline\")\n\nContent: \n## Example Response[\u00b6](#example-response \"Permalink to this headline\")  \n[\n{\n\"country\": \"Australia\",\n\"countryCode\": \"AU\",\n\"name\": \"Australia\",\n\"parentid\": 1,\n\"placeType\": {\n\"code\": 12,\n\"name\": \"Country\"\n},\n\"url\": \"http://where.yahooapis.com/v1/place/23424748\",\n\"woeid\": 23424748\n}\n]\n",
        "line_start": 52,
        "line_end": 67
    }
}