{
    "0": {
        "content": "Source document: ../data/platform-docs-versions/Linkedin_Government-Requests/Government Requests Report.md\nParagraph location: \n\tResource URL: https://about.linkedin.com/transparency/government-requests-report\n\nContent: \n# Resource URL: https://about.linkedin.com/transparency/government-requests-report\n",
        "line_start": 0,
        "line_end": 1
    },
    "1": {
        "content": "Source document: ../data/platform-docs-versions/Linkedin_Government-Requests/Government Requests Report.md\nParagraph location: \n\tGovernment Requests Report\n\nContent: \n# Government Requests Report  \nThis report discusses how we respond to government requests for member data and removal of content. As part of our commitment to a safe, trusted, and professional environment, we provide transparency about government requests for member data and content removal we receive. We believe in free expression and try to minimize the impact of laws that negatively affect constructive, relevant speech.  \nWe respect the laws that apply to us in the countries where we operate. In the U.S., we respond to several types of legal process at the federal, state, and local levels. Most often, we\u2019re responding to search warrants and subpoenas. Outside the U.S., we ask the government that\u2019s requesting information to issue its request properly, for example through a Mutual Legal Assistance Treaty or a form of international process known as a letter rogatory. Sometimes, we\u2019ll make an exception in an emergency. For more information, see our [Law Enforcement Data Request Guidelines](https://www.linkedin.com/help/linkedin/answer/16880/linkedin-law-enforcement-data-request-guidelines?lang=en).  \nWe never provide information to a government to fulfill a member data request without first trying to notify the individual member, except when applicable law prohibits us from doing so. We may make exceptions in certain emergencies.  \nThis report covers the six-month period between January 1 and June 30, 2023.\n",
        "line_start": 1,
        "line_end": 6
    },
    "2": {
        "content": "Source document: ../data/platform-docs-versions/Linkedin_Government-Requests/Government Requests Report.md\nParagraph location: \n\tGovernment Requests Report\n\tThis report covers:\n\nContent: \n## This report covers:  \n[Global requests for data](#government-requests-data)  \n[U.S. government requests for data](#us-government-requests)  \n[Global content removal requests](#content-removal-requests)\n",
        "line_start": 12,
        "line_end": 16
    },
    "3": {
        "content": "Source document: ../data/platform-docs-versions/Linkedin_Government-Requests/Government Requests Report.md\nParagraph location: \n\tGovernment Requests Report\n\tGovernment requests for data: global\n\tRequests in the U.S. and globally\n\nContent: \n## Government requests for data: global  \n### Requests in the U.S. and globally  \n### Requests in the U.S. and globally  \n### Requests in the U.S. and globally  \n### Requests in the U.S. and globally  \n### Requests in the U.S. and globally\n",
        "line_start": 20,
        "line_end": 26
    },
    "4": {
        "content": "Source document: ../data/platform-docs-versions/Linkedin_Government-Requests/Government Requests Report.md\nParagraph location: \n\tGovernment Requests Report\n\tRequests by country\n\tRequests by country and accounts subject to those requests\n\nContent: \n## Requests by country  \n### Requests by country and accounts subject to those requests  \n#### 2023: January-June  \n|     |     |     |     |     |\n| --- | --- | --- | --- | --- |\n|     | Requests for member data | Accounts subject to request(s)\u00a0\\[1\\] | Percentage of requests for which LinkedIn provided some data | Accounts for which LinkedIn provided some data\u00a0\\[2\\] |\n| Argentina | 2   | 2   | 0%  | 0   |\n| Australia | 2   | 3   | 50% | 1   |\n| Austria | 6   | 7   | 0%  | 0   |\n| Bangladesh | 1   | 1   | 0%  | 0   |\n| Belgium | 4   | 5   | 100% | 4   |\n| Bolivia | 1   | 2   | 0%  | 0   |\n| Brazil | 18  | 20  | 44% | 8   |\n| Canada | 8   | 10  | 75% | 8   |\n| Chile | 1   | 1   | 0%  | 0   |\n| China | 3   | 0   | 0%  | 0   |\n| Columbia | 2   | 2   | 0%  | 0   |\n| Czech Republic | 1   | 1   | 100% | 1   |\n| Estonia | 2   | 2   | 0%  | 0   |\n| Finland | 1   | 2   | 0%  | 0   |\n| France | 63  | 68  | 57% | 39  |\n| Germany | 65  | 102 | 82% | 64  |\n| Greece | 3   | 3   | 33% | 1   |\n| Hungary | 1   | 1   | 100% | 1   |\n| India | 81  | 116 | 21% | 19  |\n| Ireland | 12  | 12  | 58% | 7   |\n| Italy | 103 | 250 | 43% | 88  |\n| Malta | 1   | 1   | 0%  | 0   |\n| Mexico | 7   | 8   | 0%  | 0   |\n| Netherlands | 21  | 54  | 95% | 52  |\n| Poland | 8   | 21  | 38% | 3   |\n| Portugal | 2   | 2   | 50% | 1   |\n| Romania | 1   | 4   | 0%  | 0   |\n| Singapore | 2   | 2   | 0%  | 0   |\n| Spain | 16  | 17  | 44% | 7   |\n| Switzerland | 2   | 2   | 0%  | 0   |\n| Taiwan | 1   | 1   | 0%  | 0   |\n| United Kingdom | 17  | 22  | 53% | 10  |\n| United States | 386 | 2053 | 83% | 1306 |\n| Venezuela | 1   | 1   | 0%  | 0   |\n| **Total** | **845** | **2798** | **64%** | **1620** |  \n### Requests by country and accounts subject to those requests  \n#### 2022: July-December  \n|     |     |     |     |     |\n| --- | --- | --- | --- | --- |\n|     | Requests for member data | Accounts subject to request(s)\u00a0\\[1\\] | Percentage of requests for which LinkedIn provided some data | Accounts for which LinkedIn provided some data\u00a0\\[2\\] |\n| Argentina | 1   | 23  | 0%  | 0   |\n| Austria | 1   | 1   | 100% | 1   |\n| Belgium | 2   | 2   | 100% | 2   |\n| Brazil | 22  | 34  | 59% | 13  |\n| Canada | 3   | 3   | 33% | 1   |\n| China | 2   | 4   | 50% | 1   |\n| Czech Republic | 1   | 1   | 100% | 1   |\n| France | 21  | 23  | 71% | 15  |\n| Germany | 54  | 63  | 78% | 48  |\n| India | 65  | 134 | 26% | 21  |\n| Ireland | 1   | 1   | 0%  | 0   |\n| Italy | 34  | 34  | 44% | 15  |\n| Jordan | 2   | 2   | 0%  | 0   |\n| Netherlands | 5   | 50  | 100% | 48  |\n| Pakistan | 1   | 1   | 0%  | 0   |\n| Poland | 1   | 1   | 0%  | 0   |\n| Portugal | 1   | 3   | 0%  | 0   |\n| Romania | 1   | 1   | 0%  | 0   |\n| Spain | 10  | 15  | 70% | 12  |\n| Switzerland | 2   | 3   | 0%  | 0   |\n| Turkey | 1   | 1   | 100% | 1   |\n| United Kingdom | 27  | 45  | 44% | 17  |\n| United States | 391 | 2636 | 80% | 949 |\n| Venezuela | 1   | 1   | 0%  | 0   |\n| **Total** | **649** | **3081** | **69%** | **1144** |  \n### Requests by country and accounts subject to those requests  \n#### 2022: January-June  \n|     |     |     |     |     |\n| --- | --- | --- | --- | --- |\n|     | Requests for member data | Accounts subject to request(s)\u00a0\\[1\\] | Percentage of requests for which LinkedIn provided some data | Accounts for which LinkedIn provided some data\u00a0\\[2\\] |\n| Argentina | 3   | 3   | 0%  | 0   |\n| Australia | 1   | 1   | 0%  | 0   |\n| Austria | 2   | 2   | 0%  | 0   |\n| Belgium | 6   | 13  | 100% | 10  |\n| Brazil | 12  | 35  | 50% | 7   |\n| Canada | 5   | 7   | 80% | 6   |\n| China | 6   | 6   | 33% | 2   |\n| Costa Rica | 1   | 5   | 0%  | 0   |\n| Denmark | 2   | 3   | 100% | 2   |\n| Finland | 1   | 1   | 0%  | 0   |\n| France | 22  | 35  | 73% | 24  |\n| Georgia | 1   | 1   | 0%  | 0   |\n| Germany | 68  | 81  | 75% | 52  |\n| Hungary | 2   | 3   | 50% | 1   |\n| India | 64  | 84  | 8%  | 5   |\n| Ireland | 5   | 5   | 20% | 1   |\n| Italy | 11  | 23  | 73% | 14  |\n| Jordan | 1   | 2   | 0%  | 0   |\n| Malta | 3   | 3   | 0%  | 0   |\n| Mexico | 2   | 2   | 0%  | 0   |\n| Monaco | 1   | 2   | 100% | 1   |\n| Nepal | 1   | 1   | 0%  | 0   |\n| Netherlands | 10  | 75  | 40% | 9   |\n| New Zealand | 1   | 1   | 0%  | 0   |\n| Peru | 1   | 1   | 0%  | 0   |\n| Poland | 3   | 3   | 33% | 1   |\n| Portugal | 2   | 4   | 50% | 1   |\n| Romania | 1   | 1   | 0%  | 0   |\n| Singapore | 1   | 1   | 0%  | 0   |\n| Spain | 11  | 12  | 36% | 5   |\n| Switzerland | 5   | 5   | 20% | 1   |\n| United Arab Emirates | 1   | 1   | 0%  | 0   |\n| United Kingdom | 21  | 24  | 43% | 11  |\n| United States | 327 | 1114 | 81% | 572 |\n| **Total** | **604** | **1560** | **64%** | **725** |  \n### Requests by country and accounts subject to those requests  \n#### 2021: July-December  \n|     |     |     |     |     |\n| --- | --- | --- | --- | --- |\n|     | Requests for member data | Accounts subject to request(s)\u00a0\\[1\\] | Percentage of requests for which LinkedIn provided some data | Accounts for which LinkedIn provided some data\u00a0\\[2\\] |\n| Argentina | 4   | 4   | 0%  | 0   |\n| Australia | 1   | 1   | 0%  | 0   |\n| Belgium | 8   | 9   | 50% | 5   |\n| Brazil\\* | 3   | 6   | 100% | 6   |\n| Canada | 1   | 1   | 0%  | 0   |\n| China | 4   | 4   | 50% | 2   |\n| Czech Republic | 1   | 1   | 100% | 1   |\n| France | 37  | 43  | 65% | 27  |\n| Germany | 79  | 92  | 77% | 69  |\n| Greece | 3   | 3   | 33% | 1   |\n| Hungary | 1   | 1   | 0%  | 0   |\n| India | 46  | 49  | 0%  | 0   |\n| Ireland | 1   | 1   | 0%  | 0   |\n| Italy | 8   | 9   | 0%  | 0   |\n| Malta | 1   | 1   | 0%  | 0   |\n| Mexico | 1   | 1   | 0%  | 0   |\n| Netherlands | 11  | 23  | 82% | 12  |\n| New Zealand | 1   | 1   | 100% | 1   |\n| Poland | 5   | 5   | 20% | 1   |\n| Singapore | 1   | 1   | 0%  | 0   |\n| Spain | 12  | 12  | 33% | 4   |\n| Switzerland | 6   | 6   | 67% | 4   |\n| United Kingdom | 15  | 20  | 47% | 8   |\n| United States | 302 | 1190 | 83% | 676 |\n| **Total** | **552** | **1484** | **67%** | **817** |  \n_\\*An earlier version of this report inadvertently omitted the data shown in the table above for Brazilian requests made to LinkedIn during the reporting period of July through December 2021._  \n### Requests by country and accounts subject to those requests  \n#### 2021: January-June  \n|     |     |     |     |     |\n| --- | --- | --- | --- | --- |\n|     | Requests for member data | Accounts subject to request(s)\u00a0\\[1\\] | Percentage of requests for which LinkedIn provided some data | Accounts for which LinkedIn provided some data\u00a0\\[2\\] |\n| Argentina | 1   | 1   | 0%  | 0   |\n| Belgium | 4   | 4   | 0%  | 4   |\n| Brazil | 3   | 6   | 0%  | 0   |\n| Canada | 4   | 4   | 100% | 4   |\n| Chile | 2   | 2   | 0%  | 0   |\n| China | 5   | 5   | 80% | 4   |\n| Colombia | 1   | 1   | 0%  | 0   |\n| France | 56  | 74  | 73% | 47  |\n| Germany | 62  | 70  | 77% | 52  |\n| Greece | 1   | 1   | 100% | 1   |\n| Hungary | 1   | 1   | 100% | 1   |\n| India | 30  | 37  | 0%  | 0   |\n| Ireland | 6   | 6   | 33% | 2   |\n| Italy | 23  | 36  | 61% | 17  |\n| Mexico | 2   | 2   | 0%  | 0   |\n| Monaco | 1   | 1   | 100% | 1   |\n| Netherlands | 21  | 28  | 76% | 18  |\n| Nigeria | 1   | 1   | 0%  | 0   |\n| Pakistan | 1   | 1   | 0%  | 0   |\n| Peru | 3   | 3   | 100% | 3   |\n| Poland | 3   | 3   | 0%  | 0   |\n| Portugal | 4   | 4   | 0%  | 0   |\n| Singapore | 1   | 1   | 0%  | 0   |\n| Slovenia | 2   | 2   | 0%  | 0   |\n| South Korea | 1   | 1   | 0%  | 0   |\n| Spain | 9   | 10  | 33% | 3   |\n| Sweden | 1   | 1   | 100% | 1   |\n| Switzerland | 2   | 2   | 50% | 1   |\n| United Kingdom | 12  | 15  | 58% | 9   |\n| United States | 362 | 2349 | 83% | 901 |\n| **Total** | **625** | **2672** | **72%** | **1069** |  \n### Requests by country and accounts subject to those requests  \n#### 2020: July-December  \n|     |     |     |     |     |\n| --- | --- | --- | --- | --- |\n|     | Requests for member data | Accounts subject to request(s)\u00a0\\[1\\] | Percentage of requests for which LinkedIn provided some data | Accounts for which LinkedIn provided some data\u00a0\\[2\\] |\n| Argentina | 4   | 4   | 0%  | 0   |\n| Australia | 4   | 5   | 50% | 2   |\n| Belgium | 2   | 4   | 100% | 4   |\n| Brazil | 4   | 4   | 50% | 2   |\n| Canada | 1   | 1   | 100% | 1   |\n| China | 2   | 2   | 0%  | 0   |\n| Columbia | 2   | 2   | 0%  | 0   |\n| Czech Republic | 1   | 1   | 0%  | 0   |\n| Dominican Republic | 1   | 1   | 0%  | 0   |\n| Estonia | 2   | 2   | 50% | 1   |\n| France | 26  | 33  | 46% | 14  |\n| Georgia | 1   | 1   | 0%  | 0   |\n| Germany | 50  | 82  | 50% | 38  |\n| India | 29  | 32  | 0%  | 0   |\n| Italy | 7   | 8   | 57% | 5   |\n| Monaco | 1   | 1   | 100% | 1   |\n| Netherlands | 16  | 33  | 69% | 19  |\n| Norway | 1   | 1   | 100% | 1   |\n| Pakistan | 1   | 1   | 0%  | 0   |\n| Peru | 1   | 1   | 0%  | 0   |\n| Poland | 2   | 2   | 0%  | 0   |\n| Portugal | 2   | 2   | 0%  | 0   |\n| Serbia | 2   | 3   | 0%  | 0   |\n| Singapore | 3   | 3   | 0%  | 0   |\n| Slovenia | 2   | 8   | 50% | 2   |\n| Spain | 8   | 9   | 38% | 3   |\n| Sweden | 1   | 1   | 100% | 1   |\n| Switzerland | 3   | 3   | 67% | 2   |\n| United Kingdom | 5   | 5   | 40% | 1   |\n| United States | 364 | 1,420 | 76% | 702 |\n| **Total** | **548** | **1,675** | **63%** | **799** |  \n### Requests by country and accounts subject to those requests  \n#### 2020: January-June  \n|     |     |     |     |     |\n| --- | --- | --- | --- | --- |\n|     | Requests for member data | Accounts subject to request(s)\u00a0\\[1\\] | Percentage of requests for which LinkedIn provided some data | Accounts for which LinkedIn provided some data\u00a0\\[2\\] |\n| Belgium | 1   | 1   | 0%  | 0   |\n| Brazil | 5   | 5   | 80% | 4   |\n| Canada | 1   | 1   | 100% | 1   |\n| Columbia | 1   | 1   | 0%  | 0   |\n| Finland | 1   | 1   | 0%  | 0   |\n| France | 13  | 16  | 62% | 10  |\n| Germany | 62  | 92  | 74% | 63  |\n| Greece | 2   | 2   | 0%  | 0   |\n| India | 11  | 14  | 0%  | 0   |\n| Italy | 3   | 4   | 100% | 4   |\n| Malta | 2   | 2   | 0%  | 0   |\n| Netherlands | 7   | 11  | 86% | 9   |\n| Poland | 1   | 7   | 0%  | 0   |\n| Portugal | 1   | 1   | 0%  | 0   |\n| Serbia | 1   | 1   | 0%  | 0   |\n| Singapore | 3   | 5   | 33% | 2   |\n| Slovenia | 1   | 2   | 0%  | 0   |\n| Spain | 4   | 4   | 25% | 1   |\n| Switzerland | 2   | 2   | 0%  | 0   |\n| United Kingdom | 10  | 11  | 30% | 3   |\n| United States | 377 | 2,459 | 78% | 1,862 |\n| **Total** | **509** | **2,642** | **72%** | **1,959** |  \n### Requests by country and accounts subject to those requests  \n#### 2019: July-December  \n|     |     |     |     |     |\n| --- | --- | --- | --- | --- |\n|     | Requests for member data | Accounts subject to request(s)\u00a0\\[1\\] | Percentage of requests for which LinkedIn provided some data | Accounts for which LinkedIn provided some data\u00a0\\[2\\] |\n| Brazil | 11  | 11  | 82% | 9   |\n| Canada | 1   | 1   | 0%  | 0   |\n| China | 1   | 1   | 0%  | 0   |\n| France | 8   | 8   | 88% | 7   |\n| Germany | 33  | 81  | 85% | 71  |\n| India | 9   | 11  | 0%  | 0   |\n| Ireland | 1   | 4   | 0%  | 0   |\n| Malta | 1   | 1   | 0%  | 0   |\n| Monaco | 1   | 1   | 100% | 1   |\n| Netherlands | 5   | 5   | 80% | 4   |\n| Spain | 6   | 7   | 17% | 1   |\n| UK  | 4   | 4   | 0%  | 0   |\n| US  | 349 | 1,488 | 82% | 819 |\n| **Total** | **430** | **1,623** | **78%** | **912** |  \n### Requests by country and accounts subject to those requests  \n#### 2019: January-June  \n|     |     |     |     |     |\n| --- | --- | --- | --- | --- |\n|     | Requests for member data | Accounts subject to request(s)\u00a0\\[1\\] | Percentage of requests for which LinkedIn provided some data | Accounts for which LinkedIn provided some data\u00a0\\[2\\] |\n| Brazil | 8   | 12  | 88% | 9   |\n| Canada | 2   | 2   | 100% | 2   |\n| China | 1   | 1   | 0%  | 0   |\n| Dominican Republic | 1   | 1   | 0%  | 0   |\n| France | 6   | 9   | 67% | 4   |\n| Germany | 9   | 14  | 44% | 4   |\n| India | 1   | 10  | 0%  | 0   |\n| Italy | 1   | 1   | 0%  | 0   |\n| Netherlands | 2   | 2   | 50% | 1   |\n| Poland | 1   | 1   | 100% | 1   |\n| Portugal | 2   | 2   | 0%  | 0   |\n| Spain | 1   | 1   | 0%  | 0   |\n| Switzerland | 2   | 2   | 50% | 1   |\n| UK  | 3   | 5   | 0%  | 0   |\n| US  | 314 | 1,170 | 82% | 639 |\n| **Total** | **362** | **1,233** | **77%** | **662** |  \n### Requests by country and accounts subject to those requests  \n#### 2018: July-December  \n|     |     |     |     |     |\n| --- | --- | --- | --- | --- |\n|     | Requests for member data | Accounts subject to request(s)\u00a0\\[1\\] | Percentage of requests for which LinkedIn provided some data | Accounts for which LinkedIn provided some data\u00a0\\[2\\] |\n| Brazil | 10  | 13  | 31% | 4   |\n| Canada | 3   | 3   | 67% | 2   |\n| China | 2   | 2   | 100% | 2   |\n| France | 11  | 14  | 29% | 4   |\n| Germany | 3   | 4   | 75% | 3   |\n| India | 7   | 9   | 0%  | 0   |\n| Ireland | 1   | 1   | 100% | 1   |\n| Italy | 2   | 2   | 0%  | 0   |\n| Spain | 4   | 4   | 0%  | 0   |\n| United Kingdom | 1   | 1   | 0%  | 0   |\n| United States | 203 | 1,069 | 52% | 553 |\n| **Total** | **247** | **1,122** | **41%** | **569** |  \n### Requests by country and accounts subject to those requests  \n#### 2018: January-June  \n|     |     |     |     |     |\n| --- | --- | --- | --- | --- |\n|     | Requests for member data | Accounts subject to request(s)\u00a0\\[1\\] | Percentage of requests for which LinkedIn provided some data | Accounts for which LinkedIn provided some data\u00a0\\[2\\] |\n| Australia | 2   | 2   | 0%  | 0   |\n| Brazil | 6   | 8   | 63% | 5   |\n| Canada | 3   | 3   | 0%  | 0   |\n| France | 2   | 10  | 10% | 1   |\n| Germany | 12  | 15  | 73% | 11  |\n| India | 5   | 5   | 0%  | 0   |\n| Italy | 1   | 1   | 100% | 1   |\n| Qatar | 1   | 1   | 0%  | 0   |\n| Singapore | 2   | 2   | 0%  | 0   |\n| United Kingdom | 2   | 2   | 100% | 2   |\n| United States | 196 | 1,077 | 37% | 399 |\n| **Total** | **232** | **1,126** | **35%** | **419** |  \n### Requests by country and accounts subject to those requests  \n#### 2017: July-December  \n|     |     |     |     |     |\n| --- | --- | --- | --- | --- |\n|     | Requests for member data | Accounts subject to request(s)\u00a0\\[1\\] | Percentage of requests for which LinkedIn provided some data | Accounts for which LinkedIn provided some data\u00a0\\[2\\] |\n| Brazil | 5   | 8   | 55% | 1   |\n| Canada | 1   | 1   | 100% | 1   |\n| Germany | 2   | 2   | 50% | 1   |\n| India | 9   | 9   | 0%  | 0   |\n| Italy | 9   | 9   | 20% | 5   |\n| Netherlands | 1   | 1   | 100% | 1   |\n| Puerto Rico | 1   | 1   | 0%  | 0   |\n| Spain | 1   | 1   | 100% | 1   |\n| Sweden | 1   | 1   | 0%  | 0   |\n| Switzerland | 1   | 4   | 100% | 3   |\n| United Kingdom | 2   | 3   | 0%  | 0   |\n| United States | 191 | 602 | 76% | 331 |\n| **Total** | **224** | **642** | **63%** | **344** |  \n### Requests by country and accounts subject to those requests  \n#### 2017: January-June  \n|     |     |     |     |     |\n| --- | --- | --- | --- | --- |\n|     | Requests for member data | Accounts subject to request(s)\u00a0\\[1\\] | Percentage of requests for which LinkedIn provided some data | Accounts for which LinkedIn provided some data\u00a0\\[2\\] |\n| Brazil | 3   | 3   | 33% | 1   |\n| China | 1   | 1   | 100% | 1   |\n| Czech Republic | 1   | 1   | 0%  | 0   |\n| France | 1   | 1   | 0%  | 0   |\n| Germany | 2   | 2   | 50% | 1   |\n| India | 3   | 3   | 0%  | 0   |\n| Ireland | 1   | 1   | 100% | 1   |\n| Italy | 1   | 1   | 100% | 1   |\n| Netherlands | 1   | 1   | 0%  | 0   |\n| Poland | 1   | 1   | 100% | 1   |\n| Spain | 3   | 3   | 67% | 2   |\n| United Kingdom | 2   | 2   | 0%  | 0   |\n| United States | 187 | 594 | 71% | 229 |\n| **Total** | **207** | **614** | **68%** | **237** |\n",
        "line_start": 32,
        "line_end": 384
    },
    "5": {
        "content": "Source document: ../data/platform-docs-versions/Linkedin_Government-Requests/Government Requests Report.md\nParagraph location: \n\tGovernment Requests Report\n\tRequests by country\n\tGovernment requests for data\n\nContent: \n### Government requests for data  \n#### 2016: July-December  \n|     |     |     |     |     |\n| --- | --- | --- | --- | --- |\n|     | Requests for member data | Accounts subject to request(s)\u00a0\\[1\\] | Percentage of requests for which LinkedIn provided some data | Accounts for which LinkedIn provided some data\u00a0\\[2\\] |\n| Brazil | 4   | 5   | 75% | 3   |\n| China | 1   | 13  | 100% | 13  |\n| France | 1   | 1   | 0%  | 0   |\n| Greece | 1   | 1   | 100% | 1   |\n| India | 3   | 3   | 0%  | 0   |\n| Italy | 1   | 1   | 100% | 1   |\n| Macedonia | 1   | 1   | 0%  | 0   |\n| Philippines | 1   | 1   | 100% | 1   |\n| Spain | 1   | 1   | 0%  | 0   |\n| Sweden | 1   | 1   | 0%  | 0   |\n| United States | 135 | 345 | 74% | 192 |\n| **Total** | **150** | **373** | **73%** | **211** |  \n### Government requests for data  \n#### 2016: January-June  \n|     |     |     |     |     |\n| --- | --- | --- | --- | --- |\n|     | Requests for member data | Accounts subject to request(s)\u00a0\\[1\\] | Percentage of requests for which LinkedIn provided some data | Accounts for which LinkedIn provided some data\u00a0\\[2\\] |\n| Brazil | 3   | 4   | 33% | 1   |\n| Canada | 1   | 1   | 100% | 1   |\n| France | 2   | 2   | 50% | 1   |\n| Germany | 2   | 2   | 0%  | 0   |\n| India | 6   | 7   | 0%  | 0   |\n| Poland | 1   | 1   | 0%  | 0   |\n| Spain | 1   | 1   | 0%  | 0   |\n| Turkey | 1   | 1   | 0%  | 0   |\n| United States | 128 | 291 | 68% | 150 |\n| **Total** | **145** | **310** | **62%** | **153** |  \n### Government requests for data  \n#### 2015: July-December  \n|     |     |     |     |     |\n| --- | --- | --- | --- | --- |\n|     | Requests for member data | Accounts subject to request(s)\u00a0\\[1\\] | Percentage of requests for which LinkedIn provided some data | Accounts impacted (LinkedIn provided some data) \\[2\\] |\n| Brazil | 1   | 1   | 0%  | 0   |\n| China | 1   | 1   | 0%  | 0   |\n| France | 1   | 1   | 0%  | 0   |\n| Germany | 2   | 2   | 0%  | 0   |\n| India | 5   | 5   | 0%  | 0   |\n| Liechtenstein | 1   | 1   | 0%  | 0   |\n| United Kingdom | 1   | 1   | 0%  | 0   |\n| United States | 127 | 226 | 72% | 134 |\n| **Total** | **139** | **238** | **66%** | **134** |  \n### Government requests for data  \n#### 2015: January-June  \n|     |     |     |     |     |\n| --- | --- | --- | --- | --- |\n|     | Requests for member data | Accounts subject to request(s)\u00a0\\[1\\] | Percentage of requests for which LinkedIn provided some data | Accounts impacted (LinkedIn provided some data) \\[2\\] |\n| India | 4   | 4   | 0%  | 0   |\n| Bulgaria | 2   | 2   | 50% | 1   |\n| Canada | 2   | 2   | 100% | 2   |\n| France | 2   | 2   | 0%  | 0   |\n| Spain | 1   | 8   | 0%  | 0   |\n| United Kingdom | 2   | 2   | 0%  | 0   |\n| United States | 99  | 141 | 78% | 113 |\n| **Total** | **112** | **161** | **74%** | **116** |  \n### Government requests for data  \n#### 2014: July-December  \n|     |     |     |     |     |\n| --- | --- | --- | --- | --- |\n|     | Requests for member data | Accounts subject to request(s)\u00a0\\[1\\] | Percentage of requests for which LinkedIn provided some data | Accounts impacted (LinkedIn provided some data) \\[2\\] |\n| Brazil | 3   | 3   | 33% | 1   |\n| France | 3   | 3   | 0%  | 0   |\n| Germany | 3   | 3   | 0%  | 0   |\n| India | 5   | 5   | 0%  | 0   |\n| Ireland | 1   | 1   | 100% | 1   |\n| Singapore | 1   | 1   | 0%  | 0   |\n| United States | 84  | 202 | 70% | 76  |\n| **Total** | **100** | **218** | **60%** | **78** |  \n### Government requests for data  \n#### 2014: January-June  \n|     |     |     |     |     |\n| --- | --- | --- | --- | --- |\n|     | Requests for member data | Accounts subject to request(s)\u00a0\\[1\\] | Percentage of requests for which LinkedIn provided some data | Accounts impacted (LinkedIn provided some data) \\[2\\] |\n| Argentina | 2   | 2   | 0%  | 0   |\n| Australia | 2   | 2   | 50% | 1   |\n| Brazil | 1   | 1   | 100% | 1   |\n| Canada | 4   | 51  | 35% | 45  |\n| France | 4   | 4   | 0%  | 0   |\n| Germany | 1   | 1   | 0%  | 0   |\n| Hong Kong | 1   | 1   | 0%  | 0   |\n| India | 4   | 4   | 25% | 1   |\n| Spain | 1   | 8   | 0%  | 0   |\n| United Kingdom | 1   | 1   | 100% | 1   |\n| United States | 85  | 1,069 | 65% | 101 |\n| **Total** | **116** | **1,144** | **52%** | **150** |  \n\\[1\\] This column was previously labeled \"Accounts Impacted\", but we changed the name to clarify that it reflects the number of accounts subject to the data requests, and not the number of accounts for which some responsive data was in fact provided.  \n\\[2\\] We started reporting the number of accounts for which at least some data was provided in response to government requests in our January-June 2014 Transparency Report.\n",
        "line_start": 425,
        "line_end": 516
    },
    "6": {
        "content": "Source document: ../data/platform-docs-versions/Linkedin_Government-Requests/Government Requests Report.md\nParagraph location: \n\tGovernment Requests Report\n\tBreakdown of U.S. government requests for data\n\nContent: \n## Breakdown of U.S. government requests for data  \n#### 2023: January-June  \n|     |     |\n| --- | --- |\n| Requests \\[1\\] | 386 |\n| Accounts subject to requests | 2,053 |\n| Requests for which LinkedIn provided some data | 83% |\n| Subpoenas\u00a0\\[2\\] | 76% |\n| Search warrants \\[3\\] | 6%  |\n| Court orders \\[4\\] | 17% |\n| Other \\[5\\] | 1%  |\n| National security letters received \\[6\\] | 0-499 |\n| National security letters (accounts subject to request) | 0-499 |\n| FISA requests\u00a0\\[6\\] | 0-499 |  \n#### 2022: July-December  \n|     |     |\n| --- | --- |\n| Requests \\[1\\] | 391 |\n| Accounts subject to requests | 2,636 |\n| Requests for which LinkedIn provided some data | 80% |\n| Subpoenas\u00a0\\[2\\] | 77% |\n| Search warrants \\[3\\] | 7%  |\n| Court orders \\[4\\] | 15% |\n| Other \\[5\\] | 1%  |\n| National security letters received \\[6\\] | 0-499 |\n| National security letters (accounts subject to request) | 0-499 |\n| FISA requests\u00a0\\[6\\] | 0-499 |  \n#### 2021: July-December  \n|     |     |\n| --- | --- |\n| Requests \\[1\\] | 302 |\n| Accounts subject to requests | 1,190 |\n| Requests for which LinkedIn provided some data | 83% |\n| Subpoenas\u00a0\\[2\\] | 73% |\n| Search warrants \\[3\\] | 9%  |\n| Court orders \\[4\\] | 18% |\n| Other \\[5\\] | 1%  |\n| National security letters received \\[6\\] | 0-499 |\n| National security letters (accounts subject to request) | 0-499 |\n| FISA requests\u00a0\\[6\\] | 0-499 |  \n#### 2021: January-June  \n|     |     |\n| --- | --- |\n| Requests \\[1\\] | 362 |\n| Accounts subject to requests | 2,349 |\n| Requests for which LinkedIn provided some data | 83% |\n| Subpoenas\u00a0\\[2\\] | 70% |\n| Search warrants \\[3\\] | 9%  |\n| Court orders \\[4\\] | 21% |\n| Other \\[5\\] | 1%  |\n| National security letters received \\[6\\] | 0-499 |\n| National security letters (accounts subject to request) | 0-499 |\n| FISA requests\u00a0\\[6\\] | 0-499 |  \n#### 2020: July-December  \n|     |     |\n| --- | --- |\n| Requests \\[1\\] | 364 |\n| Accounts subject to requests | 1,420 |\n| Requests for which LinkedIn provided some data | 76% |\n| Subpoenas\u00a0\\[2\\] | 66% |\n| Search warrants \\[3\\] | 11% |\n| Court orders \\[4\\] | 22% |\n| Other \\[5\\] | 1%  |\n| National security letters received \\[6\\] | 0-499 |\n| National security letters (accounts subject to request) | 0-499 |\n| FISA requests\u00a0\\[6\\] | 0-499 |  \n#### 2020: January-June  \n|     |     |\n| --- | --- |\n| Requests \\[1\\] | 377 |\n| Accounts subject to requests | 2,459 |\n| Requests for which LinkedIn provided some data | 78% |\n| Subpoenas\u00a0\\[2\\] | 63% |\n| Search warrants \\[3\\] | 11% |\n| Court orders \\[4\\] | 25% |\n| Other \\[5\\] | 1%  |\n| National security letters received \\[6\\] | 0-499 |\n| National security letters (accounts subject to request) | 0-499 |\n| FISA requests\u00a0\\[6\\] | 0-499 |  \n#### 2019: July-December  \n|     |     |\n| --- | --- |\n| Requests \\[1\\] | 349 |\n| Accounts subject to requests | 1,488 |\n| Requests for which LinkedIn provided some data | 82% |\n| Subpoenas\u00a0\\[2\\] | 68% |\n| Search warrants \\[3\\] | 12% |\n| Court orders \\[4\\] | 20% |\n| Other \\[5\\] | 0%  |\n| National security letters received \\[6\\] | 0-499 |\n| National security letters (accounts subject to request) | 0-499 |\n| FISA requests\u00a0\\[6\\] |     |  \n#### 2019: January-June  \n|     |     |\n| --- | --- |\n| Requests \\[1\\] | 314 |\n| Accounts subject to requests | 1,170 |\n| Requests for which LinkedIn provided some data | 82% |\n| Subpoenas\u00a0\\[2\\] | 72% |\n| Search warrants \\[3\\] | 10% |\n| Court orders \\[4\\] | 17% |\n| Other \\[5\\] | 1%  |\n| National security requests received \\[6\\] | 0-249 |\n| National security requests (accounts subject to request) | 250-499 |  \n#### 2018: July-December  \n|     |     |\n| --- | --- |\n| Requests \\[1\\] | 203 |\n| Accounts subject to requests | 1,069 |\n| Requests for which LinkedIn provided some data | 52% |\n| Subpoenas\u00a0\\[2\\] | 71% |\n| Search warrants \\[3\\] | 11% |\n| Court orders \\[4\\] | 16% |\n| Other \\[5\\] | 2%  |\n| National security requests received \\[6\\] | 0-249 |\n| National security requests (accounts subject to request) | 0-249 |  \n#### 2018: January-June  \n|     |     |\n| --- | --- |\n| Requests \\[1\\] | 196 |\n| Accounts subject to requests | 1,077 |\n| Requests for which LinkedIn provided some data | 37% |\n| Subpoenas \\[2\\] | 70% |\n| Search warrants \\[3\\] | 9%  |\n| Court orders \\[4\\] | 19% |\n| Other \\[5\\] | 3%  |\n| National security requests received \\[6\\] | 0-249 |\n| National\u00a0security requests (accounts subject to request) | 0-249 |  \n#### 2017: July-December  \n|     |     |\n| --- | --- |\n| Requests \\[1\\] | 191 |\n| Accounts subject to requests | 602 |\n| Requests for which LinkedIn provided some data | 69% |\n| Subpoenas\u00a0\\[2\\] | 62% |\n| Search warrants \\[3\\] | 8%  |\n| Court orders \\[4\\] | 26% |\n| Other \\[5\\] | 1%  |\n| National security requests received \\[6\\] | 0-249 |\n| National\u00a0security requests (accounts subject to request) | 0-249 |  \n#### 2017: January-June  \n|     |     |\n| --- | --- |\n| Requests \\[1\\] | 187 |\n| Accounts subject to requests | 594 |\n| Requests for which LinkedIn provided some data | 71% |\n| Subpoenas\u00a0\\[2\\] | 63% |\n| Search warrants \\[3\\] | 9%  |\n| Court orders \\[4\\] | 26% |\n| Other \\[5\\] | 1%  |\n| National security requests received \\[6\\] | 0-249 |\n| National\u00a0security requests (accounts subject to request) | 0-249 |  \n#### 2016: July-December  \n|     |     |\n| --- | --- |\n| Requests \\[1\\] | 135 |\n| Accounts subject to requests | 345 |\n| Requests for which LinkedIn provided some data | 74% |\n| Subpoenas\u00a0\\[2\\] | 71% |\n| Search warrants \\[3\\] | 9%  |\n| Court orders \\[4\\] | 18% |\n| Other \\[5\\] | 1%  |\n| National security requests received \\[6\\] | 0-249 |\n| National\u00a0security requests (accounts subject to request) | 0-249 |  \n#### 2016: January-June  \n|     |     |\n| --- | --- |\n| Requests \\[1\\] | 128 |\n| Accounts subject to requests | 291 |\n| Requests for which LinkedIn provided some data | 68% |\n| Subpoenas \\[2\\] | 66% |\n| Search warrants \\[3\\] | 14% |\n| Court orders \\[4\\] | 17% |\n| Other \\[5\\] | 2%  |\n| National security requests received \\[6\\] | 0-249 |\n| National\u00a0security requests (accounts subject to request) | 0-249 |  \n#### 2015: July-December  \n|     |     |\n| --- | --- |\n| Requests \\[1\\] | 126 |\n| Accounts subject to requests | 226 |\n| Requests for which LinkedIn provided some data | 72% |\n| Subpoenas\u00a0\\[2\\] | 72% |\n| Search warrants \\[3\\] | 11% |\n| Court orders \\[4\\] | 16% |\n| Other \\[5\\] | 2%  |\n| National security requests received \\[6\\] | 0-249 |\n| National\u00a0security requests (accounts subject to request) | 0-249 |  \n#### 2015: January-June  \n|     |     |\n| --- | --- |\n| Requests \\[1\\] | 99  |\n| Accounts subject to requests | 141 |\n| Requests for which LinkedIn provided some data | 78% |\n| Subpoenas \\[2\\] | 83% |\n| Search warrants \\[3\\] | 10% |\n| Court orders \\[4\\] | 7%  |\n| Other \\[5\\] | 1%  |\n| National security requests received \\[6\\] | 0-249 |\n| National\u00a0security requests (accounts subject to request) | 0-249 |  \n#### 2014: July-December  \n|     |     |\n| --- | --- |\n| Requests \\[1\\] | 84  |\n| Accounts subject to requests | 202 |\n| Requests for which LinkedIn provided some data | 70% |\n| Subpoenas\u00a0\\[2\\] | 86% |\n| Search warrants \\[3\\] | 12% |\n| Court orders \\[4\\] | 2%  |\n| Other \\[5\\] | 0%  |\n| National security requests received \\[6\\] | 0-249 |\n| National\u00a0security requests (accounts subject to request) | 0-249 |  \n#### 2014: January-June  \n|     |     |\n| --- | --- |\n| Requests \\[1\\] | 85  |\n| Accounts subject to requests | 1,069 |\n| Requests for which LinkedIn provided some data | 84% |\n| Subpoenas \\[2\\] | 82% |\n| Search warrants \\[3\\] | 13% |\n| Court orders \\[4\\] | 4%  |\n| Other \\[5\\] | 1%  |\n| National security requests received \\[6\\] | 0-249 |\n| National\u00a0security requests (accounts subject to request) | 0-249 |  \n\\[1\\] U.S. Government Requests for Member Data include all requests received by LinkedIn from the U.S. government except for national security-related requests, such as National Security Letters and requests under the U.S. Foreign Intelligence Surveillance Act (FISA), if any.  \n\\[2\\] Subpoenas may be issued for information that is reasonably relevant to the general subject matter of a pending investigation. They are typically pre-signed by a court clerk and are issued by prosecutors without the involvement of a judge.  \n\\[3\\] Search warrants require the government to demonstrate \"probable cause\" and are generally issued by a judge. The standard applicable to a search warrant is higher than that applicable to a subpoena.  \n\\[4\\] Court orders vary depending on the circumstances and the issuing court and jurisdiction. Many of the court orders LinkedIn receives are issued pursuant to 18 U.S.C. \u00a7 2703(d), a provision of the Electronic Communications Privacy Act (ECPA). To obtain such an order, the government must demonstrate specific and articulable facts showing that there are reasonable grounds to believe that the information sought is relevant and material to an ongoing investigation. This standard is higher than that applicable to subpoenas but lower than that applicable to search warrants.  \n\\[5\\] The \"Other\" category includes requests that do not fall within any of the above categories. Examples include emergency requests. As indicated in footnote 1, the category does not include national security-related requests.  \n\\[6\\] In our Government Requests Reports prior to July 2019, we reported on National Security Requests, which could include National Security Letters and FISA requests. In the effort to provide more transparency to our members, we now report NLSs and FISA requests separately. Because we are required by law to delay the release of FISA data by 6 months, reported FISA request metrics correspond to the previous reporting period (for example, data for the July-December 2019 period is reported in our January-June 2020 report).\n",
        "line_start": 537,
        "line_end": 767
    },
    "7": {
        "content": "Source document: ../data/platform-docs-versions/Linkedin_Government-Requests/Government Requests Report.md\nParagraph location: \n\tGovernment Requests Report\n\tGovernment requests for content removal\n\tBy country and action taken\n\nContent: \n## Government requests for content removal  \n### By country and action taken  \n#### 2023: January-June  \n|     |     |     |     |\n| --- | --- | --- | --- |\n|     | Requests | Action taken | Percentage action taken |\n| Australia | 2   | 1   | 50% |\n| Bahrain | 1   | 0   | 0%  |\n| Bangladesh | 1   | 1   | 100% |\n| Bolivia | 1   | 1   | 100% |\n| Brazil | 4   | 4   | 100% |\n| China | 5   | 4   | 80% |\n| Ghana | 1   | 1   | 100% |\n| India | 13  | 12  | 92% |\n| Indonesia | 8   | 8   | 100% |\n| Qatar | 1   | 0   | 0%  |\n| Singapore | 1   | 1   | 100% |\n| Turkey | 5   | 5   | 100% |\n| United Kingdom | 1   | 1   | 100% |\n| United States | 5   | 5   | 100% |\n| **Totals** | **49** | **44** | **90%** |  \n### By country and action taken  \n#### 2022: July-December  \n|     |     |     |     |\n| --- | --- | --- | --- |\n|     | Requests | Action taken | Percentage action taken |\n| Australia | 2   | 2   | 100% |\n| Canada | 1   | 1   | 100% |\n| India | 6   | 4   | 67% |\n| Indonesia | 4   | 4   | 100% |\n| Turkey | 10  | 9   | 90% |\n| **Totals** | **23** | **20** | **87%** |  \n### By country and action taken  \n#### 2022: January-June  \n|     |     |     |     |\n| --- | --- | --- | --- |\n|     | Requests | Action taken | Percentage action taken |\n| Australia | 1   | 1   | 100% |\n| Brazil | 1   | 1   | 100% |\n| France | 1   | 1   | 100% |\n| Germany | 1   | 1   | 100% |\n| Ghana | 1   | 0   | 0%  |\n| India | 12  | 10  | 83% |\n| Monaco | 1   | 0   | 0%  |\n| Turkey | 8   | 8   | 100% |\n| UK  | 1   | 1   | 100% |\n| **Totals** | **27** | **23** | **85%** |  \n### By country and action taken  \n#### 2021: July-December  \n|     |     |     |     |\n| --- | --- | --- | --- |\n|     | Requests | Action taken | Percentage action taken |\n| China | 12  | 12  | 100% |\n| India | 5   | 4   | 80% |\n| Turkey | 10  | 10  | 100% |\n| **Totals** | **27** | **26** | **96%** |  \n### By country and action taken  \n#### 2021: January-June  \n|     |     |     |     |\n| --- | --- | --- | --- |\n|     | Requests | Action taken | Percentage action taken |\n| China | 31  | 30  | 97% |\n| India | 7   | 4   | 57% |\n| Turkey | 24  | 23  | 96% |\n| **Totals** | **62** | **57** | **92%** |  \n### By country and action taken  \n#### 2020: July-December  \n|     |     |     |     |\n| --- | --- | --- | --- |\n|     | Requests | Action taken | Percentage action taken |\n| Turkey | 5   | 4   | 80% |\n| China | 24  | 22  | 92% |\n| **Totals** | **29** | **26** | **89%** |  \n### By country and action taken  \n#### 2020: January-June  \n|     |     |     |     |\n| --- | --- | --- | --- |\n|     | Requests | Action taken | Percentage action taken |\n| US  | 1   | 1   | 100% |\n| Turkey | 2   | 2   | 100% |\n| China | 18  | 16  | 89% |\n| **Totals** | **21** | **19** | **90%** |  \n### By country and action taken  \n#### 2019: July-December  \n|     |     |     |     |\n| --- | --- | --- | --- |\n|     | Requests | Action taken | Percentage action taken |\n| Brazil | 1   | 1   | 100% |\n| China | 14  | 11  | 79% |\n| Greece | 1   | 1   | 100% |\n| India | 1   | 1   | 100% |\n| Poland | 1   | 1   | 100% |\n| Russia | 2   | 2   | 100% |\n| Switzerland | 1   | 1   | 100% |\n| Turkey | 2   | 2   | 100% |\n| **Totals** | **23** | **20** | **87%** |  \n### By country and action taken  \n#### 2019: January-June  \n|     |     |     |     |\n| --- | --- | --- | --- |\n|     | Requests | Action taken | Percentage action taken |\n| Canada | 1   | 1   | 100% |\n| China | 3   | 3   | 100% |\n| Germany | 1   | 1   | 100% |\n| Saudi Arabia | 1   | 1   | 100% |\n| Turkey | 2   | 2   | 100% |\n| **Totals** | **8** | **8** | **100%** |  \n### By country and action taken  \n#### 2018: July-December  \n|     |     |     |     |\n| --- | --- | --- | --- |\n|     | Requests | Action taken | Percentage action taken |\n| Turkey | 1   | 1   | 100% |\n| China | 4   | 2   | 50% |\n| India | 1   | 1   | 100% |\n| **Totals** | **6** | **4** | **67%** |  \n### By country and action taken  \n#### 2018: January-June  \n|     |     |     |     |\n| --- | --- | --- | --- |\n|     | Requests | Action taken | Percentage action taken |\n| Canada | 1   | 1   | 100% |\n| China | 9   | 9   | 100% |\n| India | 2   | 1   | 50% |\n| Indonesia | 1   | 1   | 100% |\n| United Kingdom | 1   | 1   | 100% |\n| United States | 1   | 1   | 100% |\n| **Totals** | **15** | **14** | **93.33%** |  \n\u2022 We started reporting on content-related requests in our January 1-June 30, 2018 Transparency Report.  \n\u2022 Government Requests for Content Removal are requests received by LinkedIn from governments\u00a0seeking the removal of content, including reporting violations of our Terms of Service or violations of local law.\n",
        "line_start": 813,
        "line_end": 943
    }
}