{
    "0": {
        "content": "Source document: ../data/platform-docs-versions/Booking.com_DSA-Home-Page/Developer Terms.md\nParagraph location: \n\tR\u00e8glement sur les services num\u00e9riques\n\tI. Destinataires mensuels actifs dans l'UE\n\nContent: \n# R\u00e8glement sur les services num\u00e9riques  \n### I. Destinataires mensuels actifs dans l'UE  \nConform\u00e9ment aux obligations de Booking.com en vertu de la l\u00e9gislation sur les services num\u00e9riques de l\u2019UE, nous estimons que le nombre moyen mensuel de destinataires\\* du service Booking.com dans l\u2019Union europ\u00e9enne, du 1er\u00a0f\u00e9vrier\u00a02023 au 31\u00a0juillet\u00a02023 inclus, est nettement sup\u00e9rieur \u00e0 45\u00a0millions.  \nIl ne s\u2019agit que d\u2019une estimation bas\u00e9e sur les donn\u00e9es dont dispose Booking.com \u00e0 l\u2019heure actuelle et sur les directives limit\u00e9es de la l\u00e9gislation sur les services num\u00e9riques (\u00ab\u00a0DSA\u00a0\u00bb). Cette estimation doit \u00eatre publi\u00e9e en vertu de la DSA et ne doit pas \u00eatre utilis\u00e9e \u00e0 d\u2019autres fins. Les m\u00e9thodologies utilis\u00e9es pour estimer le nombre moyen mensuel de destinataires tel que d\u00e9fini dans la DSA n\u00e9cessitent un jugement et des donn\u00e9es de conception importants, sont soumises \u00e0 des donn\u00e9es et \u00e0 d\u2019autres limitations, et sont intrins\u00e8quement sujettes \u00e0 des \u00e9carts statistiques et \u00e0 des incertitudes. Cette estimation peut \u00eatre r\u00e9vis\u00e9e \u00e0 la hausse ou \u00e0 la baisse au fur et \u00e0 mesure que Booking.com affine son approche et en r\u00e9ponse \u00e0 la publication de la m\u00e9thodologie par la Commission europ\u00e9enne.  \nVeuillez consulter le site Web [Booking Holdings Inc. Investor Relations](https://ir.bookingholdings.com/overview/default.aspx) pour les mesures que nous consid\u00e9rons pertinentes pour les activit\u00e9s de Booking.com.  \n\\* \u00ab\u00a0Destinataire du service\u00a0\u00bb est d\u00e9fini dans la DSA comme \u00ab\u00a0toute personne physique ou morale qui utilise un service interm\u00e9diaire, notamment aux fins de rechercher des informations et de les rendre accessibles\u00a0\u00bb. Cela n\u00e9cessite de compter les utilisateurs auxquels les informations ont \u00e9t\u00e9 affich\u00e9es par le service Booking.com, m\u00eame si cet utilisateur n\u2019a pas effectu\u00e9 de transaction.\n",
        "line_start": 0,
        "line_end": 6
    },
    "1": {
        "content": "Source document: ../data/platform-docs-versions/Booking.com_DSA-Home-Page/Developer Terms.md\nParagraph location: \n\tR\u00e8glement sur les services num\u00e9riques\n\tII. Registre des publicit\u00e9s\n\nContent: \n### II. Registre des publicit\u00e9s  \nBooking.com a cr\u00e9\u00e9 [ce registre des publicit\u00e9s](https://booking.com/ad-repository.html) afin d'\u00eatre en conformit\u00e9 avec la l\u00e9gislation europ\u00e9enne sur les services num\u00e9riques, suite \u00e0 sa d\u00e9signation en tant que \u00ab\u00a0tr\u00e8s grande plateforme en ligne\u00a0\u00bb (VLOP, pour \u00ab\u00a0very large online platform\u00a0\u00bb). Ce registre contient des informations sur les publicit\u00e9s qui ont \u00e9t\u00e9 affich\u00e9es sur le site de Booking.com.\n",
        "line_start": 12,
        "line_end": 14
    },
    "2": {
        "content": "Source document: ../data/platform-docs-versions/Booking.com_DSA-Home-Page/Developer Terms.md\nParagraph location: \n\tR\u00e8glement sur les services num\u00e9riques\n\tIII. Transparency report\n\nContent: \n### III. Transparency report  \nBooking.com has prepared a transparency report to comply with its DSA obligations. This report provides insights into the content moderation activities that we engaged in during the reporting period, including the volume and nature of content removed from our platform and removal requests received from public authorities and users. The report can be downloaded [here](https://r-xx.bstatic.com/data/mobile/dsa_transparency_report_bf3fdc24.pdf).\n",
        "line_start": 17,
        "line_end": 19
    }
}